<?xml version="1.0" encoding="UTF-8"?>
<kml xmlns="http://www.opengis.net/kml/2.2" xmlns:gx="http://www.google.com/kml/ext/2.2">
    <Document id="1">
        <Style id="4">
            <LineStyle id="5">
                <color>ff00ffff</color>
                <colorMode>normal</colorMode>
                <width>4</width>
            </LineStyle>
        </Style>
        <Style id="8">
            <IconStyle id="10">
                <color>ff00ff00</color>
                <colorMode>normal</colorMode>
                <scale>1</scale>
                <heading>0</heading>
                <Icon id="11">
                    <href>http://maps.google.com/mapfiles/kml/pushpin/ylw-pushpin.png</href>
                </Icon>
            </IconStyle>
            <LabelStyle id="9">
                <colorMode>normal</colorMode>
                <scale>1.0</scale>
            </LabelStyle>
        </Style>
        <Placemark id="3">
            <name>Full Highway Path</name>
            <styleUrl>#4</styleUrl>
            <LineString id="2">
                <tessellate>1</tessellate>
                <altitudeMode>clampToGround</altitudeMode>
                <coordinates>34.81085315366953,32.16784731936943,-598.1003159387037 34.81085315366953,32.16784731936943,-598.1003159387037 34.81085315366953,32.16784731936943,-598.1003159387037 34.81085315366953,32.16784731936943,-598.1003159387037 34.81085315366953,32.16784731936943,-598.1003159387037 34.81085315366953,32.16784731936943,-598.1003159387037 34.81085315366953,32.16784731936943,-598.1003159387037 34.81085315366953,32.16784731936943,-598.1003159387037 34.81085315366953,32.16784731936943,-598.1003159387037 34.81085315366953,32.16784731936943,-598.1003159387037 34.81085315366953,32.16784731936943,-598.1003159387037 34.81085315366953,32.16784731936943,-598.1003159387037 34.81085315366953,32.16784731936943,-598.1003159387037 34.81085315366953,32.16784731936943,-598.1003159387037 34.81085315366953,32.16784731936943,-598.1003159387037 34.81085315366953,32.16784731936943,-598.1003159387037 34.81085315366953,32.16784731936943,-598.1003159387037 34.81085315366953,32.16784731936943,-598.1003159387037 34.81085315366953,32.16784731936943,-598.1003159387037 34.81085315366953,32.16784731936943,-598.1003159387037 34.81085315366953,32.16784731936943,-598.1003159387037 34.81085315366953,32.16784731936943,-598.1003159387037 34.81085315366953,32.16784731936943,-598.1003159387037 34.81085315366953,32.16784731936943,-598.1003159387037 34.81085315366953,32.16784731936943,-598.1003159387037 34.81085315366953,32.16784731936943,-598.1003159387037 34.81085315366953,32.16784731936943,-598.1003159387037 34.81085315366953,32.16784731936943,-598.1003159387037 34.81085315366953,32.16784731936943,-598.1003159387037 34.81085315366953,32.16784731936943,-598.1003159387037 34.81085315366953,32.16784731936943,-598.1003159387037 34.81085315366953,32.16784731936943,-598.1003159387037 34.81085315366953,32.16784731936943,-598.1003159387037 34.81085315366953,32.16784731936943,-598.1003159387037 34.81085315366953,32.16784731936943,-598.1003159387037 34.81085315366953,32.16784731936943,-598.1003159387037 34.81085315366953,32.16784731936943,-598.1003159387037 34.81085315366953,32.16784731936943,-598.1003159387037 34.81085315366953,32.16784731936943,-598.1003159387037 34.81085315366953,32.16784731936943,-598.1003159387037 34.81085315366953,32.16784731936943,-598.1003159387037 34.81085315366953,32.16784731936943,-598.1003159387037 34.81085315366953,32.16784731936943,-598.1003159387037 34.81085315366953,32.16784731936943,-598.1003159387037 34.81085315366953,32.16784731936943,-598.1003159387037 34.81085315366953,32.16784731936943,-598.1003159387037 34.81085315366953,32.16784731936943,-598.1003159387037 34.81085315366953,32.16784731936943,-598.1003159387037 34.81085315366953,32.16784731936943,-598.1003159387037 34.81085315366953,32.16784731936943,-598.1003159387037 34.81085315366953,32.16784731936943,-598.1003159387037 34.81085315366953,32.16784731936943,-598.1003159387037 34.81085315366953,32.16784731936943,-598.1003159387037 34.81085315366953,32.16784731936943,-598.1003159387037 34.81085315366953,32.16784731936943,-598.1003159387037 34.81085315366953,32.16784731936943,-598.1003159387037 34.81085315366953,32.16784731936943,-598.1003159387037 34.81085315366953,32.16784731936943,-598.1003159387037 34.81085315366953,32.16784731936943,-598.1003159387037 34.81085315366953,32.16784731936943,-598.1003159387037 34.81085315366953,32.16784731936943,-598.1003159387037 34.81085315366953,32.16784731936943,-598.1003159387037 34.81085315366953,32.16784731936943,-598.1003159387037 34.81085315366953,32.16784731936943,-598.1003159387037 34.81085315366953,32.16784731936943,-598.1003159387037 34.81085315366953,32.16784731936943,-598.1003159387037 34.81085315366953,32.16784731936943,-598.1003159387037 34.81085315366953,32.16784731936943,-598.1003159387037 34.81085315366953,32.16784731936943,-598.1003159387037 34.81085315366953,32.16784731936943,-598.1003159387037 34.81085315366953,32.16784731936943,-598.1003159387037 34.81085315366953,32.16784731936943,-598.1003159387037 34.81085315366953,32.16784731936943,-598.1003159387037 34.81085315366953,32.16784731936943,-598.1003159387037 34.81085315366953,32.16784731936943,-598.1003159387037 34.81085315366953,32.16784731936943,-598.1003159387037 34.81085315366953,32.16784731936943,-598.1003159387037 34.81085315366953,32.16784731936943,-598.1003159387037 34.81085315366953,32.16784731936943,-598.1003159387037 34.81085315366953,32.16784731936943,-598.1003159387037 34.81085315366953,32.16784731936943,-598.1003159387037 34.81085315366953,32.16784731936943,-598.1003159387037 34.81085315366953,32.16784731936943,-598.1003159387037 34.81085315366953,32.16784731936943,-598.1003159387037 34.81085315366953,32.16784731936943,-598.1003159387037 34.81085315366953,32.16784731936943,-598.1003159387037 34.81085315366953,32.16784731936943,-598.1003159387037 34.81085315366953,32.16784731936943,-598.1003159387037 34.81085315366953,32.16784731936943,-598.1003159387037 34.81085315366953,32.16784731936943,-598.1003159387037 34.81085315366953,32.16784731936943,-598.1003159387037 34.81085315366953,32.16784731936943,-598.1003159387037 34.81085315366953,32.16784731936943,-598.1003159387037 34.81085315366953,32.16784731936943,-598.1003159387037 34.81085315366953,32.16784731936943,-598.1003159387037 34.81085315366953,32.16784731936943,-598.1003159387037 34.81085315366953,32.16784731936943,-598.1003159387037 34.81085315366953,32.16784731936943,-598.1003159387037 34.81085315366953,32.16784731936943,-598.1003159387037 34.81085315366953,32.16784731936943,-598.1003159387037 34.81085315366953,32.16784731936943,-598.1003159387037 34.81085315366953,32.16784731936943,-598.1003159387037 34.81085315366953,32.16784731936943,-598.1003159387037 34.81085315366953,32.16784731936943,-598.1003159387037 34.81085315366953,32.16784731936943,-598.1003159387037 34.81085315366953,32.16784731936943,-598.1003159387037 34.81085315366953,32.16784731936943,-598.1003159387037 34.81085315366953,32.16784731936943,-598.1003159387037 34.81085315366953,32.16784731936943,-598.1003159387037 34.81085315366953,32.16784731936943,-598.1003159387037 34.81085315366953,32.16784731936943,-598.1003159387037 34.81085315366953,32.16784731936943,-598.1003159387037 34.81085315366953,32.16784731936943,-598.1003159387037 34.81085315366953,32.16784731936943,-598.1003159387037 34.81085315366953,32.16784731936943,-598.1003159387037 34.81085315366953,32.16784731936943,-598.1003159387037 34.81085315366953,32.16784731936943,-598.1003159387037 34.81085315366953,32.16784731936943,-598.1003159387037 34.81085315366953,32.16784731936943,-598.1003159387037 34.81085315366953,32.16784731936943,-598.1003159387037 34.81085315366953,32.16784731936943,-598.1003159387037 34.81085315366953,32.16784731936943,-598.1003159387037 34.81085315366953,32.16784731936943,-598.1003159387037 34.81085315366953,32.16784731936943,-598.1003159387037 34.81085315366953,32.16784731936943,-598.1003159387037 34.81085315366953,32.16784731936943,-598.1003159387037 34.81085315366953,32.16784731936943,-598.1003159387037 34.81085315366953,32.16784731936943,-598.1003159387037 34.81085315366953,32.16784731936943,-598.1003159387037 34.81085315366953,32.16784731936943,-598.1003159387037 34.81085315366953,32.16784731936943,-598.1003159387037 34.81085315366953,32.16784731936943,-598.1003159387037 34.81085315366953,32.16784731936943,-598.1003159387037 34.81085315366953,32.16784731936943,-598.1003159387037 34.81085315366953,32.16784731936943,-598.1003159387037 34.81085315366953,32.16784731936943,-598.1003159387037 34.81085315366953,32.16784731936943,-598.1003159387037 34.81085315366953,32.16784731936943,-598.1003159387037 34.81085315366953,32.16784731936943,-598.1003159387037 34.81085315366953,32.16784731936943,-598.1003159387037 34.81085315366953,32.16784731936943,-598.1003159387037 34.81085315366953,32.16784731936943,-598.1003159387037 34.81085315366953,32.16784731936943,-598.1003159387037 34.81085315366953,32.16784731936943,-598.1003159387037 34.81085315366953,32.16784731936943,-598.1003159387037 34.81085315366953,32.16784731936943,-598.1003159387037 34.81085315366953,32.16784731936943,-598.1003159387037 34.81085315366953,32.16784731936943,-598.1003159387037 34.81085315366953,32.16784731936943,-598.1003159387037 34.81085315366953,32.16784731936943,-598.1003159387037 34.81085315366953,32.16784731936943,-598.1003159387037 34.81085315366953,32.16784731936943,-598.1003159387037 34.81085315366953,32.16784731936943,-598.1003159387037 34.81085315366953,32.16784731936943,-598.1003159387037 34.81085315366953,32.16784731936943,-598.1003159387037 34.81085315366953,32.16784731936943,-598.1003159387037 34.81085315366953,32.16784731936943,-598.1003159387037 34.81085315366953,32.16784731936943,-598.1003159387037 34.81085315366953,32.16784731936943,-598.1003159387037 34.81085315366953,32.16784731936943,-598.1003159387037 34.81085315366953,32.16784731936943,-598.1003159387037 34.81085315366953,32.16784731936943,-598.1003159387037 34.81085315366953,32.16784731936943,-598.1003159387037 34.81085315366953,32.16784731936943,-598.1003159387037 34.81085315366953,32.16784731936943,-598.1003159387037 34.81085315366953,32.16784731936943,-598.1003159387037 34.81085315366953,32.16784731936943,-598.1003159387037 34.81085315366953,32.16784731936943,-598.1003159387037 34.81085315366953,32.16784731936943,-598.1003159387037 34.81085315366953,32.16784731936943,-598.1003159387037 34.81085315366953,32.16784731936943,-598.1003159387037 34.81085315366953,32.16784731936943,-598.1003159387037 34.81085315366953,32.16784731936943,-598.1003159387037 34.81085315366953,32.16784731936943,-598.1003159387037 34.81085315366953,32.16784731936943,-598.1003159387037 34.81085315366953,32.16784731936943,-598.1003159387037 34.81085315366953,32.16784731936943,-598.1003159387037 34.81085315366953,32.16784731936943,-598.1003159387037 34.81085315366953,32.16784731936943,-598.1003159387037 34.81085315366953,32.16784731936943,-598.1003159387037 34.81085315366953,32.16784731936943,-598.1003159387037 34.81085315366953,32.16784731936943,-598.1003159387037 34.81085315366953,32.16784731936943,-598.1003159387037 34.81085315366953,32.16784731936943,-598.1003159387037 34.81085315366953,32.16784731936943,-598.1003159387037 34.81085315366953,32.16784731936943,-598.1003159387037 34.81085315366953,32.16784731936943,-598.1003159387037 34.81085315366953,32.16784731936943,-598.1003159387037 34.81085315366953,32.16784731936943,-598.1003159387037 34.81085315366953,32.16784731936943,-598.1003159387037 34.81085315366953,32.16784731936943,-598.1003159387037 34.81085315366953,32.16784731936943,-598.1003159387037 34.81085315366953,32.16784731936943,-598.1003159387037 34.81085315366953,32.16784731936943,-598.1003159387037 34.81085315366953,32.16784731936943,-598.1003159387037 34.81085315366953,32.16784731936943,-598.1003159387037 34.81085315366953,32.16784731936943,-598.1003159387037 34.81085315366953,32.16784731936943,-598.1003159387037 34.81085315366953,32.16784731936943,-598.1003159387037 34.81085315366953,32.16784731936943,-598.1003159387037 34.81085315366953,32.16784731936943,-598.1003159387037 34.81085315366953,32.16784731936943,-598.1003159387037 34.81085315366953,32.16784731936943,-598.1003159387037 34.81085315366953,32.16784731936943,-598.1003159387037 34.81085315366953,32.16784731936943,-598.1003159387037 34.81085315366953,32.16784731936943,-598.1003159387037 34.81085315366953,32.16784731936943,-598.1003159387037 34.81085315366953,32.16784731936943,-598.1003159387037 34.81085315366953,32.16784731936943,-598.1003159387037 34.81085315366953,32.16784731936943,-598.1003159387037 34.81085315366953,32.16784731936943,-598.1003159387037 34.81085315366953,32.16784731936943,-598.1003159387037 34.81085315366953,32.16784731936943,-598.1003159387037 34.81085315366953,32.16784731936943,-598.1003159387037 34.81085315366953,32.16784731936943,-598.1003159387037 34.81085315366953,32.16784731936943,-598.1003159387037 34.81085315366953,32.16784731936943,-598.1003159387037 34.81085315366953,32.16784731936943,-598.1003159387037 34.81085315366953,32.16784731936943,-598.1003159387037 34.81085315366953,32.16784731936943,-598.1003159387037 34.81085315366953,32.16784731936943,-598.1003159387037 34.81085315366953,32.16784731936943,-598.1003159387037 34.81085315366953,32.16784731936943,-598.1003159387037 34.81085315366953,32.16784731936943,-598.1003159387037 34.81085315366953,32.16784731936943,-598.1003159387037 34.81085315366953,32.16784731936943,-598.1003159387037 34.81085315366953,32.16784731936943,-598.1003159387037 34.81085315366953,32.16784731936943,-598.1003159387037 34.81085315366953,32.16784731936943,-598.1003159387037 34.81085315366953,32.16784731936943,-598.1003159387037 34.81085315366953,32.16784731936943,-598.1003159387037 34.81085315366953,32.16784731936943,-598.1003159387037 34.81085315366953,32.16784731936943,-598.1003159387037 34.81085315366953,32.16784731936943,-598.1003159387037 34.81085315366953,32.16784731936943,-598.1003159387037 34.81085315366953,32.16784731936943,-598.1003159387037 34.81085315366953,32.16784731936943,-598.1003159387037 34.81085315366953,32.16784731936943,-598.1003159387037 34.81085315366953,32.16784731936943,-598.1003159387037 34.81085315366953,32.16784731936943,-598.1003159387037 34.81085315366953,32.16784731936943,-598.1003159387037 34.81085315366953,32.16784731936943,-598.1003159387037 34.81085315366953,32.16784731936943,-598.1003159387037 34.81085315366953,32.16784731936943,-598.1003159387037 34.81085315366953,32.16784731936943,-598.1003159387037 34.81085315366953,32.16784731936943,-598.1003159387037 34.81085315366953,32.16784731936943,-598.1003159387037 34.81085315366953,32.16784731936943,-598.1003159387037 34.81085315366953,32.16784731936943,-598.1003159387037 34.81085315366953,32.16784731936943,-598.1003159387037 34.81085315366953,32.16784731936943,-598.1003159387037 34.81085315366953,32.16784731936943,-598.1003159387037 34.81085315366953,32.16784731936943,-598.1003159387037 34.81085315366953,32.16784731936943,-598.1003159387037 34.81085315366953,32.16784731936943,-598.1003159387037 34.81085315366953,32.16784731936943,-598.1003159387037 34.81085315366953,32.16784731936943,-598.1003159387037 34.81085315366953,32.16784731936943,-598.1003159387037 34.81085315366953,32.16784731936943,-598.1003159387037 34.81085315366953,32.16784731936943,-598.1003159387037 34.81085315366953,32.16784731936943,-598.1003159387037 34.81085315366953,32.16784731936943,-598.1003159387037 34.81085315366953,32.16784731936943,-598.1003159387037 34.81085315366953,32.16784731936943,-598.1003159387037 34.81085315366953,32.16784731936943,-598.1003159387037 34.81085315366953,32.16784731936943,-598.1003159387037 34.81085315366953,32.16784731936943,-598.1003159387037 34.81085315366953,32.16784731936943,-598.1003159387037 34.81085315366953,32.16784731936943,-598.1003159387037 34.81085315366953,32.16784731936943,-598.1003159387037 34.81085315366953,32.16784731936943,-598.1003159387037 34.81085315366953,32.16784731936943,-598.1003159387037 34.81085315366953,32.16784731936943,-598.1003159387037 34.81085315366953,32.16784731936943,-598.1003159387037 34.81085315366953,32.16784731936943,-598.1003159387037 34.81085315366953,32.16784731936943,-598.1003159387037 34.81085315366953,32.16784731936943,-598.1003159387037 34.81085315366953,32.16784731936943,-598.1003159387037 34.81085315366953,32.16784731936943,-598.1003159387037 34.81085315366953,32.16784731936943,-598.1003159387037 34.81085315366953,32.16784731936943,-598.1003159387037 34.81085315366953,32.16784731936943,-598.1003159387037 34.81085315366953,32.16784731936943,-598.1003159387037 34.81085315366953,32.16784731936943,-598.1003159387037 34.81085315366953,32.16784731936943,-598.1003159387037 34.81085315366953,32.16784731936943,-598.1003159387037 34.81085315366953,32.16784731936943,-598.1003159387037 34.81085315366953,32.16784731936943,-598.1003159387037 34.81085315366953,32.16784731936943,-598.1003159387037 34.81085315366953,32.16784731936943,-598.1003159387037 34.81085315366953,32.16784731936943,-598.1003159387037 34.81085315366953,32.16784731936943,-598.1003159387037 34.81085315366953,32.16784731936943,-598.1003159387037 34.81085315366953,32.16784731936943,-598.1003159387037 34.81085315366953,32.16784731936943,-598.1003159387037 34.81085315366953,32.16784731936943,-598.1003159387037 34.81085315366953,32.16784731936943,-598.1003159387037 34.81085315366953,32.16784731936943,-598.1003159387037 34.81085315366953,32.16784731936943,-598.1003159387037 34.81085315366953,32.16784731936943,-598.1003159387037 34.81085315366953,32.16784731936943,-598.1003159387037 34.81085315366953,32.16784731936943,-598.1003159387037 34.81085315366953,32.16784731936943,-598.1003159387037 34.81085315366953,32.16784731936943,-598.1003159387037 34.81085315366953,32.16784731936943,-598.1003159387037 34.81085315366953,32.16784731936943,-598.1003159387037 34.81085315366953,32.16784731936943,-598.1003159387037 34.81085315366953,32.16784731936943,-598.1003159387037 34.81085315366953,32.16784731936943,-598.1003159387037 34.81085315366953,32.16784731936943,-598.1003159387037 34.81085315366953,32.16784731936943,-598.1003159387037 34.81085315366953,32.16784731936943,-598.1003159387037 34.81085315366953,32.16784731936943,-598.1003159387037 34.81085315366953,32.16784731936943,-598.1003159387037 34.81085315366953,32.16784731936943,-598.1003159387037 34.81085315366953,32.16784731936943,-598.1003159387037 34.81085315366953,32.16784731936943,-598.1003159387037 34.81085315366953,32.16784731936943,-598.1003159387037 34.81085315366953,32.16784731936943,-598.1003159387037 34.81085315366953,32.16784731936943,-598.1003159387037 34.81085315366953,32.16784731936943,-598.1003159387037 34.81085315366953,32.16784731936943,-598.1003159387037 34.81085315366953,32.16784731936943,-598.1003159387037 34.81085315366953,32.16784731936943,-598.1003159387037 34.81085315366953,32.16784731936943,-598.1003159387037 34.81085315366953,32.16784731936943,-598.1003159387037 34.81085315366953,32.16784731936943,-598.1003159387037 34.81085315366953,32.16784731936943,-598.1003159387037 34.81085315366953,32.16784731936943,-598.1003159387037 34.81085315366953,32.16784731936943,-598.1003159387037 34.81085315366953,32.16784731936943,-598.1003159387037 34.81085315366953,32.16784731936943,-598.1003159387037 34.81085315366953,32.16784731936943,-598.1003159387037 34.81085315366953,32.16784731936943,-598.1003159387037 34.81085315366953,32.16784731936943,-598.1003159387037 34.81085315366953,32.16784731936943,-598.1003159387037 34.81085315366953,32.16784731936943,-598.1003159387037 34.81085315366953,32.16784731936943,-598.1003159387037 34.81085315366953,32.16784731936943,-598.1003159387037 34.81085315366953,32.16784731936943,-598.1003159387037 34.81085315366953,32.16784731936943,-598.1003159387037 34.81085315366953,32.16784731936943,-598.1003159387037 34.81085315366953,32.16784731936943,-598.1003159387037 34.81085315366953,32.16784731936943,-598.1003159387037 34.81085315366953,32.16784731936943,-598.1003159387037 34.81085315366953,32.16784731936943,-598.1003159387037 34.81085315366953,32.16784731936943,-598.1003159387037 34.81085315366953,32.16784731936943,-598.1003159387037 34.81085315366953,32.16784731936943,-598.1003159387037 34.81085315366953,32.16784731936943,-598.1003159387037 34.81085315366953,32.16784731936943,-598.1003159387037 34.81085315366953,32.16784731936943,-598.1003159387037 34.81085315366953,32.16784731936943,-598.1003159387037 34.81085315366953,32.16784731936943,-598.1003159387037 34.81085315366953,32.16784731936943,-598.1003159387037 34.81085315366953,32.16784731936943,-598.1003159387037 34.81085315366953,32.16784731936943,-598.1003159387037 34.81085315366953,32.16784731936943,-598.1003159387037 34.81085315366953,32.16784731936943,-598.1003159387037 34.81085315366953,32.16784731936943,-598.1003159387037 34.81085315366953,32.16784731936943,-598.1003159387037 34.81085315366953,32.16784731936943,-598.1003159387037 34.81085315366953,32.16784731936943,-598.1003159387037 34.81085315366953,32.16784731936943,-598.1003159387037 34.81085315366953,32.16784731936943,-598.1003159387037 34.81085315366953,32.16784731936943,-598.1003159387037 34.81085315366953,32.16784731936943,-598.1003159387037 34.81085315366953,32.16784731936943,-598.1003159387037 34.81085315366953,32.16784731936943,-598.1003159387037 34.81085315366953,32.16784731936943,-598.1003159387037 34.81085315366953,32.16784731936943,-598.1003159387037 34.81085315366953,32.16784731936943,-598.1003159387037 34.81085315366953,32.16784731936943,-598.1003159387037 34.81085315366953,32.16784731936943,-598.1003159387037 34.81085315366953,32.16784731936943,-598.1003159387037 34.81085315366953,32.16784731936943,-598.1003159387037 34.81085315366953,32.16784731936943,-598.1003159387037 34.81085315366953,32.16784731936943,-598.1003159387037 34.81085315366953,32.16784731936943,-598.1003159387037 34.81085315366953,32.16784731936943,-598.1003159387037 34.81085315366953,32.16784731936943,-598.1003159387037 34.81085315366953,32.16784731936943,-598.1003159387037 34.81085315366953,32.16784731936943,-598.1003159387037 34.81085315366953,32.16784731936943,-598.1003159387037 34.81085315366953,32.16784731936943,-598.1003159387037 34.81085315366953,32.16784731936943,-598.1003159387037 34.81085315366953,32.16784731936943,-598.1003159387037 34.81085315366953,32.16784731936943,-598.1003159387037 34.81085315366953,32.16784731936943,-598.1003159387037 34.81085315366953,32.16784731936943,-598.1003159387037 34.81085315366953,32.16784731936943,-598.1003159387037 34.81085315366953,32.16784731936943,-598.1003159387037 34.81085315366953,32.16784731936943,-598.1003159387037 34.81085315366953,32.16784731936943,-598.1003159387037 34.81085315366953,32.16784731936943,-598.1003159387037 34.81085315366953,32.16784731936943,-598.1003159387037 34.81085315366953,32.16784731936943,-598.1003159387037 34.81085315366953,32.16784731936943,-598.1003159387037 34.81085315366953,32.16784731936943,-598.1003159387037 34.81085315366953,32.16784731936943,-598.1003159387037 34.81085315366953,32.16784731936943,-598.1003159387037 34.81085315366953,32.16784731936943,-598.1003159387037 34.81085315366953,32.16784731936943,-598.1003159387037 34.81085315366953,32.16784731936943,-598.1003159387037 34.81085315366953,32.16784731936943,-598.1003159387037 34.81085315366953,32.16784731936943,-598.1003159387037 34.81085315366953,32.16784731936943,-598.1003159387037 34.81085315366953,32.16784731936943,-598.1003159387037 34.81085315366953,32.16784731936943,-598.1003159387037 34.81085315366953,32.16784731936943,-598.1003159387037 34.81085315366953,32.16784731936943,-598.1003159387037 34.81085315366953,32.16784731936943,-598.1003159387037 34.81085315366953,32.16784731936943,-598.1003159387037 34.81085315366953,32.16784731936943,-598.1003159387037 34.81085315366953,32.16784731936943,-598.1003159387037 34.81085315366953,32.16784731936943,-598.1003159387037 34.81085315366953,32.16784731936943,-598.1003159387037 34.81085315366953,32.16784731936943,-598.1003159387037 34.81085315366953,32.16784731936943,-598.1003159387037 34.81085315366953,32.16784731936943,-598.1003159387037 34.81085315366953,32.16784731936943,-598.1003159387037 34.81085315366953,32.16784731936943,-598.1003159387037 34.81085315366953,32.16784731936943,-598.1003159387037 34.81085315366953,32.16784731936943,-598.1003159387037 34.81085315366953,32.16784731936943,-598.1003159387037 34.81085315366953,32.16784731936943,-598.1003159387037 34.81085315366953,32.16784731936943,-598.1003159387037 34.81085315366953,32.16784731936943,-598.1003159387037 34.81085315366953,32.16784731936943,-598.1003159387037 34.81085315366953,32.16784731936943,-598.1003159387037 34.81085315366953,32.16784731936943,-598.1003159387037 34.81085315366953,32.16784731936943,-598.1003159387037 34.81085315366953,32.16784731936943,-598.1003159387037 34.81085315366953,32.16784731936943,-598.1003159387037 34.81085315366953,32.16784731936943,-598.1003159387037 34.81085315366953,32.16784731936943,-598.1003159387037 34.81085315366953,32.16784731936943,-598.1003159387037 34.81085315366953,32.16784731936943,-598.1003159387037 34.81085315366953,32.16784731936943,-598.1003159387037 34.81085315366953,32.16784731936943,-598.1003159387037 34.81085315366953,32.16784731936943,-598.1003159387037 34.81085315366953,32.16784731936943,-598.1003159387037 34.81085315366953,32.16784731936943,-598.1003159387037 34.81085315366953,32.16784731936943,-598.1003159387037 34.81085315366953,32.16784731936943,-598.1003159387037 34.81085315366953,32.16784731936943,-598.1003159387037 34.81085315366953,32.16784731936943,-598.1003159387037 34.81085315366953,32.16784731936943,-598.1003159387037 34.81085315366953,32.16784731936943,-598.1003159387037 34.81085315366953,32.16784731936943,-598.1003159387037 34.81085315366953,32.16784731936943,-598.1003159387037 34.81085315366953,32.16784731936943,-598.1003159387037 34.81085315366953,32.16784731936943,-598.1003159387037 34.81085315366953,32.16784731936943,-598.1003159387037 34.81085315366953,32.16784731936943,-598.1003159387037 34.81085315366953,32.16784731936943,-598.1003159387037 34.81085315366953,32.16784731936943,-598.1003159387037 34.81085315366953,32.16784731936943,-598.1003159387037 34.81085315366953,32.16784731936943,-598.1003159387037 34.81085315366953,32.16784731936943,-598.1003159387037 34.81085315366953,32.16784731936943,-598.1003159387037 34.81085315366953,32.16784731936943,-598.1003159387037 34.81085315366953,32.16784731936943,-598.1003159387037 34.81085315366953,32.16784731936943,-598.1003159387037 34.81085315366953,32.16784731936943,-598.1003159387037 34.81085315366953,32.16784731936943,-598.1003159387037 34.81085315366953,32.16784731936943,-598.1003159387037 34.81085315366953,32.16784731936943,-598.1003159387037 34.81085315366953,32.16784731936943,-598.1003159387037 34.81085315366953,32.16784731936943,-598.1003159387037 34.81085315366953,32.16784731936943,-598.1003159387037 34.81085315366953,32.16784731936943,-598.1003159387037 34.81085315366953,32.16784731936943,-598.1003159387037 34.81085315366953,32.16784731936943,-598.1003159387037 34.81085315366953,32.16784731936943,-598.1003159387037 34.81085315366953,32.16784731936943,-598.1003159387037 34.81085315366953,32.16784731936943,-598.1003159387037 34.81085315366953,32.16784731936943,-598.1003159387037 34.81085315366953,32.16784731936943,-598.1003159387037 34.81085315366953,32.16784731936943,-598.1003159387037 34.81085315366953,32.16784731936943,-598.1003159387037 34.81085315366953,32.16784731936943,-598.1003159387037 34.81085315366953,32.16784731936943,-598.1003159387037 34.81085315366953,32.16784731936943,-598.1003159387037 34.81085315366953,32.16784731936943,-598.1003159387037 34.81085315366953,32.16784731936943,-598.1003159387037 34.80997728997803,32.16618440431979,-598.1003159387037 34.809101426286524,32.16452148927015,-598.1003159387037 34.80825036893647,32.16285109228335,-598.1003159387037 34.80744257770013,32.16125417204599,53.30475908238441 34.80663478646379,32.15965725180864,53.30475908238441 34.80582699522744,32.158060331571285,54.623850686475635 34.8050192039911,32.15646341133393,58.67963254079223 34.80421141275476,32.15486649109657,58.67963254079223 34.804279485209925,32.15493248590886,58.67963254079223 34.80434755766508,32.15499848072114,58.67963254079223 34.804390823778796,32.15507195747058,58.67963254079223 34.804390823778796,32.15507195747058,58.67963254079223 34.804390823778796,32.15507195747058,58.67963254079223 34.804390823778796,32.15507195747058,58.67963254079223 34.804390823778796,32.15507195747058,58.67963254079223 34.804390823778796,32.15507195747058,58.67963254079223 34.804390823778796,32.15507195747058,58.67963254079223 34.804390823778796,32.15507195747058,58.67963254079223 34.804390823778796,32.15507195747058,58.67963254079223 34.804390823778796,32.15507195747058,58.67963254079223 34.804390823778796,32.15507195747058,58.67963254079223 34.804390823778796,32.15507195747058,58.67963254079223 34.804390823778796,32.15507195747058,58.67963254079223 34.804390823778796,32.15507195747058,58.67963254079223 34.804390823778796,32.15507195747058,58.67963254079223 34.804390823778796,32.15507195747058,58.67963254079223 34.804390823778796,32.15507195747058,58.67963254079223 34.804390823778796,32.15507195747058,58.67963254079223 34.804464426115786,32.15455654746067,58.67963254079223 34.80453802845277,32.15404113745077,58.67963254079223 34.80459493086773,32.15350177953544,58.67963254079223 34.80463811813629,32.15293666976177,77.59203963074833 34.80467246818163,32.15235359027467,77.59203963074833 34.804691633247415,32.151748625427906,66.17184762097895 34.804703941638685,32.15112579300335,63.1858391398564 34.80470301727519,32.15048347578431,62.81363409105688 34.80461365173248,32.15033351039372,54.57242248766124 34.80452428618978,32.150183545003145,52.03671563509852 34.80443567835707,32.15002010219264,50.33396983332932 34.80434701844024,32.14985315709097,55.36823583301157 34.80425542469356,32.14968200058695,55.36823583301157 34.8041688119236,32.149511450496554,56.4304819451645 34.80408514072033,32.14934392678008,53.76621429808438 34.80401470227183,32.149195887858085,46.60015761293471 34.803949074914016,32.14905300176291,47.47756343334913 34.80387576943588,32.148896941765344,43.247833577916026 34.803818171341696,32.14876872621207,43.247833577916026 34.80377186132861,32.148656776398056,45.681476874276996 34.803733572038155,32.14855675357633,47.92664693295956 34.80370271746623,32.14846957897231,40.97296618577093 34.803666668005036,32.148383511809655,42.44080250617117 34.803632627063024,32.14828791289413,44.858743977732956 34.80360861387254,32.148210219333244,45.63471515569836 34.803583404631915,32.14811866194106,52.33795299753547 34.80354633224143,32.14801010721506,44.87419171910733 34.80350606913141,32.147895879238646,44.87419171910733 34.80346955635182,32.147791905385745,34.633273349143565 34.80343205281851,32.14767240266484,41.753408996388316 34.80340035815107,32.14755466244584,38.88705239072442 34.80336289358311,32.147431466636604,38.88705239072442 34.803313488589126,32.14728550604464,35.09897497482598 34.80325950307092,32.14714324900494,31.47713174112141 34.80321363256598,32.147009109401964,28.272469256073236 34.803164566108464,32.14687457678258,31.35805628914386 34.803111664901365,32.14672240636722,38.92995584290475 34.80305323055324,32.14657499881889,34.67496691644192 34.80299713515649,32.146422985260614,36.81768093816936 34.80293306521855,32.146263206614975,32.19135375227779 34.80288307213306,32.146109312521446,35.40931994561106 34.80284653374227,32.145978752609345,27.003714398480952 34.80281397831613,32.14586665347538,40.07271296810359 34.80276956760261,32.14574337259175,26.48175699543208 34.80272899163869,32.145637729504095,26.48175699543208 34.8026977088538,32.14555128314572,26.48175699543208 34.80266738824877,32.1454814140579,25.85663186106831 34.80264880356626,32.14543429740057,25.85663186106831 34.80262808245733,32.14540406097383,25.85663186106831 34.80260736134841,32.1453738245471,25.85663186106831 34.80258664023948,32.14534358812037,25.85663186106831 34.80258664023948,32.14534358812037,25.85663186106831 34.80258664023948,32.14534358812037,25.85663186106831 34.80258664023948,32.14534358812037,25.85663186106831 34.80258664023948,32.14534358812037,25.85663186106831 34.80258664023948,32.14534358812037,25.85663186106831 34.80258664023948,32.14534358812037,25.85663186106831 34.802656869331294,32.14469209344941,25.85663186106831 34.802739427672066,32.14404053137562,25.85663186106831 34.802838848594156,32.14339418280665,25.85663186106831 34.8029905916403,32.1427547227158,44.6655612597242 34.80318132359878,32.14211811148838,49.133668285794556 34.8034086488969,32.141482833678765,51.69554236996919 34.80366489060404,32.14084977200738,51.59477206040174 34.803953937187046,32.140221566012954,53.39918540045619 34.80420157411336,32.14024158643073,49.29313308931887 34.805258527411226,32.14021755680871,56.41106849256903 34.806298618127784,32.140188313681854,54.28303207736462 34.82000121542979,32.15236458449105,70.82559893466532 34.83366482381946,32.16453800643681,-334.83513568900526 34.834989241501965,32.1643001789511,-334.83513568900526 34.836297867725925,32.1640643014848,-16369.485002501868 34.83759622615285,32.163825877610726,-16369.485002501868 34.83889126021695,32.16359384833121,48.76795438118279 34.83939606474421,32.16341076394303,52.27308269869536 34.83993063050747,32.16322987640614,54.27684762701392 34.82778117585292,32.15083816674367,52.30822059046477 34.8156635263408,32.138449213250915,54.645170509815216 34.815911785154874,32.138469579809275,57.57468847371638 34.81614691901845,32.138485780210004,58.28762867953628 34.816359515803214,32.13849967134153,53.56887464877218 34.81654661751568,32.13851043613725,69.28664435073733 34.81670230314445,32.138516373484286,69.28664435073733 34.81682822753723,32.138520113980036,69.28664435073733 34.816923343638315,32.138522274187196,69.28664435073733 34.81698665459696,32.138521678224635,69.28664435073733 34.81698665459696,32.138521678224635,69.28664435073733 34.81698665459696,32.138521678224635,69.28664435073733 34.81698665459696,32.138521678224635,69.28664435073733 34.81698665459696,32.138521678224635,69.28664435073733 34.833078827358406,32.136940414065535,69.28664435073733 34.84917100011986,32.13535914990644,69.28664435073733 34.85089873856809,32.13503027667079,69.28664435073733 34.85264357751214,32.134697278466845,-21907.45595769491 34.85441052350768,32.13435559470617,-21907.45595769491 34.85620001292161,32.134004854840796,80.69778299611062 34.858018598890425,32.13363669954327,86.2401514807716 34.859865145536126,32.13325524645266,87.7598023423925 34.84564860932832,32.134436544439524,95.03578981291503 34.83146558217015,32.13559859159692,91.0403336212039 34.831674504908854,32.135491769634385,89.81408812943846 34.831866327151744,32.135389072640145,89.5988457929343 34.83203604234313,32.13529506120263,87.12409233860672 34.83218321411613,32.135210105869824,88.94866869412363 34.83230128933425,32.13514256596916,88.94866869412363 34.832391403875484,32.13508832386159,88.94866869412363 34.83245242850877,32.135052594835635,88.94866869412363 34.83247994409242,32.13503611663915,88.94866869412363 34.83247994409242,32.13503611663915,88.94866869412363 34.83247994409242,32.13503611663915,88.94866869412363 34.83247994409242,32.13503611663915,88.94866869412363 34.83247994409242,32.13503611663915,88.94866869412363 34.83247994409242,32.13503611663915,88.94866869412363 34.83247994409242,32.13503611663915,88.94866869412363 34.83247994409242,32.13503611663915,88.94866869412363 34.83247994409242,32.13503611663915,88.94866869412363 34.83247994409242,32.13503611663915,88.94866869412363 34.83247994409242,32.13503611663915,88.94866869412363 34.83247994409242,32.13503611663915,88.94866869412363 34.83247994409242,32.13503611663915,88.94866869412363 34.83247994409242,32.13503611663915,88.94866869412363 34.83247994409242,32.13503611663915,88.94866869412363 34.83247994409242,32.13503611663915,88.94866869412363 34.83247994409242,32.13503611663915,88.94866869412363 34.83247994409242,32.13503611663915,88.94866869412363 34.83247994409242,32.13503611663915,88.94866869412363 34.83247994409242,32.13503611663915,88.94866869412363 34.83247994409242,32.13503611663915,88.94866869412363 34.83247994409242,32.13503611663915,88.94866869412363 34.83247994409242,32.13503611663915,88.94866869412363 34.83247994409242,32.13503611663915,88.94866869412363 34.83247994409242,32.13503611663915,88.94866869412363 34.83247994409242,32.13503611663915,88.94866869412363 34.83247994409242,32.13503611663915,88.94866869412363 34.83247994409242,32.13503611663915,88.94866869412363 34.83247994409242,32.13503611663915,88.94866869412363 34.83247994409242,32.13503611663915,88.94866869412363 34.83247994409242,32.13503611663915,88.94866869412363 34.83247994409242,32.13503611663915,88.94866869412363 34.83247994409242,32.13503611663915,88.94866869412363 34.83247994409242,32.13503611663915,88.94866869412363 34.83247994409242,32.13503611663915,88.94866869412363 34.83247994409242,32.13503611663915,88.94866869412363 34.83247994409242,32.13503611663915,88.94866869412363 34.83247994409242,32.13503611663915,88.94866869412363 34.83247994409242,32.13503611663915,88.94866869412363 34.83432812142577,32.13428232755141,88.94866869412363 34.83617629875912,32.133528538463665,88.94866869412363 34.83802447609247,32.132774749375926,88.94866869412363 34.83987265342583,32.13202096028818,-221.39602309837937 34.84172083075917,32.13126717120044,-221.39602309837937 34.84356900809253,32.130513382112696,-221.39602309837937 34.84541718542588,32.12975959302496,-221.39602309837937 34.84726536275923,32.12900580393721,-221.39602309837937 34.84726536275923,32.12900580393721,-221.39602309837937 34.84726536275923,32.12900580393721,-221.39602309837937 34.84726536275923,32.12900580393721,-221.39602309837937 34.84726536275923,32.12900580393721,-221.39602309837937 34.84726536275923,32.12900580393721,-221.39602309837937 34.84726536275923,32.12900580393721,-221.39602309837937 34.84726536275923,32.12900580393721,-221.39602309837937 34.84726536275923,32.12900580393721,-221.39602309837937 34.84726536275923,32.12900580393721,-221.39602309837937 34.84726536275923,32.12900580393721,-221.39602309837937 34.84726536275923,32.12900580393721,-221.39602309837937 34.84726536275923,32.12900580393721,-221.39602309837937 34.84726536275923,32.12900580393721,-221.39602309837937 34.84726536275923,32.12900580393721,-221.39602309837937 34.84726536275923,32.12900580393721,-221.39602309837937 34.84726536275923,32.12900580393721,-221.39602309837937 34.84726536275923,32.12900580393721,-221.39602309837937 34.84726536275923,32.12900580393721,-221.39602309837937 34.84726536275923,32.12900580393721,-221.39602309837937 34.84726536275923,32.12900580393721,-221.39602309837937 34.84726536275923,32.12900580393721,-221.39602309837937 34.82168842489826,32.12815858694378,-221.39602309837937 34.796111487037294,32.12731136995035,-221.39602309837937 34.770534549176325,32.12646415295691,-221.39602309837937 34.74495761131536,32.125616935963485,35259.87944331393 34.74641348643387,32.12486949880632,35259.87944331393 34.747887540611906,32.12411633230265,35259.87944331393 34.74938422762348,32.12335273003679,35259.87944331393 34.750903788245864,32.12258048048601,80.79287120699883 34.77802708773773,32.12265058844365,74.68787746503949 34.805178102416825,32.12271177235077,79.03338501509279 34.83235995246751,32.122759493788536,78.74375539273024 34.85956949614232,32.12279741076364,73.30875912494957 34.85977715521261,32.12271707731049,71.04268718510866 34.85999344916402,32.122633163662066,66.01189581397921 34.860216632007784,32.1225429082263,64.54290556628257 34.86044617001244,32.12244748810509,55.482151944190264 34.86064890700859,32.12235692746888,65.71345180273056 34.86082392881751,32.122275290883195,59.51047060173005 34.860968115254835,32.12220711676685,58.413204678334296 34.86108460806804,32.12214874711319,58.413204678334296 34.86117017250628,32.1221088480515,58.413204678334296 34.861228923003885,32.122078258531594,58.413204678334296 34.8612581517756,32.12206444656121,58.413204678334296 34.8612581517756,32.12206444656121,58.413204678334296 34.8612581517756,32.12206444656121,58.413204678334296 34.8612581517756,32.12206444656121,58.413204678334296 34.8612581517756,32.12206444656121,58.413204678334296 34.8612581517756,32.12206444656121,58.413204678334296 34.8612581517756,32.12206444656121,58.413204678334296 34.8612581517756,32.12206444656121,58.413204678334296 34.8612581517756,32.12206444656121,58.413204678334296 34.8612581517756,32.12206444656121,58.413204678334296 34.8612581517756,32.12206444656121,58.413204678334296 34.8612581517756,32.12206444656121,58.413204678334296 34.8612581517756,32.12206444656121,58.413204678334296 34.8612581517756,32.12206444656121,58.413204678334296 34.8612581517756,32.12206444656121,58.413204678334296 34.864104058140114,32.11047329922468,58.413204678334296 34.866949964504634,32.09888215188815,58.413204678334296 34.86979587086915,32.08729100455161,58.413204678334296 34.87264177723366,32.07569985721508,-2125.2909427033737 34.87548768359817,32.064108709878546,-2125.2909427033737 34.87833358996269,32.052517562542015,-2125.2909427033737 34.881179496327206,32.040926415205476,-2125.2909427033737 34.88402540269172,32.029335267868944,-2125.2909427033737 34.88402540269172,32.029335267868944,-2125.2909427033737 34.88402540269172,32.029335267868944,-2125.2909427033737 34.88402540269172,32.029335267868944,-2125.2909427033737 34.88402540269172,32.029335267868944,-2125.2909427033737 34.88402540269172,32.029335267868944,-2125.2909427033737 34.88402540269172,32.029335267868944,-2125.2909427033737 34.88402540269172,32.029335267868944,-2125.2909427033737 34.88402540269172,32.029335267868944,-2125.2909427033737 34.88402540269172,32.029335267868944,-2125.2909427033737 34.88402540269172,32.029335267868944,-2125.2909427033737 34.88402540269172,32.029335267868944,-2125.2909427033737 34.88402540269172,32.029335267868944,-2125.2909427033737 34.88402540269172,32.029335267868944,-2125.2909427033737 34.88402540269172,32.029335267868944,-2125.2909427033737 34.88402540269172,32.029335267868944,-2125.2909427033737 34.88402540269172,32.029335267868944,-2125.2909427033737 34.88402540269172,32.029335267868944,-2125.2909427033737 34.88402540269172,32.029335267868944,-2125.2909427033737 34.88402540269172,32.029335267868944,-2125.2909427033737 34.88402540269172,32.029335267868944,-2125.2909427033737 34.88402540269172,32.029335267868944,-2125.2909427033737 34.88402540269172,32.029335267868944,-2125.2909427033737 34.88402540269172,32.029335267868944,-2125.2909427033737 34.88402540269172,32.029335267868944,-2125.2909427033737 34.88402540269172,32.029335267868944,-2125.2909427033737 34.88402540269172,32.029335267868944,-2125.2909427033737 34.88402540269172,32.029335267868944,-2125.2909427033737 34.88402540269172,32.029335267868944,-2125.2909427033737 34.88402540269172,32.029335267868944,-2125.2909427033737 34.88402540269172,32.029335267868944,-2125.2909427033737 34.88402540269172,32.029335267868944,-2125.2909427033737 34.88402540269172,32.029335267868944,-2125.2909427033737 34.88402540269172,32.029335267868944,-2125.2909427033737 34.88382484655959,32.04049901361545,-2125.2909427033737 34.883673876148926,32.05168436007206,-2125.2909427033737 34.88357867852915,32.06288953499355,-2125.2909427033737 34.883483480909376,32.07409470991504,44.385037946514785 34.8833882832896,32.08529988483653,50.6324221175164 34.88329308566982,32.096505059758016,44.26801207102835 34.88319788805005,32.10771023467951,44.26801207102835 34.88310269043027,32.118915409601,44.26801207102835 34.88320804894262,32.11895683877598,44.26801207102835 34.88326382173351,32.118976667240865,44.26801207102835 34.88326382173351,32.118976667240865,44.26801207102835 34.88326382173351,32.118976667240865,44.26801207102835 34.88326382173351,32.118976667240865,44.26801207102835 34.88326382173351,32.118976667240865,44.26801207102835 34.88326382173351,32.118976667240865,44.26801207102835 34.88326382173351,32.118976667240865,44.26801207102835 34.88326382173351,32.118976667240865,44.26801207102835 34.88326382173351,32.118976667240865,44.26801207102835 34.88326382173351,32.118976667240865,44.26801207102835 34.88326382173351,32.118976667240865,44.26801207102835 34.88326382173351,32.118976667240865,44.26801207102835 34.88326382173351,32.118976667240865,44.26801207102835 34.88326382173351,32.118976667240865,44.26801207102835 34.88326382173351,32.118976667240865,44.26801207102835 34.88326382173351,32.118976667240865,44.26801207102835 34.88326382173351,32.118976667240865,44.26801207102835 34.88326382173351,32.118976667240865,44.26801207102835 34.88466783594051,32.11943824546789,44.26801207102835 34.886068932380056,32.119877962529,44.26801207102835 34.887486949207975,32.1203084232574,44.26801207102835 34.888924920863055,32.120727344608895,11.288658439181745 34.89039566739947,32.121142454525206,31.393444773741066 34.891902850854336,32.121551333050036,35.69578750617802 34.89344371791243,32.12195355194404,50.966468293219805 34.89502377204416,32.12235282080488,52.31636065617204 34.8952375119735,32.122288008014316,66.42247264552861 34.89548556446524,32.12223311522842,63.79292677436024 34.895716696568606,32.12218747877524,55.865329870954156 34.89592787384482,32.122153381698965,54.72614397294819 34.89610627623969,32.12212309605788,69.17558072134852 34.89624824171611,32.12209904180826,69.17558072134852 34.8963565235893,32.12208164718948,69.17558072134852 34.89642561838886,32.12206720260387,69.17558072134852 34.896457013183806,32.12205526144263,69.17558072134852 34.897065650893964,32.122004845474805,69.17558072134852 34.89768476459483,32.1219494715934,69.17558072134852 34.89832671699598,32.12188532770189,69.17558072134852 34.898968669397135,32.12182118381038,40.43302052561194 34.89961062179829,32.12175703991887,43.535102657973766 34.90034517768202,32.12167929392574,50.90568196494132 34.90107973356575,32.121601547932606,50.90568196494132 34.90181428944948,32.121523801939475,50.90568196494132 34.90244122975408,32.12143367964725,57.42512058559805 34.903057694067975,32.12134851526861,57.42512058559805 34.90366368803868,32.121271934936715,57.42512058559805 34.904290589304274,32.121192402064196,23.604249650612473 34.904976761389555,32.12110320089501,23.604249650612473 34.90594523186192,32.12096565771959,32.15340406540781 34.906932390285824,32.120828769482145,41.32993927318603 34.907942145205794,32.12069399315035,36.18364357016981 34.908474785330554,32.120618636214324,90.61944781336933 34.90903742334551,32.120540861073856,72.74187636934221 34.90962205177738,32.120453262424945,58.272403974086046 34.91021271773399,32.120362306716096,59.404791546054184 34.91078016424691,32.12027565562336,59.45800258312374 34.9110124065987,32.12024305366376,59.13494829367846 34.91125625578827,32.12020176849091,66.5836818460375 34.91151578952944,32.12015092309249,65.08753229584545 34.91177903450887,32.12009447656067,57.12624766584486 34.912045122361135,32.1200314904675,61.79339178837836 34.91231176818465,32.11996933928912,54.19597309269011 34.91258191268829,32.11990314433024,65.69401729665697 34.91284617863431,32.119831881306396,64.94988716766238 34.91310499935259,32.11975725927597,57.76199598517269 34.913371143036464,32.11967979153383,61.85393486358225 34.9136348581779,32.11960086784893,61.222336436621845 34.913906325832514,32.119520355915796,61.02776688057929 34.914177156571355,32.119439220611696,54.04618341010064 34.91444467581197,32.11935773742049,51.224995508790016 34.914713939507386,32.11927466852106,48.32643654756248 34.914985214000865,32.11919240460861,50.22125724796206 34.915251700671845,32.119111675555786,52.76774954982102 34.91551472712549,32.119031902090946,56.86416199058294 34.9157734987631,32.118950057825366,55.472411398775876 34.916027019883586,32.118868999123904,59.89967166259885 34.91627970757152,32.118786540188765,56.97142253257334 34.9165346294597,32.11870438581102,60.03432991635054 34.9167863852327,32.118623615994125,65.15882843080908 34.91703721866519,32.118542371015536,66.75350847188383 34.91725858743938,32.118470845158605,64.55078812222928 34.917445798676,32.11840923770072,72.14101070165634 34.91760141222342,32.11835860530623,70.13800978753716 34.91772690520072,32.11831774960039,70.13800978753716 34.917821027763324,32.118287875265004,70.13800978753716 34.91788131087862,32.11826721881633,70.13800978753716 34.917912572154556,32.118257116896096,70.13800978753716 34.917912572154556,32.118257116896096,70.13800978753716 34.917912572154556,32.118257116896096,70.13800978753716 34.917912572154556,32.118257116896096,70.13800978753716 34.917912572154556,32.118257116896096,70.13800978753716 34.917912572154556,32.118257116896096,70.13800978753716 34.917912572154556,32.118257116896096,70.13800978753716 34.917912572154556,32.118257116896096,70.13800978753716 34.917912572154556,32.118257116896096,70.13800978753716 34.917912572154556,32.118257116896096,70.13800978753716 34.917912572154556,32.118257116896096,70.13800978753716 34.917912572154556,32.118257116896096,70.13800978753716 34.917912572154556,32.118257116896096,70.13800978753716 34.917912572154556,32.118257116896096,70.13800978753716 34.917912572154556,32.118257116896096,70.13800978753716 34.917912572154556,32.118257116896096,70.13800978753716 34.917912572154556,32.118257116896096,70.13800978753716 34.917912572154556,32.118257116896096,70.13800978753716 34.917912572154556,32.118257116896096,70.13800978753716 34.917912572154556,32.118257116896096,70.13800978753716 34.917912572154556,32.118257116896096,70.13800978753716 34.917912572154556,32.118257116896096,70.13800978753716 34.917912572154556,32.118257116896096,70.13800978753716 34.917912572154556,32.118257116896096,70.13800978753716 34.917912572154556,32.118257116896096,70.13800978753716 34.917912572154556,32.118257116896096,70.13800978753716 34.917912572154556,32.118257116896096,70.13800978753716 34.917912572154556,32.118257116896096,70.13800978753716 34.917912572154556,32.118257116896096,70.13800978753716 34.917912572154556,32.118257116896096,70.13800978753716 34.917912572154556,32.118257116896096,70.13800978753716 34.917912572154556,32.118257116896096,70.13800978753716 34.917912572154556,32.118257116896096,70.13800978753716 34.917912572154556,32.118257116896096,70.13800978753716 34.917912572154556,32.118257116896096,70.13800978753716 34.917912572154556,32.118257116896096,70.13800978753716 34.91995246659579,32.11799057915482,70.13800978753716 34.922009689798735,32.1177227699097,70.13800978753716 34.92518717882474,32.1174021603693,70.13800978753716 34.92836466785075,32.117081550828914,5.5015987465158105 34.93154215687676,32.11676094128852,-0.6780531071126461 34.93471964590276,32.11644033174812,-272.4174419362098 34.93789713492877,32.11611972220773,-272.4174419362098 34.941074623954776,32.11579911266733,-272.4174419362098 34.94221221853955,32.11574504086822,-272.4174419362098 34.943332484362614,32.11569224057294,-272.4174419362098 34.943332484362614,32.11569224057294,-272.4174419362098 34.943332484362614,32.11569224057294,-272.4174419362098 34.943332484362614,32.11569224057294,-272.4174419362098 34.943332484362614,32.11569224057294,-272.4174419362098 34.943332484362614,32.11569224057294,-272.4174419362098 34.943332484362614,32.11569224057294,-272.4174419362098 34.943332484362614,32.11569224057294,-272.4174419362098 34.943332484362614,32.11569224057294,-272.4174419362098 34.943332484362614,32.11569224057294,-272.4174419362098 34.943332484362614,32.11569224057294,-272.4174419362098 34.943332484362614,32.11569224057294,-272.4174419362098 34.943332484362614,32.11569224057294,-272.4174419362098 34.943332484362614,32.11569224057294,-272.4174419362098 34.943332484362614,32.11569224057294,-272.4174419362098 34.943332484362614,32.11569224057294,-272.4174419362098 34.943332484362614,32.11569224057294,-272.4174419362098 34.943332484362614,32.11569224057294,-272.4174419362098 34.943332484362614,32.11569224057294,-272.4174419362098 34.943332484362614,32.11569224057294,-272.4174419362098 34.943332484362614,32.11569224057294,-272.4174419362098 34.943332484362614,32.11569224057294,-272.4174419362098 34.943332484362614,32.11569224057294,-272.4174419362098 34.943332484362614,32.11569224057294,-272.4174419362098 34.943332484362614,32.11569224057294,-272.4174419362098 34.943332484362614,32.11569224057294,-272.4174419362098 34.943332484362614,32.11569224057294,-272.4174419362098 34.943332484362614,32.11569224057294,-272.4174419362098 34.943332484362614,32.11569224057294,-272.4174419362098 34.943332484362614,32.11569224057294,-272.4174419362098 34.943332484362614,32.11569224057294,-272.4174419362098 34.943332484362614,32.11569224057294,-272.4174419362098 34.943332484362614,32.11569224057294,-272.4174419362098 34.943332484362614,32.11569224057294,-272.4174419362098 34.943332484362614,32.11569224057294,-272.4174419362098 34.943332484362614,32.11569224057294,-272.4174419362098 34.943332484362614,32.11569224057294,-272.4174419362098 34.943332484362614,32.11569224057294,-272.4174419362098 34.943332484362614,32.11569224057294,-272.4174419362098 34.943332484362614,32.11569224057294,-272.4174419362098 34.943332484362614,32.11569224057294,-272.4174419362098 34.943332484362614,32.11569224057294,-272.4174419362098 34.943332484362614,32.11569224057294,-272.4174419362098 34.943332484362614,32.11569224057294,-272.4174419362098 34.943332484362614,32.11569224057294,-272.4174419362098 34.943332484362614,32.11569224057294,-272.4174419362098 34.943332484362614,32.11569224057294,-272.4174419362098 34.943332484362614,32.11569224057294,-272.4174419362098 34.943332484362614,32.11569224057294,-272.4174419362098 34.943332484362614,32.11569224057294,-272.4174419362098 34.943332484362614,32.11569224057294,-272.4174419362098 34.943332484362614,32.11569224057294,-272.4174419362098 34.943332484362614,32.11569224057294,-272.4174419362098 34.943332484362614,32.11569224057294,-272.4174419362098 34.943332484362614,32.11569224057294,-272.4174419362098 34.943332484362614,32.11569224057294,-272.4174419362098 34.943332484362614,32.11569224057294,-272.4174419362098 34.943332484362614,32.11569224057294,-272.4174419362098 34.943332484362614,32.11569224057294,-272.4174419362098 34.943332484362614,32.11569224057294,-272.4174419362098 34.943332484362614,32.11569224057294,-272.4174419362098 34.943332484362614,32.11569224057294,-272.4174419362098 34.943332484362614,32.11569224057294,-272.4174419362098 34.943332484362614,32.11569224057294,-272.4174419362098 34.943332484362614,32.11569224057294,-272.4174419362098 34.943332484362614,32.11569224057294,-272.4174419362098 34.943332484362614,32.11569224057294,-272.4174419362098 34.943332484362614,32.11569224057294,-272.4174419362098 34.943332484362614,32.11569224057294,-272.4174419362098 34.943332484362614,32.11569224057294,-272.4174419362098 34.943332484362614,32.11569224057294,-272.4174419362098 34.943332484362614,32.11569224057294,-272.4174419362098 34.943332484362614,32.11569224057294,-272.4174419362098 34.943332484362614,32.11569224057294,-272.4174419362098 34.943332484362614,32.11569224057294,-272.4174419362098 34.943332484362614,32.11569224057294,-272.4174419362098 34.943332484362614,32.11569224057294,-272.4174419362098 34.943332484362614,32.11569224057294,-272.4174419362098 34.943332484362614,32.11569224057294,-272.4174419362098 34.943332484362614,32.11569224057294,-272.4174419362098 34.943332484362614,32.11569224057294,-272.4174419362098 34.943332484362614,32.11569224057294,-272.4174419362098 34.943332484362614,32.11569224057294,-272.4174419362098 34.943332484362614,32.11569224057294,-272.4174419362098 34.943332484362614,32.11569224057294,-272.4174419362098 34.943332484362614,32.11569224057294,-272.4174419362098 34.943332484362614,32.11569224057294,-272.4174419362098 34.943332484362614,32.11569224057294,-272.4174419362098 34.943332484362614,32.11569224057294,-272.4174419362098 34.943332484362614,32.11569224057294,-272.4174419362098 34.943332484362614,32.11569224057294,-272.4174419362098 34.943332484362614,32.11569224057294,-272.4174419362098 34.943332484362614,32.11569224057294,-272.4174419362098 34.943332484362614,32.11569224057294,-272.4174419362098 34.943332484362614,32.11569224057294,-272.4174419362098 34.943332484362614,32.11569224057294,-272.4174419362098 34.943332484362614,32.11569224057294,-272.4174419362098 34.943332484362614,32.11569224057294,-272.4174419362098 34.943332484362614,32.11569224057294,-272.4174419362098 34.943332484362614,32.11569224057294,-272.4174419362098 34.943332484362614,32.11569224057294,-272.4174419362098 34.943332484362614,32.11569224057294,-272.4174419362098 34.943332484362614,32.11569224057294,-272.4174419362098 34.943332484362614,32.11569224057294,-272.4174419362098 34.943332484362614,32.11569224057294,-272.4174419362098 34.943332484362614,32.11569224057294,-272.4174419362098 34.943332484362614,32.11569224057294,-272.4174419362098 34.943332484362614,32.11569224057294,-272.4174419362098 34.943332484362614,32.11569224057294,-272.4174419362098 34.943332484362614,32.11569224057294,-272.4174419362098 34.943332484362614,32.11569224057294,-272.4174419362098 34.943332484362614,32.11569224057294,-272.4174419362098 34.943332484362614,32.11569224057294,-272.4174419362098 34.943332484362614,32.11569224057294,-272.4174419362098 34.943332484362614,32.11569224057294,-272.4174419362098 34.943332484362614,32.11569224057294,-272.4174419362098 34.943332484362614,32.11569224057294,-272.4174419362098 34.943332484362614,32.11569224057294,-272.4174419362098 34.943332484362614,32.11569224057294,-272.4174419362098 34.943332484362614,32.11569224057294,-272.4174419362098 34.943332484362614,32.11569224057294,-272.4174419362098 34.943332484362614,32.11569224057294,-272.4174419362098 34.943332484362614,32.11569224057294,-272.4174419362098 34.943332484362614,32.11569224057294,-272.4174419362098 34.943332484362614,32.11569224057294,-272.4174419362098 34.943332484362614,32.11569224057294,-272.4174419362098 34.943332484362614,32.11569224057294,-272.4174419362098 34.943332484362614,32.11569224057294,-272.4174419362098 34.943332484362614,32.11569224057294,-272.4174419362098 34.943332484362614,32.11569224057294,-272.4174419362098 34.943332484362614,32.11569224057294,-272.4174419362098 34.943332484362614,32.11569224057294,-272.4174419362098 34.943332484362614,32.11569224057294,-272.4174419362098 34.943332484362614,32.11569224057294,-272.4174419362098 34.943332484362614,32.11569224057294,-272.4174419362098 34.943332484362614,32.11569224057294,-272.4174419362098 34.943332484362614,32.11569224057294,-272.4174419362098 34.943332484362614,32.11569224057294,-272.4174419362098 34.943332484362614,32.11569224057294,-272.4174419362098 34.943332484362614,32.11569224057294,-272.4174419362098 34.943332484362614,32.11569224057294,-272.4174419362098 34.943332484362614,32.11569224057294,-272.4174419362098 34.943332484362614,32.11569224057294,-272.4174419362098 34.943332484362614,32.11569224057294,-272.4174419362098 34.943332484362614,32.11569224057294,-272.4174419362098 34.943332484362614,32.11569224057294,-272.4174419362098 34.943332484362614,32.11569224057294,-272.4174419362098 34.943332484362614,32.11569224057294,-272.4174419362098 34.943332484362614,32.11569224057294,-272.4174419362098 34.943332484362614,32.11569224057294,-272.4174419362098 34.943332484362614,32.11569224057294,-272.4174419362098 34.943332484362614,32.11569224057294,-272.4174419362098 34.943332484362614,32.11569224057294,-272.4174419362098 34.943332484362614,32.11569224057294,-272.4174419362098 34.943332484362614,32.11569224057294,-272.4174419362098 34.943332484362614,32.11569224057294,-272.4174419362098 34.943332484362614,32.11569224057294,-272.4174419362098 34.943332484362614,32.11569224057294,-272.4174419362098 34.943332484362614,32.11569224057294,-272.4174419362098 34.943332484362614,32.11569224057294,-272.4174419362098 34.943332484362614,32.11569224057294,-272.4174419362098 34.943332484362614,32.11569224057294,-272.4174419362098 34.943332484362614,32.11569224057294,-272.4174419362098 34.943332484362614,32.11569224057294,-272.4174419362098 34.9487252883879,32.11396145411944,-272.4174419362098 34.95414053680817,32.112232623724324,-272.4174419362098 34.9595814402119,32.110508931546015,-272.4174419362098 34.96504996398174,32.10879259591197,131.68093128409237 34.97054743347263,32.107084188070004,121.12301088869572 34.976076012054016,32.1053834534974,122.5158428484574 34.98163237422588,32.103692759491686,118.81688439380378 34.987218534116394,32.10201630101372,121.33023851178586 34.987440443825385,32.1020845045181,118.05333648901433 34.987672442514,32.102161713012826,119.4034877102822 34.98790904368876,32.10224710466376,119.19732510484755 34.98814791821812,32.10234057940545,124.71885133348405 34.98838718963459,32.1024422068189,119.59152867365628 34.98862604212141,32.1025541855828,113.08404338918626 34.98886616704063,32.10267405139503,113.1997402170673 34.989105650846255,32.10279604093201,116.20175981801003 34.9893476151557,32.102922219052594,113.95476377755404 34.98958747951953,32.10305688249167,114.983855930157 34.989825895945266,32.10319561630469,113.33228511270136 34.99006513454784,32.10333638796174,109.78160075377673 34.99030738866943,32.103478603187355,108.90374443214387 34.99055064476487,32.10362022505137,108.2298799790442 34.99079476625446,32.103764019165126,109.92065145913512 34.991039675974406,32.10390932762381,110.44238784257323 34.99128164965744,32.10405529540714,108.39070279989392 34.99152281980444,32.104198552519186,114.44596488215029 34.9917624771925,32.104344569641256,114.06496947165579 34.99200455055103,32.104488858376904,116.36659631319344 34.99224749452752,32.104630039479986,112.81271773856133 34.99249244910905,32.10476958151283,121.19102780427784 34.99273671056341,32.104903176421864,118.0005818111822 34.99298073331605,32.10503575577654,116.15221029892564 34.99322775772027,32.10516225937063,112.29232529271394 34.993474822984886,32.105285996580015,111.85650857631117 34.99372352691757,32.105404471061895,112.52580630872399 34.993974050498544,32.10551701170914,112.22726786788553 34.99422045146604,32.10562526940042,116.60446885414422 34.99446235791302,32.10572929589032,119.02713088039309 34.99470800242171,32.10582873712024,116.97203909885138 34.99495894466354,32.10591898510043,121.22795599605888 34.99521193562656,32.10600722988982,122.93445138353854 34.99547083000249,32.10608882318823,125.19608350191265 34.9957350479208,32.10616106162538,122.9496193351224 34.995999971401815,32.10622871297276,123.32115563005209 34.996270239064984,32.10629183650256,122.56276166625321 34.99654660200496,32.106347137577885,124.876738877967 34.996823646040596,32.10639716985505,120.87874206155539 34.99710006166263,32.10644339215845,121.94049756973982 34.9973792022314,32.1064830122437,123.84709648322314 34.99765545128489,32.106518184987294,128.89049722906202 34.997932502907084,32.10655325985576,130.10525553300977 34.998210259971245,32.106588561429525,130.11003343947232 34.99848796817629,32.1066212231922,136.43221685290337 34.998764299869634,32.10665369427266,134.05221847537905 34.99904165457515,32.10668662038412,135.02969031594694 34.99932217025895,32.10671713248396,135.88908082526177 34.99959633652671,32.106745980875544,139.91159220971167 34.99987143594749,32.10677620450436,137.48807341139764 35.000147366546216,32.10680624137473,133.9968153256923 35.00041909037422,32.10683347802139,146.88380979560316 35.00069326008846,32.106862551103085,147.42880293913186 35.000968796957146,32.106890956928346,144.38620294164866 35.001245529408486,32.10691925997461,149.40142356790602 35.00151768503589,32.1069490978505,145.05662999674678 35.0017905248828,32.10698326683686,142.4097216622904 35.002064960244034,32.10701554146222,139.62910653091967 35.002338178013076,32.10704812656786,142.66657419689 35.00261148405582,32.10708132024373,149.0694477679208 35.002880939675826,32.107112500967496,154.37512811738998 35.00314771998953,32.10714457723685,149.54125039372593 35.0034138115397,32.10717209980107,152.48509462364018 35.0036821326427,32.10720225736576,156.0083275185898 35.0039542034433,32.107227781178594,153.12756984308362 35.00422517538027,32.10725248726497,161.6635920908302 35.00449069146664,32.107275429278815,156.7170225661248 35.004756606229655,32.10729953610849,157.64341505803168 35.005023072088626,32.10732171094084,164.88018485251814 35.005286866021855,32.1073454036681,163.2066897628829 35.005547084220126,32.10737228223652,158.95541545655578 35.005803464343245,32.107398762027636,158.94576373696327 35.0060569208025,32.107426847180584,156.59139540046453 35.00630699342529,32.10745724931974,157.22907440457493 35.006559211517754,32.107487953671004,151.49833667092025 35.00681286509703,32.107516902485266,154.97019945364445 35.00706530504131,32.10754911229046,157.01273132301867 35.00732033707959,32.107578879464576,158.60448412317783 35.00757624645776,32.10760885223879,157.01251085009426 35.00783257144268,32.10763811976111,158.4556875443086 35.00808888088646,32.1076678417542,156.76178140565753 35.00834791566993,32.107696812578865,154.64309794083238 35.00860828999393,32.107726043061554,156.5780899366364 35.008866477826274,32.107755827006805,162.66414098720998 35.00912541216971,32.1077862115637,160.02939362917095 35.009386389389384,32.10781867850345,160.40037017781287 35.00964673414366,32.107851451521945,165.7853773739189 35.009909144368656,32.10788190217189,167.97050797659904 35.01017779898784,32.10791455051064,167.56560613773763 35.01044502785197,32.10794847259043,168.91651495266706 35.01071306251655,32.10798092881974,168.37685273960233 35.01099762374995,32.10801690533802,157.63006897456944 35.01128735572326,32.10805162428665,163.23723321128637 35.01154250581959,32.10808140944949,161.56490960437804 35.011765809497845,32.108107399862455,162.49705483485013 35.012236202601784,32.10907674866155,169.94227504357696 35.01266933238528,32.110039764021344,169.94227504357696 35.013070433965886,32.11099840619396,169.94227504357696 35.01343802544895,32.11195415640453,-1656.617990290746 35.01375719866746,32.112903160364674,-1656.617990290746 35.01403812025583,32.11384870299112,-1656.617990290746 35.0143190418442,32.114794245617574,-1656.617990290746 35.01459996343257,32.11573978824403,-1656.617990290746 35.01459996343257,32.11573978824403,-1656.617990290746 35.01459996343257,32.11573978824403,-1656.617990290746 35.01459996343257,32.11573978824403,-1656.617990290746 35.01459996343257,32.11573978824403,-1656.617990290746 35.01459996343257,32.11573978824403,-1656.617990290746 35.01459996343257,32.11573978824403,-1656.617990290746 35.01459996343257,32.11573978824403,-1656.617990290746 35.01459996343257,32.11573978824403,-1656.617990290746 35.01459996343257,32.11573978824403,-1656.617990290746 35.01459996343257,32.11573978824403,-1656.617990290746 35.01459996343257,32.11573978824403,-1656.617990290746 35.01459996343257,32.11573978824403,-1656.617990290746 35.01459996343257,32.11573978824403,-1656.617990290746 35.01459996343257,32.11573978824403,-1656.617990290746 35.01459996343257,32.11573978824403,-1656.617990290746 35.01459996343257,32.11573978824403,-1656.617990290746 35.01459996343257,32.11573978824403,-1656.617990290746 35.01459996343257,32.11573978824403,-1656.617990290746 35.01459996343257,32.11573978824403,-1656.617990290746 35.01459996343257,32.11573978824403,-1656.617990290746 35.01459996343257,32.11573978824403,-1656.617990290746 35.01459996343257,32.11573978824403,-1656.617990290746 35.01459996343257,32.11573978824403,-1656.617990290746 35.01459996343257,32.11573978824403,-1656.617990290746 35.01459996343257,32.11573978824403,-1656.617990290746 35.01459996343257,32.11573978824403,-1656.617990290746 35.01459996343257,32.11573978824403,-1656.617990290746 35.01459996343257,32.11573978824403,-1656.617990290746 35.01459996343257,32.11573978824403,-1656.617990290746 35.01459996343257,32.11573978824403,-1656.617990290746 35.01459996343257,32.11573978824403,-1656.617990290746 35.01459996343257,32.11573978824403,-1656.617990290746 35.01459996343257,32.11573978824403,-1656.617990290746 35.01459996343257,32.11573978824403,-1656.617990290746 35.01459996343257,32.11573978824403,-1656.617990290746 35.01459996343257,32.11573978824403,-1656.617990290746 35.01459996343257,32.11573978824403,-1656.617990290746 35.01459996343257,32.11573978824403,-1656.617990290746 35.01459996343257,32.11573978824403,-1656.617990290746 35.01459996343257,32.11573978824403,-1656.617990290746 35.01459996343257,32.11573978824403,-1656.617990290746 35.01459996343257,32.11573978824403,-1656.617990290746 35.01459996343257,32.11573978824403,-1656.617990290746 35.01459996343257,32.11573978824403,-1656.617990290746 35.01459996343257,32.11573978824403,-1656.617990290746 35.01459996343257,32.11573978824403,-1656.617990290746 35.01459996343257,32.11573978824403,-1656.617990290746 35.01459996343257,32.11573978824403,-1656.617990290746 35.01459996343257,32.11573978824403,-1656.617990290746 35.01459996343257,32.11573978824403,-1656.617990290746 35.01459996343257,32.11573978824403,-1656.617990290746 35.01459996343257,32.11573978824403,-1656.617990290746 35.01459996343257,32.11573978824403,-1656.617990290746 35.01459996343257,32.11573978824403,-1656.617990290746 35.01459996343257,32.11573978824403,-1656.617990290746 35.01459996343257,32.11573978824403,-1656.617990290746 35.01459996343257,32.11573978824403,-1656.617990290746 35.01459996343257,32.11573978824403,-1656.617990290746 35.01459996343257,32.11573978824403,-1656.617990290746 35.01459996343257,32.11573978824403,-1656.617990290746 35.01459996343257,32.11573978824403,-1656.617990290746 35.01459996343257,32.11573978824403,-1656.617990290746 35.01459996343257,32.11573978824403,-1656.617990290746 35.01459996343257,32.11573978824403,-1656.617990290746 35.01459996343257,32.11573978824403,-1656.617990290746 35.01459996343257,32.11573978824403,-1656.617990290746 35.01459996343257,32.11573978824403,-1656.617990290746 35.01459996343257,32.11573978824403,-1656.617990290746 35.01459996343257,32.11573978824403,-1656.617990290746 35.01459996343257,32.11573978824403,-1656.617990290746 35.01459996343257,32.11573978824403,-1656.617990290746 35.01459996343257,32.11573978824403,-1656.617990290746 35.01459996343257,32.11573978824403,-1656.617990290746 35.01459996343257,32.11573978824403,-1656.617990290746 35.01459996343257,32.11573978824403,-1656.617990290746 35.01459996343257,32.11573978824403,-1656.617990290746 35.01459996343257,32.11573978824403,-1656.617990290746 35.01459996343257,32.11573978824403,-1656.617990290746 35.01459996343257,32.11573978824403,-1656.617990290746 35.01459996343257,32.11573978824403,-1656.617990290746 35.01459996343257,32.11573978824403,-1656.617990290746 35.01459996343257,32.11573978824403,-1656.617990290746 35.01459996343257,32.11573978824403,-1656.617990290746 35.01459996343257,32.11573978824403,-1656.617990290746 35.01459996343257,32.11573978824403,-1656.617990290746 35.01459996343257,32.11573978824403,-1656.617990290746 35.01459996343257,32.11573978824403,-1656.617990290746 35.01459996343257,32.11573978824403,-1656.617990290746 35.01459996343257,32.11573978824403,-1656.617990290746 35.01459996343257,32.11573978824403,-1656.617990290746 35.01459996343257,32.11573978824403,-1656.617990290746 35.01459996343257,32.11573978824403,-1656.617990290746 35.01459996343257,32.11573978824403,-1656.617990290746 35.01459996343257,32.11573978824403,-1656.617990290746 35.01459996343257,32.11573978824403,-1656.617990290746 35.01459996343257,32.11573978824403,-1656.617990290746 35.01459996343257,32.11573978824403,-1656.617990290746 35.01459996343257,32.11573978824403,-1656.617990290746 35.01459996343257,32.11573978824403,-1656.617990290746 35.01459996343257,32.11573978824403,-1656.617990290746 35.01459996343257,32.11573978824403,-1656.617990290746 35.01459996343257,32.11573978824403,-1656.617990290746 35.01459996343257,32.11573978824403,-1656.617990290746 35.01459996343257,32.11573978824403,-1656.617990290746 35.01459996343257,32.11573978824403,-1656.617990290746 35.01459996343257,32.11573978824403,-1656.617990290746 35.01459996343257,32.11573978824403,-1656.617990290746 35.01459996343257,32.11573978824403,-1656.617990290746 35.01459996343257,32.11573978824403,-1656.617990290746 35.01459996343257,32.11573978824403,-1656.617990290746 35.01459996343257,32.11573978824403,-1656.617990290746 35.01459996343257,32.11573978824403,-1656.617990290746 35.01459996343257,32.11573978824403,-1656.617990290746 35.01459996343257,32.11573978824403,-1656.617990290746 35.01459996343257,32.11573978824403,-1656.617990290746 35.01459996343257,32.11573978824403,-1656.617990290746 35.01459996343257,32.11573978824403,-1656.617990290746 35.01459996343257,32.11573978824403,-1656.617990290746 35.01459996343257,32.11573978824403,-1656.617990290746 35.01459996343257,32.11573978824403,-1656.617990290746 35.01459996343257,32.11573978824403,-1656.617990290746 35.01459996343257,32.11573978824403,-1656.617990290746 35.01459996343257,32.11573978824403,-1656.617990290746 35.01459996343257,32.11573978824403,-1656.617990290746 35.01459996343257,32.11573978824403,-1656.617990290746 35.01459996343257,32.11573978824403,-1656.617990290746 35.01459996343257,32.11573978824403,-1656.617990290746 35.01459996343257,32.11573978824403,-1656.617990290746 35.01459996343257,32.11573978824403,-1656.617990290746 35.01459996343257,32.11573978824403,-1656.617990290746 35.01459996343257,32.11573978824403,-1656.617990290746 35.01459996343257,32.11573978824403,-1656.617990290746 35.01459996343257,32.11573978824403,-1656.617990290746 35.01459996343257,32.11573978824403,-1656.617990290746 35.01459996343257,32.11573978824403,-1656.617990290746 35.01459996343257,32.11573978824403,-1656.617990290746 35.01459996343257,32.11573978824403,-1656.617990290746 35.01459996343257,32.11573978824403,-1656.617990290746 35.01459996343257,32.11573978824403,-1656.617990290746 35.01459996343257,32.11573978824403,-1656.617990290746 35.01459996343257,32.11573978824403,-1656.617990290746 35.01459996343257,32.11573978824403,-1656.617990290746 35.01459996343257,32.11573978824403,-1656.617990290746 35.01459996343257,32.11573978824403,-1656.617990290746 35.01459996343257,32.11573978824403,-1656.617990290746 35.01459996343257,32.11573978824403,-1656.617990290746 35.01459996343257,32.11573978824403,-1656.617990290746 35.01459996343257,32.11573978824403,-1656.617990290746 35.01459996343257,32.11573978824403,-1656.617990290746 35.01459996343257,32.11573978824403,-1656.617990290746 35.01459996343257,32.11573978824403,-1656.617990290746 35.01459996343257,32.11573978824403,-1656.617990290746 35.01459996343257,32.11573978824403,-1656.617990290746 35.01459996343257,32.11573978824403,-1656.617990290746 35.01459996343257,32.11573978824403,-1656.617990290746 35.01459996343257,32.11573978824403,-1656.617990290746 35.01459996343257,32.11573978824403,-1656.617990290746 35.01459996343257,32.11573978824403,-1656.617990290746 35.01459996343257,32.11573978824403,-1656.617990290746 35.01459996343257,32.11573978824403,-1656.617990290746 35.01459996343257,32.11573978824403,-1656.617990290746 35.01459996343257,32.11573978824403,-1656.617990290746 35.01459996343257,32.11573978824403,-1656.617990290746 35.01459996343257,32.11573978824403,-1656.617990290746 35.01459996343257,32.11573978824403,-1656.617990290746 35.01459996343257,32.11573978824403,-1656.617990290746 35.01459996343257,32.11573978824403,-1656.617990290746 35.01459996343257,32.11573978824403,-1656.617990290746 35.01459996343257,32.11573978824403,-1656.617990290746 35.01459996343257,32.11573978824403,-1656.617990290746 35.01459996343257,32.11573978824403,-1656.617990290746 35.01459996343257,32.11573978824403,-1656.617990290746 35.01459996343257,32.11573978824403,-1656.617990290746 35.01459996343257,32.11573978824403,-1656.617990290746 35.01459996343257,32.11573978824403,-1656.617990290746 35.01459996343257,32.11573978824403,-1656.617990290746 35.01459996343257,32.11573978824403,-1656.617990290746 35.01459996343257,32.11573978824403,-1656.617990290746 35.01459996343257,32.11573978824403,-1656.617990290746 35.01459996343257,32.11573978824403,-1656.617990290746 35.01459996343257,32.11573978824403,-1656.617990290746 35.01459996343257,32.11573978824403,-1656.617990290746 35.01459996343257,32.11573978824403,-1656.617990290746 35.01459996343257,32.11573978824403,-1656.617990290746 35.01459996343257,32.11573978824403,-1656.617990290746 35.01459996343257,32.11573978824403,-1656.617990290746 35.01459996343257,32.11573978824403,-1656.617990290746 35.01459996343257,32.11573978824403,-1656.617990290746 35.01459996343257,32.11573978824403,-1656.617990290746 35.01459996343257,32.11573978824403,-1656.617990290746 35.01459996343257,32.11573978824403,-1656.617990290746 35.01459996343257,32.11573978824403,-1656.617990290746 35.01459996343257,32.11573978824403,-1656.617990290746 35.01459996343257,32.11573978824403,-1656.617990290746 35.01459996343257,32.11573978824403,-1656.617990290746 35.01459996343257,32.11573978824403,-1656.617990290746 35.01459996343257,32.11573978824403,-1656.617990290746 35.01459996343257,32.11573978824403,-1656.617990290746 35.01459996343257,32.11573978824403,-1656.617990290746 35.01459996343257,32.11573978824403,-1656.617990290746 35.01459996343257,32.11573978824403,-1656.617990290746 35.01459996343257,32.11573978824403,-1656.617990290746 35.01459996343257,32.11573978824403,-1656.617990290746 35.01459996343257,32.11573978824403,-1656.617990290746 35.01459996343257,32.11573978824403,-1656.617990290746 35.01459996343257,32.11573978824403,-1656.617990290746 35.01459996343257,32.11573978824403,-1656.617990290746 35.01459996343257,32.11573978824403,-1656.617990290746 35.01459996343257,32.11573978824403,-1656.617990290746 35.01459996343257,32.11573978824403,-1656.617990290746 35.01459996343257,32.11573978824403,-1656.617990290746 35.01459996343257,32.11573978824403,-1656.617990290746 35.01459996343257,32.11573978824403,-1656.617990290746 35.01459996343257,32.11573978824403,-1656.617990290746 35.01459996343257,32.11573978824403,-1656.617990290746 35.01459996343257,32.11573978824403,-1656.617990290746 35.01459996343257,32.11573978824403,-1656.617990290746 35.01459996343257,32.11573978824403,-1656.617990290746 35.01459996343257,32.11573978824403,-1656.617990290746 35.01459996343257,32.11573978824403,-1656.617990290746 35.01459996343257,32.11573978824403,-1656.617990290746 35.01459996343257,32.11573978824403,-1656.617990290746 35.01459996343257,32.11573978824403,-1656.617990290746 35.01459996343257,32.11573978824403,-1656.617990290746 35.01459996343257,32.11573978824403,-1656.617990290746 35.01459996343257,32.11573978824403,-1656.617990290746 35.01459996343257,32.11573978824403,-1656.617990290746 35.01459996343257,32.11573978824403,-1656.617990290746 35.01459996343257,32.11573978824403,-1656.617990290746 35.01459996343257,32.11573978824403,-1656.617990290746 35.01459996343257,32.11573978824403,-1656.617990290746 35.01459996343257,32.11573978824403,-1656.617990290746 35.01459996343257,32.11573978824403,-1656.617990290746 35.01459996343257,32.11573978824403,-1656.617990290746 35.01459996343257,32.11573978824403,-1656.617990290746 35.01459996343257,32.11573978824403,-1656.617990290746 35.01459996343257,32.11573978824403,-1656.617990290746 35.01459996343257,32.11573978824403,-1656.617990290746 35.01459996343257,32.11573978824403,-1656.617990290746 35.01459996343257,32.11573978824403,-1656.617990290746 35.01459996343257,32.11573978824403,-1656.617990290746 35.01459996343257,32.11573978824403,-1656.617990290746 35.01459996343257,32.11573978824403,-1656.617990290746 35.01459996343257,32.11573978824403,-1656.617990290746 35.01459996343257,32.11573978824403,-1656.617990290746 35.01459996343257,32.11573978824403,-1656.617990290746 35.01459996343257,32.11573978824403,-1656.617990290746 35.01459996343257,32.11573978824403,-1656.617990290746 35.01459996343257,32.11573978824403,-1656.617990290746 35.01459996343257,32.11573978824403,-1656.617990290746 35.01459996343257,32.11573978824403,-1656.617990290746 35.01459996343257,32.11573978824403,-1656.617990290746 35.01459996343257,32.11573978824403,-1656.617990290746 35.01459996343257,32.11573978824403,-1656.617990290746 35.01459996343257,32.11573978824403,-1656.617990290746 35.01459996343257,32.11573978824403,-1656.617990290746 35.01459996343257,32.11573978824403,-1656.617990290746 35.01459996343257,32.11573978824403,-1656.617990290746 35.01459996343257,32.11573978824403,-1656.617990290746 35.01459996343257,32.11573978824403,-1656.617990290746 35.01459996343257,32.11573978824403,-1656.617990290746 35.01459996343257,32.11573978824403,-1656.617990290746 35.01459996343257,32.11573978824403,-1656.617990290746 35.01459996343257,32.11573978824403,-1656.617990290746 35.01459996343257,32.11573978824403,-1656.617990290746 35.01459996343257,32.11573978824403,-1656.617990290746 35.01459996343257,32.11573978824403,-1656.617990290746 35.01459996343257,32.11573978824403,-1656.617990290746 35.01459996343257,32.11573978824403,-1656.617990290746 35.01459996343257,32.11573978824403,-1656.617990290746 35.01459996343257,32.11573978824403,-1656.617990290746 35.01459996343257,32.11573978824403,-1656.617990290746 35.01459996343257,32.11573978824403,-1656.617990290746 35.01459996343257,32.11573978824403,-1656.617990290746 35.01459996343257,32.11573978824403,-1656.617990290746 35.01459996343257,32.11573978824403,-1656.617990290746 35.01459996343257,32.11573978824403,-1656.617990290746 35.01459996343257,32.11573978824403,-1656.617990290746 35.01459996343257,32.11573978824403,-1656.617990290746 35.01459996343257,32.11573978824403,-1656.617990290746 35.01459996343257,32.11573978824403,-1656.617990290746 35.01459996343257,32.11573978824403,-1656.617990290746 35.01459996343257,32.11573978824403,-1656.617990290746 35.01459996343257,32.11573978824403,-1656.617990290746 35.01459996343257,32.11573978824403,-1656.617990290746 35.01459996343257,32.11573978824403,-1656.617990290746 35.01459996343257,32.11573978824403,-1656.617990290746 35.01459996343257,32.11573978824403,-1656.617990290746 35.01459996343257,32.11573978824403,-1656.617990290746 35.01459996343257,32.11573978824403,-1656.617990290746 35.01459996343257,32.11573978824403,-1656.617990290746 35.01459996343257,32.11573978824403,-1656.617990290746 35.01459996343257,32.11573978824403,-1656.617990290746 35.01459996343257,32.11573978824403,-1656.617990290746 35.01459996343257,32.11573978824403,-1656.617990290746 35.01459996343257,32.11573978824403,-1656.617990290746 35.01459996343257,32.11573978824403,-1656.617990290746 35.01459996343257,32.11573978824403,-1656.617990290746 35.01459996343257,32.11573978824403,-1656.617990290746 35.01459996343257,32.11573978824403,-1656.617990290746 35.01459996343257,32.11573978824403,-1656.617990290746 35.01459996343257,32.11573978824403,-1656.617990290746 35.01459996343257,32.11573978824403,-1656.617990290746 35.01459996343257,32.11573978824403,-1656.617990290746 35.01459996343257,32.11573978824403,-1656.617990290746 35.01459996343257,32.11573978824403,-1656.617990290746 35.01459996343257,32.11573978824403,-1656.617990290746 35.01459996343257,32.11573978824403,-1656.617990290746 35.01459996343257,32.11573978824403,-1656.617990290746 35.01459996343257,32.11573978824403,-1656.617990290746 35.01459996343257,32.11573978824403,-1656.617990290746 35.01459996343257,32.11573978824403,-1656.617990290746 35.01459996343257,32.11573978824403,-1656.617990290746 35.01459996343257,32.11573978824403,-1656.617990290746 35.01459996343257,32.11573978824403,-1656.617990290746 35.01459996343257,32.11573978824403,-1656.617990290746 35.01459996343257,32.11573978824403,-1656.617990290746 35.01459996343257,32.11573978824403,-1656.617990290746 35.01459996343257,32.11573978824403,-1656.617990290746 35.01459996343257,32.11573978824403,-1656.617990290746 35.01459996343257,32.11573978824403,-1656.617990290746 35.01459996343257,32.11573978824403,-1656.617990290746 35.01459996343257,32.11573978824403,-1656.617990290746 35.01459996343257,32.11573978824403,-1656.617990290746 35.01459996343257,32.11573978824403,-1656.617990290746 35.01459996343257,32.11573978824403,-1656.617990290746 35.01459996343257,32.11573978824403,-1656.617990290746 35.01459996343257,32.11573978824403,-1656.617990290746 35.01459996343257,32.11573978824403,-1656.617990290746 35.01459996343257,32.11573978824403,-1656.617990290746 35.01459996343257,32.11573978824403,-1656.617990290746 35.01459996343257,32.11573978824403,-1656.617990290746 35.01459996343257,32.11573978824403,-1656.617990290746 35.01459996343257,32.11573978824403,-1656.617990290746 35.01459996343257,32.11573978824403,-1656.617990290746 35.01459996343257,32.11573978824403,-1656.617990290746 35.01459996343257,32.11573978824403,-1656.617990290746 35.01459996343257,32.11573978824403,-1656.617990290746 35.01459996343257,32.11573978824403,-1656.617990290746 35.01459996343257,32.11573978824403,-1656.617990290746 35.01459996343257,32.11573978824403,-1656.617990290746 35.01459996343257,32.11573978824403,-1656.617990290746 35.01459996343257,32.11573978824403,-1656.617990290746 35.01459996343257,32.11573978824403,-1656.617990290746 35.01459996343257,32.11573978824403,-1656.617990290746 35.01459996343257,32.11573978824403,-1656.617990290746 35.01459996343257,32.11573978824403,-1656.617990290746 35.01459996343257,32.11573978824403,-1656.617990290746 35.01459996343257,32.11573978824403,-1656.617990290746 35.01459996343257,32.11573978824403,-1656.617990290746 35.01459996343257,32.11573978824403,-1656.617990290746 35.01459996343257,32.11573978824403,-1656.617990290746 35.01459996343257,32.11573978824403,-1656.617990290746 35.01459996343257,32.11573978824403,-1656.617990290746 35.01459996343257,32.11573978824403,-1656.617990290746 35.01459996343257,32.11573978824403,-1656.617990290746 35.01459996343257,32.11573978824403,-1656.617990290746 35.01459996343257,32.11573978824403,-1656.617990290746 35.01459996343257,32.11573978824403,-1656.617990290746 35.01459996343257,32.11573978824403,-1656.617990290746 35.01459996343257,32.11573978824403,-1656.617990290746 35.01459996343257,32.11573978824403,-1656.617990290746 35.01459996343257,32.11573978824403,-1656.617990290746 35.01459996343257,32.11573978824403,-1656.617990290746 35.01459996343257,32.11573978824403,-1656.617990290746 35.01459996343257,32.11573978824403,-1656.617990290746 35.01459996343257,32.11573978824403,-1656.617990290746 35.01459996343257,32.11573978824403,-1656.617990290746 35.01459996343257,32.11573978824403,-1656.617990290746 35.01459996343257,32.11573978824403,-1656.617990290746 35.01459996343257,32.11573978824403,-1656.617990290746 35.01459996343257,32.11573978824403,-1656.617990290746 35.01459996343257,32.11573978824403,-1656.617990290746 35.01459996343257,32.11573978824403,-1656.617990290746 35.01459996343257,32.11573978824403,-1656.617990290746 35.01459996343257,32.11573978824403,-1656.617990290746 35.01459996343257,32.11573978824403,-1656.617990290746 35.01459996343257,32.11573978824403,-1656.617990290746 35.01459996343257,32.11573978824403,-1656.617990290746 35.01459996343257,32.11573978824403,-1656.617990290746 35.01459996343257,32.11573978824403,-1656.617990290746 35.01459996343257,32.11573978824403,-1656.617990290746 35.01459996343257,32.11573978824403,-1656.617990290746 35.01459996343257,32.11573978824403,-1656.617990290746 35.01459996343257,32.11573978824403,-1656.617990290746 35.01459996343257,32.11573978824403,-1656.617990290746 35.01459996343257,32.11573978824403,-1656.617990290746 35.01459996343257,32.11573978824403,-1656.617990290746 35.01459996343257,32.11573978824403,-1656.617990290746 35.01459996343257,32.11573978824403,-1656.617990290746 35.01459996343257,32.11573978824403,-1656.617990290746 35.01459996343257,32.11573978824403,-1656.617990290746 35.01459996343257,32.11573978824403,-1656.617990290746 35.01459996343257,32.11573978824403,-1656.617990290746 35.01459996343257,32.11573978824403,-1656.617990290746 35.01459996343257,32.11573978824403,-1656.617990290746 35.01459996343257,32.11573978824403,-1656.617990290746 35.01459996343257,32.11573978824403,-1656.617990290746 35.01459996343257,32.11573978824403,-1656.617990290746 35.01459996343257,32.11573978824403,-1656.617990290746 35.01459996343257,32.11573978824403,-1656.617990290746 35.01459996343257,32.11573978824403,-1656.617990290746 35.01459996343257,32.11573978824403,-1656.617990290746 35.01459996343257,32.11573978824403,-1656.617990290746 35.01459996343257,32.11573978824403,-1656.617990290746 35.01459996343257,32.11573978824403,-1656.617990290746 35.01459996343257,32.11573978824403,-1656.617990290746 35.01459996343257,32.11573978824403,-1656.617990290746 35.01459996343257,32.11573978824403,-1656.617990290746 35.01459996343257,32.11573978824403,-1656.617990290746 35.01459996343257,32.11573978824403,-1656.617990290746 35.01459996343257,32.11573978824403,-1656.617990290746 35.01459996343257,32.11573978824403,-1656.617990290746 35.01459996343257,32.11573978824403,-1656.617990290746 35.01459996343257,32.11573978824403,-1656.617990290746 35.01459996343257,32.11573978824403,-1656.617990290746 35.01459996343257,32.11573978824403,-1656.617990290746 35.01459996343257,32.11573978824403,-1656.617990290746 35.01459996343257,32.11573978824403,-1656.617990290746 35.01459996343257,32.11573978824403,-1656.617990290746 35.01459996343257,32.11573978824403,-1656.617990290746 35.01459996343257,32.11573978824403,-1656.617990290746 35.01459996343257,32.11573978824403,-1656.617990290746 35.01459996343257,32.11573978824403,-1656.617990290746 35.01459996343257,32.11573978824403,-1656.617990290746 35.01459996343257,32.11573978824403,-1656.617990290746 35.01459996343257,32.11573978824403,-1656.617990290746 35.01459996343257,32.11573978824403,-1656.617990290746 35.01459996343257,32.11573978824403,-1656.617990290746 35.01459996343257,32.11573978824403,-1656.617990290746 35.01459996343257,32.11573978824403,-1656.617990290746 35.01459996343257,32.11573978824403,-1656.617990290746 35.01459996343257,32.11573978824403,-1656.617990290746 35.01459996343257,32.11573978824403,-1656.617990290746 35.01459996343257,32.11573978824403,-1656.617990290746 35.01459996343257,32.11573978824403,-1656.617990290746 35.01459996343257,32.11573978824403,-1656.617990290746 35.01459996343257,32.11573978824403,-1656.617990290746 35.01459996343257,32.11573978824403,-1656.617990290746 35.01459996343257,32.11573978824403,-1656.617990290746 35.01459996343257,32.11573978824403,-1656.617990290746 35.01459996343257,32.11573978824403,-1656.617990290746 35.01459996343257,32.11573978824403,-1656.617990290746 35.01459996343257,32.11573978824403,-1656.617990290746 35.01459996343257,32.11573978824403,-1656.617990290746 35.01459996343257,32.11573978824403,-1656.617990290746 35.01459996343257,32.11573978824403,-1656.617990290746 35.01459996343257,32.11573978824403,-1656.617990290746 35.01459996343257,32.11573978824403,-1656.617990290746 35.01459996343257,32.11573978824403,-1656.617990290746 35.01459996343257,32.11573978824403,-1656.617990290746 35.01459996343257,32.11573978824403,-1656.617990290746 35.01459996343257,32.11573978824403,-1656.617990290746 35.01459996343257,32.11573978824403,-1656.617990290746 35.01459996343257,32.11573978824403,-1656.617990290746 35.01459996343257,32.11573978824403,-1656.617990290746 35.01459996343257,32.11573978824403,-1656.617990290746 35.01459996343257,32.11573978824403,-1656.617990290746 35.01459996343257,32.11573978824403,-1656.617990290746 35.01459996343257,32.11573978824403,-1656.617990290746 35.01459996343257,32.11573978824403,-1656.617990290746 35.01459996343257,32.11573978824403,-1656.617990290746 35.01459996343257,32.11573978824403,-1656.617990290746 35.01459996343257,32.11573978824403,-1656.617990290746 35.01459996343257,32.11573978824403,-1656.617990290746 35.01459996343257,32.11573978824403,-1656.617990290746 35.01459996343257,32.11573978824403,-1656.617990290746 35.01459996343257,32.11573978824403,-1656.617990290746 35.01459996343257,32.11573978824403,-1656.617990290746 35.01459996343257,32.11573978824403,-1656.617990290746 35.01459996343257,32.11573978824403,-1656.617990290746 35.01459996343257,32.11573978824403,-1656.617990290746 35.01459996343257,32.11573978824403,-1656.617990290746 35.01459996343257,32.11573978824403,-1656.617990290746 35.01459996343257,32.11573978824403,-1656.617990290746 35.01459996343257,32.11573978824403,-1656.617990290746 35.01459996343257,32.11573978824403,-1656.617990290746 35.01459996343257,32.11573978824403,-1656.617990290746 35.01459996343257,32.11573978824403,-1656.617990290746 35.01459996343257,32.11573978824403,-1656.617990290746 35.01459996343257,32.11573978824403,-1656.617990290746 35.01459996343257,32.11573978824403,-1656.617990290746 35.01459996343257,32.11573978824403,-1656.617990290746 35.01459996343257,32.11573978824403,-1656.617990290746 35.01459996343257,32.11573978824403,-1656.617990290746 35.01459996343257,32.11573978824403,-1656.617990290746 35.01459996343257,32.11573978824403,-1656.617990290746 35.01459996343257,32.11573978824403,-1656.617990290746 35.01459996343257,32.11573978824403,-1656.617990290746 35.01459996343257,32.11573978824403,-1656.617990290746 35.01459996343257,32.11573978824403,-1656.617990290746 35.01459996343257,32.11573978824403,-1656.617990290746 35.01459996343257,32.11573978824403,-1656.617990290746 35.01459996343257,32.11573978824403,-1656.617990290746 35.01459996343257,32.11573978824403,-1656.617990290746 35.01459996343257,32.11573978824403,-1656.617990290746 35.01459996343257,32.11573978824403,-1656.617990290746 35.01459996343257,32.11573978824403,-1656.617990290746 35.01459996343257,32.11573978824403,-1656.617990290746 35.01459996343257,32.11573978824403,-1656.617990290746 35.01459996343257,32.11573978824403,-1656.617990290746 35.01459996343257,32.11573978824403,-1656.617990290746 35.01459996343257,32.11573978824403,-1656.617990290746 35.01459996343257,32.11573978824403,-1656.617990290746 35.01459996343257,32.11573978824403,-1656.617990290746 35.01459996343257,32.11573978824403,-1656.617990290746 35.01459996343257,32.11573978824403,-1656.617990290746 35.01459996343257,32.11573978824403,-1656.617990290746 35.01459996343257,32.11573978824403,-1656.617990290746 35.01459996343257,32.11573978824403,-1656.617990290746 35.01459996343257,32.11573978824403,-1656.617990290746 35.01459996343257,32.11573978824403,-1656.617990290746 35.01459996343257,32.11573978824403,-1656.617990290746 35.01459996343257,32.11573978824403,-1656.617990290746 35.01459996343257,32.11573978824403,-1656.617990290746 35.01459996343257,32.11573978824403,-1656.617990290746 35.01459996343257,32.11573978824403,-1656.617990290746 35.01459996343257,32.11573978824403,-1656.617990290746 35.01459996343257,32.11573978824403,-1656.617990290746 35.01459996343257,32.11573978824403,-1656.617990290746 35.01459996343257,32.11573978824403,-1656.617990290746 35.01459996343257,32.11573978824403,-1656.617990290746 35.01459996343257,32.11573978824403,-1656.617990290746 35.01459996343257,32.11573978824403,-1656.617990290746 35.01459996343257,32.11573978824403,-1656.617990290746 35.01459996343257,32.11573978824403,-1656.617990290746 35.01459996343257,32.11573978824403,-1656.617990290746 35.01459996343257,32.11573978824403,-1656.617990290746 35.01459996343257,32.11573978824403,-1656.617990290746 35.01459996343257,32.11573978824403,-1656.617990290746 35.01459996343257,32.11573978824403,-1656.617990290746 35.01459996343257,32.11573978824403,-1656.617990290746 35.01459996343257,32.11573978824403,-1656.617990290746 35.01459996343257,32.11573978824403,-1656.617990290746 35.01459996343257,32.11573978824403,-1656.617990290746 35.01459996343257,32.11573978824403,-1656.617990290746 35.01459996343257,32.11573978824403,-1656.617990290746 35.01459996343257,32.11573978824403,-1656.617990290746 35.01459996343257,32.11573978824403,-1656.617990290746 35.01459996343257,32.11573978824403,-1656.617990290746 35.01459996343257,32.11573978824403,-1656.617990290746 35.01459996343257,32.11573978824403,-1656.617990290746 35.01459996343257,32.11573978824403,-1656.617990290746 35.01459996343257,32.11573978824403,-1656.617990290746 35.01459996343257,32.11573978824403,-1656.617990290746 35.01459996343257,32.11573978824403,-1656.617990290746 35.01459996343257,32.11573978824403,-1656.617990290746 35.01459996343257,32.11573978824403,-1656.617990290746 35.01459996343257,32.11573978824403,-1656.617990290746 35.01459996343257,32.11573978824403,-1656.617990290746 35.01459996343257,32.11573978824403,-1656.617990290746 35.01459996343257,32.11573978824403,-1656.617990290746 35.01459996343257,32.11573978824403,-1656.617990290746 35.01459996343257,32.11573978824403,-1656.617990290746 35.01459996343257,32.11573978824403,-1656.617990290746 35.01459996343257,32.11573978824403,-1656.617990290746 35.01459996343257,32.11573978824403,-1656.617990290746 35.01459996343257,32.11573978824403,-1656.617990290746 35.01459996343257,32.11573978824403,-1656.617990290746 35.01459996343257,32.11573978824403,-1656.617990290746 35.01459996343257,32.11573978824403,-1656.617990290746 35.01459996343257,32.11573978824403,-1656.617990290746 35.01459996343257,32.11573978824403,-1656.617990290746 35.01459996343257,32.11573978824403,-1656.617990290746 35.01459996343257,32.11573978824403,-1656.617990290746 35.01459996343257,32.11573978824403,-1656.617990290746 35.01459996343257,32.11573978824403,-1656.617990290746 35.01459996343257,32.11573978824403,-1656.617990290746 35.01459996343257,32.11573978824403,-1656.617990290746 35.01459996343257,32.11573978824403,-1656.617990290746 35.01459996343257,32.11573978824403,-1656.617990290746 35.01459996343257,32.11573978824403,-1656.617990290746 35.01459996343257,32.11573978824403,-1656.617990290746 35.01459996343257,32.11573978824403,-1656.617990290746 35.01459996343257,32.11573978824403,-1656.617990290746 35.01459996343257,32.11573978824403,-1656.617990290746 35.01459996343257,32.11573978824403,-1656.617990290746 35.01459996343257,32.11573978824403,-1656.617990290746 35.01459996343257,32.11573978824403,-1656.617990290746 35.01459996343257,32.11573978824403,-1656.617990290746 35.01459996343257,32.11573978824403,-1656.617990290746 35.01459996343257,32.11573978824403,-1656.617990290746 35.01459996343257,32.11573978824403,-1656.617990290746 35.01459996343257,32.11573978824403,-1656.617990290746 35.01459996343257,32.11573978824403,-1656.617990290746 35.01459996343257,32.11573978824403,-1656.617990290746 35.01459996343257,32.11573978824403,-1656.617990290746 35.01459996343257,32.11573978824403,-1656.617990290746 35.01459996343257,32.11573978824403,-1656.617990290746 35.01459996343257,32.11573978824403,-1656.617990290746 35.01459996343257,32.11573978824403,-1656.617990290746 35.01459996343257,32.11573978824403,-1656.617990290746 35.01459996343257,32.11573978824403,-1656.617990290746 35.01459996343257,32.11573978824403,-1656.617990290746 35.01459996343257,32.11573978824403,-1656.617990290746 35.01459996343257,32.11573978824403,-1656.617990290746 35.01459996343257,32.11573978824403,-1656.617990290746 35.01459996343257,32.11573978824403,-1656.617990290746 35.01459996343257,32.11573978824403,-1656.617990290746 35.01459996343257,32.11573978824403,-1656.617990290746 35.01459996343257,32.11573978824403,-1656.617990290746 35.01459996343257,32.11573978824403,-1656.617990290746 35.01459996343257,32.11573978824403,-1656.617990290746 35.01459996343257,32.11573978824403,-1656.617990290746 35.01459996343257,32.11573978824403,-1656.617990290746 35.01459996343257,32.11573978824403,-1656.617990290746 35.01459996343257,32.11573978824403,-1656.617990290746 35.01459996343257,32.11573978824403,-1656.617990290746 35.01459996343257,32.11573978824403,-1656.617990290746 35.01459996343257,32.11573978824403,-1656.617990290746 35.01459996343257,32.11573978824403,-1656.617990290746 35.01459996343257,32.11573978824403,-1656.617990290746 35.01459996343257,32.11573978824403,-1656.617990290746 35.01459996343257,32.11573978824403,-1656.617990290746 35.01459996343257,32.11573978824403,-1656.617990290746 35.01459996343257,32.11573978824403,-1656.617990290746 35.01459996343257,32.11573978824403,-1656.617990290746 35.01459996343257,32.11573978824403,-1656.617990290746 35.01459996343257,32.11573978824403,-1656.617990290746 35.01459996343257,32.11573978824403,-1656.617990290746 35.01459996343257,32.11573978824403,-1656.617990290746 35.01459996343257,32.11573978824403,-1656.617990290746 35.01459996343257,32.11573978824403,-1656.617990290746 35.01459996343257,32.11573978824403,-1656.617990290746 35.01459996343257,32.11573978824403,-1656.617990290746 35.01459996343257,32.11573978824403,-1656.617990290746 35.01459996343257,32.11573978824403,-1656.617990290746 35.01459996343257,32.11573978824403,-1656.617990290746 35.01459996343257,32.11573978824403,-1656.617990290746 35.01459996343257,32.11573978824403,-1656.617990290746 35.01459996343257,32.11573978824403,-1656.617990290746 35.01459996343257,32.11573978824403,-1656.617990290746 35.01459996343257,32.11573978824403,-1656.617990290746 35.01459996343257,32.11573978824403,-1656.617990290746 35.01459996343257,32.11573978824403,-1656.617990290746 35.01459996343257,32.11573978824403,-1656.617990290746 35.01459996343257,32.11573978824403,-1656.617990290746 35.01459996343257,32.11573978824403,-1656.617990290746 35.01459996343257,32.11573978824403,-1656.617990290746 35.01459996343257,32.11573978824403,-1656.617990290746 35.01459996343257,32.11573978824403,-1656.617990290746 35.01459996343257,32.11573978824403,-1656.617990290746 35.01459996343257,32.11573978824403,-1656.617990290746 35.01459996343257,32.11573978824403,-1656.617990290746 35.01459996343257,32.11573978824403,-1656.617990290746 35.01459996343257,32.11573978824403,-1656.617990290746 35.01459996343257,32.11573978824403,-1656.617990290746 35.01459996343257,32.11573978824403,-1656.617990290746 35.01459996343257,32.11573978824403,-1656.617990290746 35.01459996343257,32.11573978824403,-1656.617990290746 35.01459996343257,32.11573978824403,-1656.617990290746 35.01459996343257,32.11573978824403,-1656.617990290746 35.01459996343257,32.11573978824403,-1656.617990290746 35.01459996343257,32.11573978824403,-1656.617990290746 35.01459996343257,32.11573978824403,-1656.617990290746 35.01459996343257,32.11573978824403,-1656.617990290746 35.01459996343257,32.11573978824403,-1656.617990290746 35.01459996343257,32.11573978824403,-1656.617990290746 35.01459996343257,32.11573978824403,-1656.617990290746 35.01459996343257,32.11573978824403,-1656.617990290746 35.01459996343257,32.11573978824403,-1656.617990290746 35.01459996343257,32.11573978824403,-1656.617990290746 35.01459996343257,32.11573978824403,-1656.617990290746 35.01459996343257,32.11573978824403,-1656.617990290746 35.01459996343257,32.11573978824403,-1656.617990290746 35.01459996343257,32.11573978824403,-1656.617990290746 35.01459996343257,32.11573978824403,-1656.617990290746 35.01459996343257,32.11573978824403,-1656.617990290746 35.01459996343257,32.11573978824403,-1656.617990290746 35.01459996343257,32.11573978824403,-1656.617990290746 35.01459996343257,32.11573978824403,-1656.617990290746 35.01459996343257,32.11573978824403,-1656.617990290746 35.01459996343257,32.11573978824403,-1656.617990290746 35.01459996343257,32.11573978824403,-1656.617990290746 35.01459996343257,32.11573978824403,-1656.617990290746 35.01459996343257,32.11573978824403,-1656.617990290746 35.01459996343257,32.11573978824403,-1656.617990290746 35.01459996343257,32.11573978824403,-1656.617990290746 35.01459996343257,32.11573978824403,-1656.617990290746 35.01459996343257,32.11573978824403,-1656.617990290746 35.01459996343257,32.11573978824403,-1656.617990290746 35.01459996343257,32.11573978824403,-1656.617990290746 35.01459996343257,32.11573978824403,-1656.617990290746 35.01459996343257,32.11573978824403,-1656.617990290746 35.01459996343257,32.11573978824403,-1656.617990290746 35.01459996343257,32.11573978824403,-1656.617990290746 35.01459996343257,32.11573978824403,-1656.617990290746 35.01459996343257,32.11573978824403,-1656.617990290746 35.01459996343257,32.11573978824403,-1656.617990290746 35.01459996343257,32.11573978824403,-1656.617990290746 35.01459996343257,32.11573978824403,-1656.617990290746 35.01459996343257,32.11573978824403,-1656.617990290746 35.01459996343257,32.11573978824403,-1656.617990290746 35.01459996343257,32.11573978824403,-1656.617990290746 35.01459996343257,32.11573978824403,-1656.617990290746 35.01459996343257,32.11573978824403,-1656.617990290746 35.01459996343257,32.11573978824403,-1656.617990290746 35.01459996343257,32.11573978824403,-1656.617990290746 35.01459996343257,32.11573978824403,-1656.617990290746 35.01459996343257,32.11573978824403,-1656.617990290746 35.01459996343257,32.11573978824403,-1656.617990290746 35.01459996343257,32.11573978824403,-1656.617990290746 35.01459996343257,32.11573978824403,-1656.617990290746 35.01459996343257,32.11573978824403,-1656.617990290746 35.01459996343257,32.11573978824403,-1656.617990290746 35.01459996343257,32.11573978824403,-1656.617990290746 35.01459996343257,32.11573978824403,-1656.617990290746 35.01459996343257,32.11573978824403,-1656.617990290746 35.01459996343257,32.11573978824403,-1656.617990290746 35.01459996343257,32.11573978824403,-1656.617990290746 35.01459996343257,32.11573978824403,-1656.617990290746 35.01459996343257,32.11573978824403,-1656.617990290746 35.01459996343257,32.11573978824403,-1656.617990290746 35.01459996343257,32.11573978824403,-1656.617990290746 35.01459996343257,32.11573978824403,-1656.617990290746 35.01459996343257,32.11573978824403,-1656.617990290746 35.01459996343257,32.11573978824403,-1656.617990290746 35.01459996343257,32.11573978824403,-1656.617990290746 35.01459996343257,32.11573978824403,-1656.617990290746 35.01459996343257,32.11573978824403,-1656.617990290746 35.01459996343257,32.11573978824403,-1656.617990290746 35.01459996343257,32.11573978824403,-1656.617990290746 35.01459996343257,32.11573978824403,-1656.617990290746 35.01459996343257,32.11573978824403,-1656.617990290746 35.01459996343257,32.11573978824403,-1656.617990290746 35.01459996343257,32.11573978824403,-1656.617990290746 35.01459996343257,32.11573978824403,-1656.617990290746 35.01459996343257,32.11573978824403,-1656.617990290746 35.01459996343257,32.11573978824403,-1656.617990290746 35.01459996343257,32.11573978824403,-1656.617990290746 35.01459996343257,32.11573978824403,-1656.617990290746 35.01459996343257,32.11573978824403,-1656.617990290746 35.01459996343257,32.11573978824403,-1656.617990290746 35.01459996343257,32.11573978824403,-1656.617990290746 35.01459996343257,32.11573978824403,-1656.617990290746 35.01459996343257,32.11573978824403,-1656.617990290746 35.01459996343257,32.11573978824403,-1656.617990290746 35.01459996343257,32.11573978824403,-1656.617990290746 35.01459996343257,32.11573978824403,-1656.617990290746 35.01459996343257,32.11573978824403,-1656.617990290746 35.01459996343257,32.11573978824403,-1656.617990290746 35.01459996343257,32.11573978824403,-1656.617990290746 35.01459996343257,32.11573978824403,-1656.617990290746 35.01459996343257,32.11573978824403,-1656.617990290746 35.01459996343257,32.11573978824403,-1656.617990290746 35.01459996343257,32.11573978824403,-1656.617990290746 35.01459996343257,32.11573978824403,-1656.617990290746 35.01459996343257,32.11573978824403,-1656.617990290746 35.01459996343257,32.11573978824403,-1656.617990290746 35.01459996343257,32.11573978824403,-1656.617990290746 35.01459996343257,32.11573978824403,-1656.617990290746 35.01459996343257,32.11573978824403,-1656.617990290746 35.01459996343257,32.11573978824403,-1656.617990290746 35.01459996343257,32.11573978824403,-1656.617990290746 35.01459996343257,32.11573978824403,-1656.617990290746 35.01459996343257,32.11573978824403,-1656.617990290746 35.01459996343257,32.11573978824403,-1656.617990290746 35.01459996343257,32.11573978824403,-1656.617990290746 35.01459996343257,32.11573978824403,-1656.617990290746 35.01459996343257,32.11573978824403,-1656.617990290746 35.01459996343257,32.11573978824403,-1656.617990290746 35.01459996343257,32.11573978824403,-1656.617990290746 35.01459996343257,32.11573978824403,-1656.617990290746 35.01459996343257,32.11573978824403,-1656.617990290746 35.01459996343257,32.11573978824403,-1656.617990290746 35.01459996343257,32.11573978824403,-1656.617990290746 35.01459996343257,32.11573978824403,-1656.617990290746 35.01459996343257,32.11573978824403,-1656.617990290746 35.01459996343257,32.11573978824403,-1656.617990290746 35.01459996343257,32.11573978824403,-1656.617990290746 35.01459996343257,32.11573978824403,-1656.617990290746 35.01459996343257,32.11573978824403,-1656.617990290746 35.01459996343257,32.11573978824403,-1656.617990290746 35.01459996343257,32.11573978824403,-1656.617990290746 35.01459996343257,32.11573978824403,-1656.617990290746 35.01459996343257,32.11573978824403,-1656.617990290746 35.01459996343257,32.11573978824403,-1656.617990290746 35.01459996343257,32.11573978824403,-1656.617990290746 35.01459996343257,32.11573978824403,-1656.617990290746 35.01459996343257,32.11573978824403,-1656.617990290746 35.01459996343257,32.11573978824403,-1656.617990290746 35.01459996343257,32.11573978824403,-1656.617990290746 35.01459996343257,32.11573978824403,-1656.617990290746 35.01459996343257,32.11573978824403,-1656.617990290746 35.01459996343257,32.11573978824403,-1656.617990290746 35.01459996343257,32.11573978824403,-1656.617990290746 35.01459996343257,32.11573978824403,-1656.617990290746 35.01459996343257,32.11573978824403,-1656.617990290746 35.01459996343257,32.11573978824403,-1656.617990290746 35.01459996343257,32.11573978824403,-1656.617990290746 35.01459996343257,32.11573978824403,-1656.617990290746 35.01459996343257,32.11573978824403,-1656.617990290746 35.01459996343257,32.11573978824403,-1656.617990290746 35.01459996343257,32.11573978824403,-1656.617990290746 35.01459996343257,32.11573978824403,-1656.617990290746 35.01459996343257,32.11573978824403,-1656.617990290746 35.01459996343257,32.11573978824403,-1656.617990290746 35.01459996343257,32.11573978824403,-1656.617990290746 35.01459996343257,32.11573978824403,-1656.617990290746 35.01459996343257,32.11573978824403,-1656.617990290746 35.01459996343257,32.11573978824403,-1656.617990290746 35.01459996343257,32.11573978824403,-1656.617990290746 35.01459996343257,32.11573978824403,-1656.617990290746 35.01459996343257,32.11573978824403,-1656.617990290746 35.01459996343257,32.11573978824403,-1656.617990290746 35.01459996343257,32.11573978824403,-1656.617990290746 35.01459996343257,32.11573978824403,-1656.617990290746 35.01459996343257,32.11573978824403,-1656.617990290746 35.01459996343257,32.11573978824403,-1656.617990290746 35.01459996343257,32.11573978824403,-1656.617990290746 35.01459996343257,32.11573978824403,-1656.617990290746 35.01459996343257,32.11573978824403,-1656.617990290746 35.01459996343257,32.11573978824403,-1656.617990290746 35.01459996343257,32.11573978824403,-1656.617990290746 35.01459996343257,32.11573978824403,-1656.617990290746 35.01459996343257,32.11573978824403,-1656.617990290746 35.01459996343257,32.11573978824403,-1656.617990290746 35.01459996343257,32.11573978824403,-1656.617990290746 35.01459996343257,32.11573978824403,-1656.617990290746 35.01459996343257,32.11573978824403,-1656.617990290746 35.01459996343257,32.11573978824403,-1656.617990290746 35.01459996343257,32.11573978824403,-1656.617990290746 35.01459996343257,32.11573978824403,-1656.617990290746 35.01459996343257,32.11573978824403,-1656.617990290746 35.01459996343257,32.11573978824403,-1656.617990290746 35.01459996343257,32.11573978824403,-1656.617990290746 35.01459996343257,32.11573978824403,-1656.617990290746 35.01459996343257,32.11573978824403,-1656.617990290746 35.01459996343257,32.11573978824403,-1656.617990290746 35.01459996343257,32.11573978824403,-1656.617990290746 35.01459996343257,32.11573978824403,-1656.617990290746 35.01459996343257,32.11573978824403,-1656.617990290746 35.01459996343257,32.11573978824403,-1656.617990290746 35.01459996343257,32.11573978824403,-1656.617990290746 35.01459996343257,32.11573978824403,-1656.617990290746 35.01459996343257,32.11573978824403,-1656.617990290746 35.01459996343257,32.11573978824403,-1656.617990290746 35.01459996343257,32.11573978824403,-1656.617990290746 35.01459996343257,32.11573978824403,-1656.617990290746 35.01459996343257,32.11573978824403,-1656.617990290746 35.01459996343257,32.11573978824403,-1656.617990290746 35.01459996343257,32.11573978824403,-1656.617990290746 35.01459996343257,32.11573978824403,-1656.617990290746 35.01459996343257,32.11573978824403,-1656.617990290746 35.01459996343257,32.11573978824403,-1656.617990290746 35.01459996343257,32.11573978824403,-1656.617990290746 35.01459996343257,32.11573978824403,-1656.617990290746 35.01459996343257,32.11573978824403,-1656.617990290746 35.01459996343257,32.11573978824403,-1656.617990290746 35.01459996343257,32.11573978824403,-1656.617990290746 35.01459996343257,32.11573978824403,-1656.617990290746 35.01459996343257,32.11573978824403,-1656.617990290746 35.01459996343257,32.11573978824403,-1656.617990290746 35.01459996343257,32.11573978824403,-1656.617990290746 35.01459996343257,32.11573978824403,-1656.617990290746 35.01459996343257,32.11573978824403,-1656.617990290746 35.01459996343257,32.11573978824403,-1656.617990290746 35.01459996343257,32.11573978824403,-1656.617990290746 35.01459996343257,32.11573978824403,-1656.617990290746 35.01459996343257,32.11573978824403,-1656.617990290746 35.01459996343257,32.11573978824403,-1656.617990290746 35.01459996343257,32.11573978824403,-1656.617990290746 35.01459996343257,32.11573978824403,-1656.617990290746 35.01459996343257,32.11573978824403,-1656.617990290746 35.01459996343257,32.11573978824403,-1656.617990290746 35.01459996343257,32.11573978824403,-1656.617990290746 35.01459996343257,32.11573978824403,-1656.617990290746 35.01459996343257,32.11573978824403,-1656.617990290746 35.01459996343257,32.11573978824403,-1656.617990290746 35.01459996343257,32.11573978824403,-1656.617990290746 35.03724370960643,32.11394799923755,-1656.617990290746 35.059887455780284,32.11215621023107,-1656.617990290746 35.08252647348443,32.11035941513276,-1656.617990290746 35.105168410183296,32.108556614027734,580.7181789949536 35.12781278560407,32.10675506059673,580.7181789949536 35.15047314824846,32.104953653501425,607.2199955573305 35.173138114861985,32.10314764637304,618.9567601131275 35.19581626139296,32.10133982635336,637.4264312423766 35.19585940334249,32.10132267869716,629.622022157535 35.195919237124684,32.10130320646675,643.5168771995232 35.19599834650221,32.101287724907976,640.3929411396384 35.1960912718472,32.101279271503245,651.1002762187272 35.196205211256995,32.10126650186281,661.9338455954567 35.1963207348707,32.101255223794425,664.0616846885532 35.19645417764661,32.101247871829884,669.6577491732314 35.196593126082554,32.10124544594886,652.9418406477198 35.19674484368373,32.101248517563555,660.739242083393 35.19689951217982,32.10126267509273,651.9870098643005 35.197067648331085,32.10128048361263,654.2926688371226 35.19723865176992,32.1013034165958,653.6530251093209 35.19741086700522,32.10133838993462,651.0356994867325 35.19758314210514,32.10137713826949,635.2617812855169 35.197750427067035,32.101423779074636,631.3306470895186 35.19792424507166,32.10147530750291,622.6796897193417 35.19809691089896,32.101529814677555,636.0626906612888 35.19824993399868,32.10157556051193,643.3693278422579 35.19837494231761,32.10161867077577,636.6811422314495 35.19848034838678,32.10165563442904,638.4920100048184 35.19856108987278,32.101683626288306,638.4920100048184 35.19862420006662,32.101706205243794,638.4920100048184 35.198669777267156,32.10172156565824,638.4920100048184 35.19869013584747,32.10172892525733,638.4920100048184 35.19869013584747,32.10172892525733,638.4920100048184 35.19869013584747,32.10172892525733,638.4920100048184 35.19869013584747,32.10172892525733,638.4920100048184 35.19869013584747,32.10172892525733,638.4920100048184 35.19869013584747,32.10172892525733,638.4920100048184 35.19869013584747,32.10172892525733,638.4920100048184 35.19869013584747,32.10172892525733,638.4920100048184 35.19869013584747,32.10172892525733,638.4920100048184 35.19869013584747,32.10172892525733,638.4920100048184 35.19869013584747,32.10172892525733,638.4920100048184 35.19869013584747,32.10172892525733,638.4920100048184 35.19869013584747,32.10172892525733,638.4920100048184 35.19869013584747,32.10172892525733,638.4920100048184 35.19869013584747,32.10172892525733,638.4920100048184 35.19869013584747,32.10172892525733,638.4920100048184 35.19869013584747,32.10172892525733,638.4920100048184 35.19869013584747,32.10172892525733,638.4920100048184 35.19869013584747,32.10172892525733,638.4920100048184 35.19869013584747,32.10172892525733,638.4920100048184 35.19869013584747,32.10172892525733,638.4920100048184 35.19869013584747,32.10172892525733,638.4920100048184 35.19869013584747,32.10172892525733,638.4920100048184 35.19869013584747,32.10172892525733,638.4920100048184 35.19869013584747,32.10172892525733,638.4920100048184 35.19869013584747,32.10172892525733,638.4920100048184 35.19869013584747,32.10172892525733,638.4920100048184 35.19869013584747,32.10172892525733,638.4920100048184 35.19869013584747,32.10172892525733,638.4920100048184 35.19869013584747,32.10172892525733,638.4920100048184 35.19869013584747,32.10172892525733,638.4920100048184 35.19869013584747,32.10172892525733,638.4920100048184 35.19869013584747,32.10172892525733,638.4920100048184 35.19869013584747,32.10172892525733,638.4920100048184 35.19869013584747,32.10172892525733,638.4920100048184 35.19869013584747,32.10172892525733,638.4920100048184 35.19869013584747,32.10172892525733,638.4920100048184 35.19869013584747,32.10172892525733,638.4920100048184 35.19869013584747,32.10172892525733,638.4920100048184 35.19869013584747,32.10172892525733,638.4920100048184 35.19869013584747,32.10172892525733,638.4920100048184 35.19869013584747,32.10172892525733,638.4920100048184 35.19869013584747,32.10172892525733,638.4920100048184 35.19869013584747,32.10172892525733,638.4920100048184 35.19869013584747,32.10172892525733,638.4920100048184 35.19869013584747,32.10172892525733,638.4920100048184 35.19869013584747,32.10172892525733,638.4920100048184 35.19869013584747,32.10172892525733,638.4920100048184 35.19869013584747,32.10172892525733,638.4920100048184 35.19869013584747,32.10172892525733,638.4920100048184 35.19869013584747,32.10172892525733,638.4920100048184 35.19869013584747,32.10172892525733,638.4920100048184 35.19869013584747,32.10172892525733,638.4920100048184 35.19869013584747,32.10172892525733,638.4920100048184 35.19869013584747,32.10172892525733,638.4920100048184 35.19869013584747,32.10172892525733,638.4920100048184 35.19869013584747,32.10172892525733,638.4920100048184 35.19869013584747,32.10172892525733,638.4920100048184 35.19869013584747,32.10172892525733,638.4920100048184 35.19869013584747,32.10172892525733,638.4920100048184 35.19869013584747,32.10172892525733,638.4920100048184 35.19869013584747,32.10172892525733,638.4920100048184 35.19869013584747,32.10172892525733,638.4920100048184 35.19869013584747,32.10172892525733,638.4920100048184 35.19869013584747,32.10172892525733,638.4920100048184 35.19869013584747,32.10172892525733,638.4920100048184 35.19869013584747,32.10172892525733,638.4920100048184 35.19869013584747,32.10172892525733,638.4920100048184 35.19869013584747,32.10172892525733,638.4920100048184 35.19869013584747,32.10172892525733,638.4920100048184 35.19869013584747,32.10172892525733,638.4920100048184 35.19869013584747,32.10172892525733,638.4920100048184 35.19869013584747,32.10172892525733,638.4920100048184 35.19869013584747,32.10172892525733,638.4920100048184 35.19869013584747,32.10172892525733,638.4920100048184 35.19869013584747,32.10172892525733,638.4920100048184 35.19869013584747,32.10172892525733,638.4920100048184 35.19869013584747,32.10172892525733,638.4920100048184 35.19869013584747,32.10172892525733,638.4920100048184 35.19869013584747,32.10172892525733,638.4920100048184 35.19869013584747,32.10172892525733,638.4920100048184 35.19869013584747,32.10172892525733,638.4920100048184 35.19869013584747,32.10172892525733,638.4920100048184 35.19869013584747,32.10172892525733,638.4920100048184 35.19869013584747,32.10172892525733,638.4920100048184 35.19869013584747,32.10172892525733,638.4920100048184 35.19869013584747,32.10172892525733,638.4920100048184 35.19869013584747,32.10172892525733,638.4920100048184 35.19869013584747,32.10172892525733,638.4920100048184 35.19869013584747,32.10172892525733,638.4920100048184 35.19869013584747,32.10172892525733,638.4920100048184 35.19869013584747,32.10172892525733,638.4920100048184 35.19869013584747,32.10172892525733,638.4920100048184 35.19869013584747,32.10172892525733,638.4920100048184 35.19869013584747,32.10172892525733,638.4920100048184 35.19869013584747,32.10172892525733,638.4920100048184 35.19869013584747,32.10172892525733,638.4920100048184 35.19869013584747,32.10172892525733,638.4920100048184 35.19869013584747,32.10172892525733,638.4920100048184 35.19869013584747,32.10172892525733,638.4920100048184 35.19869013584747,32.10172892525733,638.4920100048184 35.19869013584747,32.10172892525733,638.4920100048184 35.19869013584747,32.10172892525733,638.4920100048184 35.19869013584747,32.10172892525733,638.4920100048184 35.19869013584747,32.10172892525733,638.4920100048184 35.19869013584747,32.10172892525733,638.4920100048184 35.19869013584747,32.10172892525733,638.4920100048184 35.19869013584747,32.10172892525733,638.4920100048184 35.19869013584747,32.10172892525733,638.4920100048184 35.19869013584747,32.10172892525733,638.4920100048184 35.19869013584747,32.10172892525733,638.4920100048184 35.19869013584747,32.10172892525733,638.4920100048184 35.19869013584747,32.10172892525733,638.4920100048184 35.19869013584747,32.10172892525733,638.4920100048184 35.19869013584747,32.10172892525733,638.4920100048184 35.19869013584747,32.10172892525733,638.4920100048184 35.19869013584747,32.10172892525733,638.4920100048184 35.19869013584747,32.10172892525733,638.4920100048184 35.19869013584747,32.10172892525733,638.4920100048184 35.19869013584747,32.10172892525733,638.4920100048184 35.19869013584747,32.10172892525733,638.4920100048184 35.19869013584747,32.10172892525733,638.4920100048184 35.19869013584747,32.10172892525733,638.4920100048184 35.19869013584747,32.10172892525733,638.4920100048184 35.200505226902095,32.102086773015166,638.4920100048184 35.2021839002776,32.102466356072476,638.4920100048184 35.203862189465916,32.10285226089092,638.4920100048184 35.205542792009815,32.10324500080225,767.2181973289698 35.207223394553715,32.10363774071358,722.2039807885885 35.208903997097615,32.104030480624914,721.2232335573062 35.21058459964152,32.10442322053624,722.494303018786 35.21226520218542,32.104815960447574,722.494303018786 35.21211940921664,32.10486448595708,722.494303018786 35.212102117149286,32.10490042741411,722.494303018786 35.21207720841959,32.10494087796878,722.494303018786 35.2120450300505,32.104980597811505,726.7763357013464 35.21201041440691,32.105020072977716,721.9310115678236 35.211975013020194,32.10505889869576,721.9397528488189 35.21193960283583,32.10509554675138,718.2892051516101 35.21190419265146,32.10513219480699,710.8807157417759 35.21187628403152,32.10514722733602,708.7286560572684 35.211851964033265,32.10514934903902,711.3720355331898 35.21183564488454,32.10514063988324,711.3720355331898 35.21181757740497,32.105118557432235,702.7068157698959 35.21180111668497,32.105091432697385,709.2989995107055 35.21177974916837,32.10506099729713,709.2989995107055 35.211763114992536,32.10502656857289,720.5703565403819 35.21174408595221,32.10498793761512,715.8907028976828 35.211728859805525,32.10495728882793,708.8874213630334 35.21171796181484,32.104930399619775,712.1738726682961 35.21170706382416,32.104903510411624,713.7152768159285 35.21170287044812,32.10488389011775,713.7152768159285 35.21169950758702,32.10486955678424,713.7152768159285 35.21170183726565,32.1048591835643,713.7152768159285 35.21169944240115,32.104854981330774,713.7152768159285 35.21169944240115,32.104854981330774,713.7152768159285 35.21169944240115,32.104854981330774,713.7152768159285 35.211690653465055,32.10482827005032,713.7152768159285 35.21168186452896,32.10480155876986,713.7152768159285 35.21166371770779,32.10475429374351,713.7152768159285 35.21164557088662,32.10470702871717,724.4821196114644 35.21160134707083,32.1046496818333,724.4821196114644 35.21155712325505,32.10459233494942,730.1383241908625 35.21151289943927,32.10453498806555,730.1383241908625 35.21146867562349,32.104477641181674,724.404218474403 35.2114332407438,32.10444700557826,724.404218474403 35.21135107009645,32.10439510761415,724.404218474403 35.21124812994491,32.10434109382478,724.404218474403 35.21289478382681,32.10455295166671,724.404218474403 35.214567514703326,32.104774891366176,713.9633168177679 35.21624024557983,32.104996831065634,722.8217359716073 35.21791297645635,32.1052187707651,-2931.895436820574 35.219585707332854,32.10544071046456,-2931.895436820574 35.22125843820936,32.10566265016403,-2931.895436820574 35.22297790485353,32.10590585222418,-2931.895436820574 35.22472749888697,32.10617172385548,-2931.895436820574 35.22472749888697,32.10617172385548,-2931.895436820574 35.22472749888697,32.10617172385548,-2931.895436820574 35.22472749888697,32.10617172385548,-2931.895436820574 35.22472749888697,32.10617172385548,-2931.895436820574 35.22472749888697,32.10617172385548,-2931.895436820574 35.22472749888697,32.10617172385548,-2931.895436820574 35.222871168777004,32.10571703860565,-2931.895436820574 35.2210051085347,32.10525984340053,-2931.895436820574 35.219144018600026,32.104835051718425,-2931.895436820574 35.21834637855903,32.10464409855599,761.510399479419 35.217282858504376,32.10438949433941,756.5123539045453 35.215793930427864,32.10403304843619,748.7269731843844</coordinates>
            </LineString>
        </Placemark>
        <Placemark id="7">
            <name>START</name>
            <styleUrl>#8</styleUrl>
            <Point id="6">
                <coordinates>34.81085315366953,32.16784731936943,-598.1003159387037</coordinates>
            </Point>
        </Placemark>
    </Document>
</kml>
