UTC,Lat,Lon,Alt
06:44:38,32.16975387408144,34.813968627851324,204.32157580088824
06:44:40,32.169687217938744,34.813885828868315,136.06773452088237
06:44:42,32.169553905653366,34.81382098196945,132.88614829536527
06:44:44,32.16941911465136,34.813662101832726,-17.471654346212745
06:44:45,32.16934985956594,34.81355580184763,-30.884529675357044
06:44:46,32.169343746391775,34.81342819086375,-44.96501452848315
06:44:47,32.16933286168227,34.813401130555754,30.153743780218065
06:44:48,32.16933046767696,34.81340113055576,-29.549153504893184
06:44:49,32.16933046767696,34.813401130555754,-51.34857408795506
06:44:50,32.169342219344315,34.81340133094702,-30.440167929045856
06:44:51,32.169345480307484,34.813401130555754,-51.633807674981654
06:44:52,32.169345480307484,34.81339168572163,-51.290201040916145
06:44:53,32.16934166623395,34.813382240887506,-50.52751273754984
06:44:54,32.16933785216042,34.81337299644465,-46.914232190698385
06:44:55,32.169336217495385,34.81337299644465,-58.12199723999947
06:44:56,32.16933374261246,34.813378125677055,-39.859721577726305
06:44:57,32.16933124904844,34.81337812567706,-48.81932211574167
06:44:58,32.16932483351998,34.81337812567707,-43.13179945014417
06:44:59,32.1693176996848,34.81337565921461,-42.368723439984024
06:45:00,32.16931023264408,34.81337460413364,-43.104764497838914
06:45:01,32.169307667494564,34.81337725191557,-34.62097867298871
06:45:02,32.16930721398005,34.813377236927536,-34.25442573800683
06:45:03,32.16930721398005,34.81337723692754,-39.978834048844874
06:45:04,32.16930690123007,34.81337100569379,-32.117719285190105
06:45:05,32.169306588480104,34.81337100569379,-33.95620917715132
06:45:06,32.16931336406981,34.81337470855668,-30.684160966426134
06:45:07,32.16932069500827,34.81338694544206,-29.54627788066864
06:45:08,32.16933619537297,34.81339525777622,-37.54838160146028
06:45:09,32.169344505770106,34.81340284835753,-53.28984590712935
06:45:10,32.16935267519636,34.81340443328722,-45.38991690147668
06:45:11,32.16935267519636,34.81340371153438,-30.662355633452535
06:45:12,32.16935267519636,34.81340212660469,-57.49815305136144
06:45:13,32.169353161852094,34.813392927985795,-17.55076265707612
06:45:14,32.16935425563982,34.8133837293669,-39.86496637109667
06:45:15,32.16934684315153,34.81337611567768,-34.77490138914436
06:45:16,32.16933894400751,34.81337611567768,-40.8592048631981
06:45:17,32.169329264692934,34.81338122785961,-43.23408162035048
06:45:18,32.16931121775636,34.813398196644556,-15.058816305361688
06:45:19,32.16929145742983,34.81342368694464,-7.44318270124495
06:45:20,32.16926827996478,34.8134515579132,2.7889747032895684
06:45:21,32.16926197639772,34.81346757227873,-4.937884627841413
06:45:22,32.16926197639772,34.81348269220197,64.5316432081163
06:45:23,32.169266566574805,34.81349031927481,47.15813663881272
06:45:24,32.16927450024777,34.813497946347645,82.2652165768668
06:45:25,32.169285898197145,34.81348141885197,10.29649256169796
06:45:26,32.16929729614651,34.81346489135629,8.221968283876777
06:45:27,32.16930535060002,34.81344836386061,2.7272969875484705
06:45:28,32.169303351298154,34.8134482638228,-25.95251384936273
06:45:29,32.16929529684465,34.81344499451027,-4.391105655580759
06:45:30,32.16929329754279,34.81344172519774,42.15813997760415
06:45:31,32.16929329754279,34.813445817947304,-6.308682580478489
06:45:32,32.16929768879217,34.81347271889384,-54.4569877255708
06:45:33,32.16929768879217,34.81349961984038,-31.563758564181626
06:45:34,32.169297884389216,34.81351925876263,127.35025576502085
06:45:35,32.16930700552389,34.81351925876263,-30.385613527148962
06:45:36,32.16933903654443,34.81352351371527,-13.69259169884026
06:45:37,32.16936343419807,34.81352776866791,-19.165763943456113
06:45:38,32.16936343419806,34.81353434797081,-11.855466042645276
06:45:39,32.16935599642821,34.81354321051957,-72.75028156489134
06:45:40,32.16935599642821,34.81362475161381,-43.056595898233354
06:45:41,32.16938551090504,34.813716206538714,6.437112236395478
06:45:42,32.169400051337206,34.813832889390135,-1.7344498876482248
06:45:43,32.169427620741985,34.81388213483704,36.56105884723365
06:45:44,32.169442811688214,34.813919142103,56.24301813635975
06:45:45,32.16945584066082,34.81392438324397,215.4715241920203
06:45:46,32.169445677506204,34.81387513779707,189.88611964974552
06:45:47,32.169435514351576,34.81383620190905,193.85656157974154
06:45:48,32.169402276086736,34.813786871181605,-43.083633463829756
06:45:49,32.169376950068155,34.81378440594686,7.005830640904605
06:45:50,32.16934566188705,34.81376870350464,6.42872176785022
06:45:51,32.16933744881617,34.81376632355043,9.808362573385239
06:45:52,32.16932960010694,34.81376870350464,-19.77360565122217
06:45:53,32.16932648177155,34.81377163115324,-2.4660599129274487
06:45:54,32.16931986012122,34.81374742879419,35.846363929100335
06:45:55,32.169309738260935,34.81370942154746,2.836311986669898
06:45:56,32.16929994964966,34.81367379425493,6.926954398863018
06:45:57,32.169293664353326,34.81366236932147,-13.732076154090464
06:45:58,32.16929276581366,34.81366236932147,61.13629972282797
06:45:59,32.16929276581366,34.81366236932147,1.895315638743341
06:46:00,32.16929276581366,34.81366453934937,45.516557219438255
06:46:01,32.16929276581366,34.81366670937728,35.41582338232547
06:46:02,32.169295203262116,34.81366887940518,-4.188754512928426
06:46:03,32.169297640710575,34.81364255829448,-27.546851406805217
06:46:04,32.16930007815903,34.81358507197269,-1.9502563523128629
06:46:05,32.16928257234203,34.81352505492279,28.241371070034802
06:46:06,32.16926410335135,34.81346830078476,35.14063512440771
06:46:07,32.16924563436068,34.81343940982644,33.361523441039026
06:46:08,32.16924563436068,34.81340360784321,54.16517707053572
06:46:09,32.169246597534354,34.81338335579449,40.083707134239376
06:46:10,32.16927725921016,34.813358482302,51.42377810087055
06:46:11,32.16931678542921,34.813328026670185,2.412563906982541
06:46:12,32.16935857912402,34.81330360428876,-8.364302271977067
06:46:13,32.1693706743167,34.813287105382535,-1.5469564320519567
06:46:14,32.169373042506066,34.8132665894553,-1.4819651059806347
06:46:15,32.16937314321966,34.81322380721496,-5.995833416469395
06:46:16,32.169378420102596,34.81316635661279,-11.40720046684146
06:46:17,32.169383596271935,34.813113898822415,-9.558095748536289
06:46:18,32.169383596271935,34.81306904802376,-0.9201329462230206
06:46:19,32.16937096122074,34.81300429728275,11.021008271723986
06:46:20,32.169358326169544,34.81294442518506,137.12873225286603
06:46:21,32.16933455873958,34.812845795843096,3.3659463189542294
06:46:22,32.16931825019145,34.81277659739199,-13.024695693515241
06:46:23,32.169301487496504,34.81267928418206,-39.608438178896904
06:46:24,32.16930103334967,34.81259949840228,96.30343820992857
06:46:25,32.169300579202826,34.81249834457119,25.660774813964963
06:46:26,32.169300579202826,34.81243159769871,-12.919150037690997
06:46:27,32.169307786972425,34.81240221497567,6.498627104796469
06:46:28,32.16931603498507,34.812379713889555,-10.047991066239774
06:46:29,32.16932324275467,34.81233295021795,-18.642309198156
06:46:30,32.16932324275467,34.812284358441325,25.999637513421476
06:46:31,32.169305093744,34.812226192131,-21.05305310525
06:46:32,32.16928798497637,34.81212366308995,-8.90488910023123
06:46:33,32.16927341878812,34.812015613815284,37.49323404300958
06:46:34,32.16923807747493,34.81191013211767,39.43795372545719
06:46:35,32.169202736161736,34.81186614843232,125.72543340362608
06:46:36,32.16917808767639,34.811820578656764,20.746413975954056
06:46:37,32.169191323083616,34.811773206088894,-2.162379439920187
06:46:38,32.16920455849085,34.81173583808336,-20.866457586176693
06:46:39,32.16920413915269,34.811639250830574,-19.560090978629887
06:46:40,32.169203719814526,34.81154212862552,25.864656408317387
06:46:41,32.169203719814526,34.81142752122421,18.72405240405351
06:46:42,32.16920413915269,34.811379510638034,36.03685245849192
06:46:43,32.169204862405934,34.81133809442594,31.01277834083885
06:46:44,32.16923358352109,34.81129052055952,-95.35706324130297
06:46:45,32.16926230463625,34.811227094132704,-10.511759751476347
06:46:46,32.16929072183631,34.811177519479315,1.2377357371151447
06:46:47,32.16927970648052,34.811151587676484,-6.326219507493079
06:46:48,32.169252704048255,34.81111202819779,-6.783220585435629
06:46:49,32.16922428684819,34.81108099110057,-4.8438700856640935
06:46:50,32.16919299647184,34.81104967329289,15.20525516755879
06:46:51,32.16917543046724,34.811038849829686,12.167220141738653
06:46:52,32.16915294259776,34.81102186894086,24.19612778071314
06:46:53,32.16914317983082,34.8110051687625,-17.667470136657357
06:46:54,32.16913111373506,34.81099901133688,-19.26606834679842
06:46:55,32.169099832309854,34.81099901133688,-0.39497491903603077
06:46:56,32.16905507967823,34.81099083035718,-1.193692559376359
06:46:57,32.169003998008066,34.810976629343806,-3.7961273984983563
06:46:58,32.16895933637777,34.81096078492297,-11.718911913223565
06:46:59,32.1689019666704,34.81094817149154,-2.6631695441901684
06:47:00,32.16885214075048,34.81093344579926,11.22301176097244
06:47:01,32.16880384455517,34.81090665801722,-8.524797413498163
06:47:02,32.16875790503359,34.810873170332734,-2.6799797927960753
06:47:03,32.1687055390374,34.81083302184534,-5.869883032515645
06:47:04,32.16866253263878,34.8106511828743,-15.047852802090347
06:47:05,32.16859998844515,34.810480993796006,-79.3590944884345
06:47:06,32.168543671429255,34.81032559781512,-69.67573634628206
06:47:07,32.16849361548698,34.81032559781512,-80.13833913207054
06:47:08,32.16843520038038,34.81035457266089,-88.79402564186603
06:47:09,32.168379495128136,34.81038354750667,11.241569857113063
06:47:10,32.16830949090421,34.81041252235244,1.5540324430912733
06:47:11,32.16827963256271,34.81041252235244,-6.585537969134748
06:47:12,32.168214258302235,34.810374034030225,-18.556068676523864
06:47:13,32.16815496035081,34.810333937168714,-9.256519106216729
06:47:14,32.16809557076823,34.8102928966644,-20.140566052868962
06:47:15,32.16806067510488,34.810282995294955,-15.582671962678432
06:47:16,32.16802901114334,34.81024438683509,-15.175410745665431
06:47:17,32.16798703746569,34.81018874408347,-6.6917629763484
06:47:18,32.16793782732321,34.810101376160944,20.11588883586228
06:47:19,32.167882023587445,34.81004130525941,-9.509993840940297
06:47:20,32.16783466540488,34.809941130749834,-12.700613914988935
06:47:21,32.167759344979004,34.80983399583045,44.58441760390997
06:47:22,32.16769462050893,34.80970004165547,-16.50925844721496
06:47:23,32.16760378763078,34.80961489576508,31.93650944251567
06:47:24,32.16754074134726,34.80954418513604,33.23668716382235
06:47:25,32.16747732498981,34.80950156673455,34.42005972843617
06:47:26,32.16745159055905,34.80946822159107,41.31046243105084
06:47:27,32.16743681901533,34.80944810481935,32.18868417106569
06:47:28,32.167409526525695,34.80942954033049,29.82509915716946
06:47:29,32.16738535342766,34.80939494302603,29.36445099581033
06:47:30,32.167369492283036,34.80937666929665,-6.4284637765958905
06:47:31,32.167369492283036,34.80935858892118,57.14142324589193
06:47:32,32.167369492283036,34.80935199038379,-42.792318837717175
06:47:33,32.167378161941734,34.80934734877862,-8.77698686812073
06:47:34,32.16738683160043,34.809342601848755,-6.417295450344682
06:47:35,32.16739550125913,34.80926091538904,-23.069250694476068
06:47:36,32.16739550125913,34.80912820799188,23.295550907962024
06:47:37,32.1673976894627,34.808981208869255,41.749169687740505
06:47:38,32.167399877666284,34.80888437253041,31.491306834854186
06:47:39,32.16740498408736,34.808829050858385,43.163131977431476
06:47:40,32.16742377144255,34.808770032110864,36.183740264736116
06:47:41,32.16744681027032,34.80872327513338,36.09173951484263
06:47:42,32.16746898010264,34.80864865330726,20.78218901064247
06:47:43,32.16750610300454,34.80857758810807,38.864463991485536
06:47:44,32.167540993423444,34.808489189945696,31.240996678359807
06:47:45,32.16757549375998,34.80842749264904,36.78123877197504
06:47:46,32.167592284793514,34.808365833942155,32.24139288440347
06:47:47,32.16762501109709,34.808328334287864,43.10088695306331
06:47:48,32.16767702490469,34.808229952897015,-23.321810853667557
06:47:49,32.16771788918524,34.8081343207472,29.29999679978937
06:47:50,32.16775291719749,34.80803507890354,23.270154172554612
06:47:51,32.167768453331824,34.80796247186104,43.19515128992498
06:47:52,32.16779502751443,34.807874232489034,30.438744129613042
06:47:53,32.16781086364522,34.80778646643972,32.585766355507076
06:47:54,32.16783307437536,34.80770815677486,39.118950912728906
06:47:55,32.16787490263684,34.807641449917895,49.42676120903343
06:47:56,32.16792151530227,34.80752758407843,148.47407347057015
06:47:57,32.167986629166045,34.8073900529378,40.78100772853941
06:47:58,32.16802209909895,34.807245315788684,44.06844525504857
06:47:59,32.168051404688406,34.80713642138134,28.221696763299406
06:48:00,32.16806835057531,34.807003398240106,27.341542119160295
06:48:01,32.16809126050538,34.806886481221134,52.32342929486185
06:48:02,32.16811579539644,34.80676815953756,40.141164044849575
06:48:03,32.16813256419245,34.806713804144685,37.72944984585047
06:48:04,32.16815054130237,34.80663093032865,45.07070208154619
06:48:05,32.16818394303128,34.80657210760703,63.143895814195275
06:48:06,32.16821486773111,34.8065250152928,44.38602418079972
06:48:07,32.16824024060878,34.80647934162004,36.32326766755432
06:48:08,32.168273272458336,34.80643304020564,41.03886860795319
06:48:09,32.168302576571065,34.806384487519885,38.08174832444638
06:48:10,32.16832728512293,34.806349355614806,41.50092535279691
06:48:11,32.16832728512293,34.8063188974976,40.12263710051775
06:48:12,32.1683318465456,34.80629833942087,43.7864846047014
06:48:13,32.16833640796827,34.80629833942087,52.5497972946614
06:48:14,32.16833591045681,34.806334427124604,19.280478719621897
06:48:15,32.16832701304684,34.806370747586264,-14.153183775953948
06:48:16,32.16831694806831,34.80648466535087,-2.976009818725288
06:48:17,32.168313109592475,34.80656945808773,60.14096006192267
06:48:18,32.168313109592475,34.806661319179064,-0.8519887747243047
06:48:19,32.16828227968503,34.80670309815317,-1.995694337412715
06:48:20,32.1682458360565,34.80680294434797,2.007419972680509
06:48:24,32.16820939242797,34.80689548943039,173.31967274006456
06:48:25,32.1681691645931,34.806967705306,48.76070191338658
06:48:26,32.16813338291075,34.807011074235504,83.06854849122465
06:48:27,32.16807016272634,34.80705444316501,65.35561282373965
06:48:28,32.16804240599123,34.807150508145405,-67.90401921328157
06:48:29,32.16801464925612,34.807397360173816,43.136404792778194
06:48:33,32.16798571551487,34.80766839970139,114.31595710013062
06:48:34,32.16795710000663,34.80789137995793,-23.232053011655807
06:48:35,32.1679284844984,34.807969461842,-3.706499175168574
06:48:36,32.1679284844984,34.80803548323593,3.7830196786671877
06:48:37,32.1679284844984,34.80809350473423,-10.193912906572223
06:48:38,32.1679284844984,34.808153363469124,24.2723307358101
06:48:39,32.16788717101999,34.808251000029266,62.99593964871019
06:48:40,32.16785079915883,34.808350531619034,123.02452642656863
06:48:42,32.16780948568043,34.80854700679807,-75.02197279501706
06:48:45,32.16780888990526,34.80877850622291,-91.63561535812914
06:48:47,32.167799065504454,34.8090286054996,44.795962118543684
06:48:48,32.16778983873618,34.80913785232432,77.88037340994924
06:48:49,32.167781207743076,34.80918748487873,60.47932096756995
06:48:50,32.167653638267744,34.8092127996885,91.3291103085503
06:48:51,32.16751656825225,34.809238114498285,-7.340217061340809
06:48:52,32.16729041706837,34.809238114498285,-95.17124198190868
06:49:05,32.16716500711097,34.809238114498285,52.239243942312896
06:49:06,32.16704070095456,34.809238114498285,49.83895842451602
06:49:07,32.16699616154457,34.809238114498285,65.91806145384908
06:49:08,32.16696993382273,34.809234538702626,17.532849724404514
06:49:09,32.16695291745391,34.80920199106206,15.141011785715818
06:49:10,32.16694521550704,34.80915355557744,33.95818515866995
06:49:11,32.16685675704262,34.80908376911492,83.02757678832859
06:49:12,32.16675556322059,34.809033024293434,-5.4491307232528925
06:49:13,32.166636265664614,34.80897894429379,28.95990049932152
06:49:14,32.166562774207094,34.808903094016905,-3.023473348468542
06:49:15,32.166501146527345,34.808808834303925,27.2549310894683
06:49:16,32.166432037792745,34.80871306121467,10.97334868926555
06:49:17,32.16639343740524,34.808655386915284,45.77740543335676
06:49:18,32.16633450688253,34.80861783868584,56.26179606188089
06:49:19,32.166295846132144,34.808536464073796,-58.027609057724476
06:49:20,32.16621843327876,34.80846150015339,-28.012355498038232
06:49:21,32.16615296523039,34.80839334238857,47.8941736407578
06:49:22,32.166092812198485,34.80838974740485,13.361567804589868
06:49:23,32.1660752752982,34.8083480469077,-5.1231040162965655
06:49:24,32.166068525361055,34.80826582600226,-79.02254998963326
06:49:25,32.16606102746127,34.808121283127065,-25.151782155036926
06:49:26,32.165998362406256,34.80801703333458,-1.627284126356244
06:49:27,32.16592458760841,34.807943942716896,60.236900634132326
06:49:30,32.16579498706579,34.807915912565015,75.73990563303232
06:49:31,32.16572530429778,34.80784605490593,-29.360308927483857
06:49:32,32.165655404530064,34.80775080691331,218.5246447585523
06:49:33,32.16564207846974,34.807649271558056,125.79878006968647
06:49:34,32.16556898679103,34.807589563709996,95.59024827554822
06:49:35,32.16540959188612,34.80751024700992,119.14462183509022
06:49:37,32.16518681028853,34.807436017506156,18.91725493222475
06:49:38,32.165022928699884,34.80735209885136,33.14134274609387
06:49:39,32.16495009067792,34.807318274166896,1.8514204025268555
06:49:40,32.16493365667841,34.8072861475874,5.06112911272794
06:49:41,32.16488690771329,34.80725216714506,13.655109736137092
06:49:42,32.16479816243583,34.807210100536324,112.73603214975446
06:49:43,32.164708402612675,34.8071847974929,-3.667682722210884
06:49:44,32.16462629167545,34.80717103746334,2.943388607352972
06:49:45,32.16456377788138,34.80718295666947,28.351519795134664
06:49:46,32.164474681757,34.80718295666947,3.008465535007417
06:49:47,32.164397811640356,34.80718295666947,30.48637613467872
06:49:48,32.16433874223033,34.807156477950834,7.9724385375157
06:49:49,32.164314000630824,34.80708399760146,47.68700320646167
06:49:50,32.16429566128076,34.807010843122505,-6.673918605782092
06:49:51,32.16426722597012,34.80694170332785,18.122647736221552
06:49:52,32.16422100473956,34.80693048437005,16.018157458864152
06:49:53,32.164171680906534,34.80691993954182,22.270470489747822
06:49:54,32.164138351676655,34.80691743052693,31.917892674915493
06:49:55,32.16408512999449,34.80690973366965,21.23311468027532
06:49:56,32.16403129905556,34.80690094550176,59.58073616307229
06:49:57,32.16397968676965,34.806872277668155,50.23550533596426
06:49:58,32.16396600459164,34.80684879767694,45.93236359395087
06:49:59,32.16393533800759,34.806820191430745,2.2264163671061397
06:50:00,32.16390973831035,34.806813973865154,18.261926067061722
06:50:01,32.16390833325674,34.80679480897008,40.27224614471197
06:50:02,32.163930135382465,34.80679480897008,8.361029169522226
06:50:03,32.16395193750819,34.80679668090091,61.436726903542876
06:50:04,32.16394954499029,34.80681781915323,28.411680151708424
06:50:05,32.163941112745206,34.80681969108406,15.799892996437848
06:50:06,32.163932680500125,34.80682601007608,18.431161439046264
06:50:07,32.16391699707549,34.80683575872431,29.129158360883594
06:50:08,32.163909745895936,34.8068596831283,12.334388105198741
06:50:09,32.163902494716375,34.80688219853051,59.45982598140836
06:50:10,32.163909745895936,34.80689496528449,61.63762774318457
06:50:11,32.163909745895936,34.806899875274716,6.372081430628896
06:50:12,32.16391229501414,34.80690186692461,42.968729245476425
06:50:13,32.163907592952796,34.80690385857449,39.94525039289147
06:50:14,32.163916798879505,34.80690638025429,19.888256615027785
06:50:15,32.163923455688,34.80690691028419,51.110437631607056
06:50:16,32.163923455688,34.80690691028419,43.64125657919794
06:50:17,32.163916798879505,34.806892459690765,98.42749513313174
06:50:18,32.16391737324795,34.806878009097325,43.014198798686266
06:50:19,32.163924604424885,34.80685147410122,41.11274915933609
06:50:20,32.16393183560183,34.80683885966863,61.87398796249181
06:50:21,32.16393183560183,34.80679810036926,25.410136077553034
06:50:22,32.16391766343561,34.80676995550246,14.509047918021679
06:50:23,32.16390349126939,34.806741810635664,108.05132699850947
06:50:24,32.16388931910316,34.806741810635664,56.73377933446318
06:50:25,32.16388931910316,34.806741810635664,45.151624829508364
06:50:26,32.16390389113637,34.806741810635664,68.76612073648721
06:50:27,32.16391846316957,34.806741810635664,49.776998756453395
06:50:28,32.16394236989452,34.806715954840534,16.356087303720415
06:50:29,32.16395170458625,34.806690099045404,-0.6235929057002068
06:50:30,32.163961039278,34.80665674043295,-52.8462109612301
06:50:31,32.163958965744044,34.806631509749444,-7.105825149454176
06:50:32,32.16395689221008,34.806606279065925,-25.412782076746225
06:50:33,32.163954117392045,34.80658855119974,6.051149983890355
06:50:34,32.163954117392045,34.80658855119974,-31.34590750746429
06:50:35,32.16395341610796,34.80659101741197,-31.84666600264609
06:50:36,32.163951936928015,34.80659348362419,4.901213865727186
06:50:37,32.16394975646399,34.80664088495278,-42.85037051793188
06:50:38,32.163938656897145,34.8067000760069,-19.38494326081127
06:50:39,32.163915551055624,34.80677272089537,1.119945908896625
06:50:40,32.163892087673716,34.806800430667465,20.503474134020507
06:50:41,32.16387684271786,34.80681388450181,31.63267018739134
06:50:42,32.163875083216624,34.806813441789984,10.229489262215793
06:50:43,32.163875083216624,34.80681299907817,37.017576665617526
06:50:44,32.16386868730355,34.80681028999598,31.545303749851882
06:50:45,32.163862291390465,34.80680802362563,20.167407260276377
06:50:46,32.16385449351655,34.80680036297051,31.67309024836868
06:50:47,32.16386309700791,34.80680036297051,33.34513256698847
06:50:48,32.16387422081489,34.80680036297051,13.870975592173636
06:50:49,32.16388282430625,34.806805757255276,-1.5667657386511564
06:50:50,32.16387265588166,34.806805757255276,32.010586109012365
06:50:51,32.163866196815114,34.80681103959929,31.090687978081405
06:50:52,32.163856028390526,34.80679111891759,-49.47843062411994
06:50:53,32.16385576722354,34.806771198235886,36.391940558329225
06:50:54,32.163825489579736,34.80671763515006,33.53174498490989
06:50:55,32.163795790711816,34.80668927508994,30.64082196727395
06:50:56,32.16373580761895,34.806643149666904,-10.474311263300478
06:50:57,32.1636805521706,34.80662502124011,7.386915539391339
06:50:58,32.16360950198377,34.80659701896945,5.044478111900389
06:50:59,32.16351765027625,34.806565135866656,11.106161932460964
06:51:00,32.163441800260856,34.80652168194673,3.144098337739706
06:51:01,32.163331916982074,34.806467000899396,28.297055266797543
06:51:02,32.163239944758914,34.80642359955725,16.01999915856868
06:51:03,32.16312136310408,34.806373173685905,15.716142831370234
06:51:04,32.163018473953954,34.80632198623134,22.864982347935438
06:51:05,32.16290662037142,34.80626830747331,4.995291515253484
06:51:06,32.16276592789239,34.80621213518204,49.965597447007895
06:51:07,32.16259338820154,34.80616388584634,-6.77319105528295
06:51:08,32.16242407207804,34.80610169664601,68.48771801777184
06:51:09,32.16229220265068,34.806031368001506,100.01639306731522
06:51:10,32.16222257341706,34.805872504006295,-10.687987773679197
06:51:11,32.162156372528806,34.80574043766904,-57.039212509058416
06:51:12,32.162054187732906,34.805637962719395,-63.55287818238139
06:51:14,32.161824444251394,34.805651024050064,154.49792978726327
06:51:16,32.1615933855017,34.805664085380734,48.200469453819096
06:51:17,32.16137728217092,34.80568394567015,11.417246383614838
06:51:18,32.161296713081654,34.80568394567015,104.56751302722842
06:51:19,32.16117042863483,34.80568394567015,89.94399398379028
06:51:20,32.161073375665424,34.80565253808047,31.65908739157021
06:51:21,32.160970467952666,34.805627929449535,98.49952174257487
06:51:22,32.16090281365304,34.80559215366825,100.62538957968354
06:51:23,32.16067029092261,34.805556781603805,101.88456540368497
06:51:24,32.16043796572293,34.805506343048165,-13.828459355980158
06:51:25,32.16023225611502,34.8054133737011,63.6719281245023
06:51:27,32.16010410041167,34.805299334607525,182.93363170139492
06:51:28,32.1598401937081,34.80515313962308,70.16598480939865
06:51:30,32.15955253976956,34.805027833574115,15.25536409765482
06:51:31,32.15914782207911,34.804763825841526,62.51042204070836
06:51:38,32.1587657496079,34.80452483939922,29.95565340667963
06:51:39,32.15806781645777,34.80415797405411,156.98061440512538
06:51:49,32.15742877867946,34.80383508076195,112.70007301587611
06:51:52,32.15688366519189,34.803451288288095,13.881328107789159
06:51:53,32.156688465375055,34.80318022556312,9.931621316820383
06:51:54,32.156638915508545,34.80304226994287,12.137509317137301
06:51:55,32.156595395853756,34.8029874145961,9.54974745772779
06:51:56,32.15655185734137,34.802973091212586,153.41416791453958
06:51:57,32.15649344822988,34.80295630604347,143.8132424755022
06:51:58,32.156404870433335,34.80291861693477,149.3254260374233
06:51:59,32.15631066905327,34.80285812716648,48.96637484524399
06:52:01,32.15624402733814,34.80279066109665,148.40860437881202
06:52:02,32.156223504203666,34.80273363710313,144.95777074526995
06:52:03,32.15621922775099,34.80270678124249,167.70702712610364
06:52:06,32.15621245487851,34.802687094502176,134.62210614793003
06:52:07,32.15620995845873,34.802677869625114,144.4321883432567
06:52:08,32.156205538037675,34.80266870347174,142.6759914206341
06:52:09,32.1561288443558,34.8026041964378,73.47685891389847
06:52:10,32.15605215067392,34.80253968940386,58.33522268757224
06:52:11,32.15597659705703,34.80247518236992,139.16392415761948
06:52:12,32.155975813120726,34.80248166868203,59.25996493641287
06:52:13,32.155974645825665,34.802488154994144,50.992596516385674
06:52:14,32.15597426246691,34.80249464130626,56.19029658753425
06:52:15,32.15597426246691,34.802495007562186,61.23889287002385
06:52:16,32.155983835776524,34.802498224653654,61.425378020852804
06:52:17,32.15599592916018,34.80250282713846,63.05193404760212
06:52:18,32.15600763918508,34.802512885972384,85.80596257839352
06:52:19,32.15601613136819,34.802538187869885,64.98291901499033
06:52:20,32.15605484516782,34.802579269683584,22.03795056976378
06:52:21,32.156093558967456,34.802624096725985,126.43572336994112
06:52:24,32.15612630065803,34.80265082986926,56.44628713466227
06:52:25,32.15607712789512,34.80266039770299,144.36227657832205
06:52:28,32.1559970870056,34.80265706230714,144.82177186012268
06:52:29,32.15591704611608,34.8026537269113,15.090925559401512
06:52:30,32.15588617798947,34.80265039151546,8.561686165630817
06:52:31,32.15587195181377,34.80264877675136,9.10536891873926
06:52:36,32.15585772563807,34.80261907283921,92.98605670873076
06:52:37,32.15585772563807,34.8026174580751,72.34617726039141
06:52:38,32.15589206967886,34.802617458075105,153.27325617335737
06:52:45,32.155926413719655,34.8026973055088,71.69519107509404
06:52:46,32.155910645040116,34.80276084825118,70.8648835439235
06:52:47,32.155828463467024,34.80288062222923,185.46887129172683
06:52:48,32.155746281893926,34.802953549890006,100.29253409150988
06:52:49,32.15565738220502,34.803018484159786,90.8127413475886
06:52:50,32.15560728410613,34.80305213039116,34.112376099452376
06:52:51,32.15553256323701,34.80308146299431,37.38537241797894
06:52:52,32.15548531087708,34.803152386604005,103.19189112819731
06:52:53,32.15543217835362,34.80378985626796,78.4712833929807
06:53:05,32.15530044784239,34.804668399348934,153.96037285309285
06:53:09,32.15510404285965,34.805586624115115,101.62147319037467
06:53:10,32.15489110378877,34.80593122138401,140.36978833656758
06:53:12,32.15472164102347,34.80603758613284,141.11173151712865
06:53:13,32.15455161856388,34.806072182279,150.2509081531316
06:53:14,32.15440540268334,34.80615640918803,70.19516057893634
06:53:15,32.15429617284723,34.80629887879831,40.58248572796583
06:53:16,32.15421999524787,34.80643631207867,30.786581503227353
06:53:17,32.154116954827984,34.80656309325381,43.682862516492605
06:53:18,32.15401938180709,34.80663676042524,75.38798426091671
06:53:19,32.153925893166196,34.80671151933261,36.26950272358954
06:53:20,32.153858639993615,34.80672008726726,70.6598353413865
06:53:21,32.15376125689468,34.80672008726726,59.38379945792258
06:53:22,32.15368932907417,34.80670216877176,69.52437550388277
06:53:23,32.15356160855653,34.806692119808616,32.52532281912863
06:53:24,32.15343492664961,34.80664742385122,32.5122229680419
06:53:25,32.15329176739205,34.80658440176224,76.46846144460142
06:53:26,32.15316135839511,34.80651579398739,31.870128767564893
06:53:27,32.15303346263654,34.80646910657271,65.03151395451277
06:53:28,32.152895567252685,34.806413581921596,35.175519480369985
06:53:29,32.15278077235335,34.806333421345805,77.60252240579575
06:53:30,32.15266878012926,34.8062354856622,62.25119098741561
06:53:31,32.15212958196551,34.805898298605356,150.8391657313332
06:53:40,32.151541064913395,34.805568142679675,145.50289700832218
06:53:41,32.150976721172654,34.80526439670838,155.14109584875405
06:53:42,32.15077804395391,34.80518471014758,158.6643968084827
06:53:43,32.15061573546727,34.805049671299464,64.00497654080391
06:53:44,32.15003368434732,34.804764486103245,144.58832240477204
06:53:51,32.14954710509513,34.8045078454,153.50727743282914
06:53:52,32.149079465644114,34.804281226142535,33.0295656202361
06:53:53,32.14897322053412,34.804191332273895,12.629198268987238
06:53:55,32.148866137873476,34.80412381717773,160.43492526561022
06:53:56,32.148769910386214,34.80410630443099,77.67024766560644
06:53:57,32.14872081069375,34.804094602150855,56.98529602494091
06:53:58,32.14867314390285,34.80408289987072,67.49315809458494
06:53:59,32.14861890266299,34.804067869735896,71.41047357302159
06:54:00,32.148502579162425,34.80396421850569,142.72299763467163
06:54:04,32.14819691529807,34.803856022342046,189.15770700760186
06:54:08,32.147895245428174,34.80363854530068,132.03382893372327
06:54:09,32.147674566688224,34.80351498096909,208.30106674786657
06:54:10,32.14739622290631,34.803275884198804,40.18137131258845
06:54:12,32.147108809991394,34.80313480244631,233.90302812401205
06:54:15,32.14676612781744,34.80300013135954,149.63976039364934
06:54:16,32.146650479736756,34.80298553764491,164.0670902710408
06:54:17,32.14651881113313,34.80300013135954,142.20168064255267
06:54:18,32.146435952193116,34.80300013135954,154.06774008087814
06:54:19,32.14635020482535,34.803072000760444,41.94845810998231
06:54:20,32.14625757279667,34.803129276446725,40.82506667263806
06:54:21,32.14607515664712,34.80320114584763,36.67948369216174
06:54:22,32.14590000851015,34.80314359177705,181.76034118048847
06:54:23,32.14575658065499,34.80307520039545,23.14910574723035
06:54:24,32.14560975858854,34.8029847491875,190.1209625741467
06:54:25,32.14547541939694,34.802973911876485,63.84285488259047
06:54:26,32.14526325341035,34.802973911876485,-30.214628319256008
06:54:27,32.145088086302216,34.803006809013844,32.266122594475746
06:54:28,32.144585905810445,34.80308403807857,34.463683114387095
06:54:31,32.144150985810626,34.803236114410275,-1.7766180438920856
06:54:32,32.14366067534587,34.8034901797012,46.91628846619278
06:54:33,32.14350130312994,34.80370133910136,-1.8360228640958667
06:54:34,32.1425355387516,34.80424429095078,22.62942333240062
06:55:10,32.14168431527409,34.80472618093169,24.14805288426578
06:55:11,32.1407712871661,34.80524211252317,43.28224154096097
06:55:13,32.14017773451964,34.8089809815114,172.12317786645144
06:55:56,32.13959687521427,34.8127700587293,80.70216416195035
06:55:57,32.13908497415893,34.81650176525074,86.12023767828941
06:55:58,32.13905696351436,34.816690184505525,43.35576985962689
06:55:59,32.13902895286979,34.816865537783826,40.855514673516154
06:56:00,32.138996729122766,34.817636794292035,28.097775591537356
06:56:07,32.1389841982904,34.81841029061457,211.02630940824747
06:56:08,32.13894329159898,34.81934460562661,209.51735542621464
06:56:09,32.13889076956258,34.819799169868865,103.0030243806541
06:56:10,32.1388448072912,34.82020745482948,88.09358526207507
06:56:11,32.138827220878895,34.82040221306669,72.38862887956202
06:56:12,32.138696627196936,34.820487007649,136.72953858226538
06:56:13,32.13788447120828,34.82416318999815,274.86994196940213
06:56:50,32.13697533461878,34.82805900919205,82.20446040015668
06:56:51,32.13615540022611,34.832027526190416,77.2340565789491
06:56:52,32.13599140521381,34.83242433591279,72.80702870059758
06:56:53,32.135894874637486,34.83259738387217,88.81018598843366
06:56:54,32.13578938824901,34.83276318672029,67.99762695468962
06:56:55,32.1356896196199,34.83287739099725,89.88081772997975
06:56:56,32.13556506071848,34.833066599517686,91.26089901011437
06:56:57,32.13545797460418,34.83323345657789,85.47879414632916
06:56:58,32.13528081163491,34.833525507630675,93.83143300469965
06:56:59,32.13511151708238,34.83381713108444,-11.44083099719137
06:57:00,32.13495798278815,34.834181260736926,104.98568514734507
06:57:01,32.13480864830113,34.83446781400722,91.52774359472096
06:57:02,32.13465228267289,34.834647716930256,73.00975157506764
06:57:03,32.13448837133524,34.834751847458215,51.46770122088492
06:57:04,32.1343853502825,34.83486186611151,92.47884821891785
06:57:05,32.13426319565345,34.835059345653654,97.51996833831072
06:57:06,32.13403055419019,34.835461327922324,86.9213543869555
06:57:08,32.133814814009455,34.83591723434316,110.05574823264033
06:57:09,32.133661700331224,34.83631534546376,119.0359895369038
06:57:10,32.13363344625039,34.83648546053786,134.43817432876676
06:57:11,32.133569405469046,34.83657661150372,184.89347282703966
06:57:12,32.13342266058092,34.83685754304711,195.70294508337975
06:57:13,32.13323413494725,34.837198079102656,171.22415463998914
06:57:14,32.133039423556085,34.837573820562945,170.6319528101012
06:57:15,32.132868332697164,34.83778711414433,151.6298526544124
06:57:16,32.13273446043384,34.83797967541789,84.2236978597939
06:57:17,32.132641036412785,34.83810070987599,89.40521956142038
06:57:18,32.132583560911755,34.83829355155279,98.17433901783079
06:57:19,32.13250565458542,34.838456108662996,74.9457945888862
06:57:20,32.13240713687341,34.838711999378745,99.79621326550841
06:57:21,32.132251437070906,34.83904460010248,98.78985879942775
06:57:22,32.132115941733346,34.83937047264833,68.76359068416059
06:57:23,32.13197345115799,34.83964374032627,107.8199217254296
06:57:24,32.13189995316722,34.83975204465023,123.73278246819973
06:57:25,32.13182097843245,34.83986071878861,130.2435654187575
06:57:26,32.13170264686806,34.84016851292415,93.81951355189085
06:57:27,32.13160180306211,34.84048311906619,72.23075503390282
06:57:28,32.13147637747177,34.840821964638074,96.78738783020526
06:57:29,32.13141615301322,34.84094455580428,116.43502468895167
06:57:30,32.13135781522026,34.841115514098725,129.15623515844345
06:57:31,32.13128651327886,34.84133883007275,108.38977177347988
06:57:32,32.13121999250006,34.84177413471414,114.58825969975442
06:57:33,32.131125214300084,34.842119559681656,185.07698641903698
06:57:35,32.13103053291789,34.8423675002544,66.29786654561758
06:57:36,32.13089758321179,34.84252158840531,26.766307936049998
06:57:37,32.13079481729877,34.84270262466646,69.15808116085827
06:57:38,32.13067939347036,34.842962416030694,136.06370116397738
06:57:39,32.130547237090276,34.84310598576197,84.8111714841798
06:57:40,32.13035173564673,34.843275676183374,118.01707452908158
06:57:41,32.13015653205407,34.84338500170096,151.02172272838652
06:57:42,32.1297520374674,34.844127495430406,259.19535640534014
06:57:52,32.12941088794419,34.844890770185316,240.21045171748847
06:57:53,32.12910402544239,34.845703760661074,256.72334880847484
06:57:54,32.129024214465645,34.846121791226324,236.8318548630923
06:57:55,32.128921122493566,34.84657077942426,128.57750221621245
06:57:56,32.12881015685849,34.84705335932264,70.373997814022
06:57:58,32.12874196333768,34.84733947607762,120.05422513838857
06:57:59,32.1286683925956,34.84764108764447,118.6832221513614
06:58:00,32.12835753269883,34.84835894002051,61.53712057415396
06:58:08,32.1278872688122,34.84933411175805,90.48799260891974
06:58:11,32.127440145457896,34.8501963413268,101.33772739209235
06:58:12,32.127238791830194,34.850669594342946,71.98917972762138
06:58:13,32.12715132739422,34.850906255329676,103.8931678449735
06:58:14,32.127037792311654,34.85120376656604,110.48746100906283
06:58:15,32.12693182984761,34.85147088882204,108.3319402821362
06:58:16,32.12684575267933,34.85172437538093,88.78491399623454
06:58:17,32.126744917854154,34.85199221916775,89.45108114182949
06:58:18,32.12662848598575,34.85221386620299,93.90316101536155
06:58:19,32.12651343615671,34.85244752692544,109.8719617081806
06:58:20,32.12531332351641,34.855283162883154,101.44653586763889
06:58:51,32.12411665416476,34.85812440166274,124.12830396275967
06:58:52,32.122891152723376,34.860954472835836,81.24936060793698
06:58:53,32.122794972064625,34.86118896444396,83.81137769296765
06:58:54,32.12272942302194,34.86142283612414,74.70858522318304
06:58:55,32.12264582783317,34.86167455737603,78.65930509008467
06:58:56,32.122552501097935,34.861886614369155,58.28072481043637
06:58:57,32.122405812096176,34.86212694498439,97.52975215576589
06:58:58,32.122306249837735,34.86234863470881,66.74727238435298
06:58:59,32.122195628541206,34.86264153454517,73.38480146415532
06:59:00,32.122098622095486,34.86305886663563,-37.783220833167434
06:59:01,32.12201039019297,34.863485350278985,99.158546266146
06:59:02,32.1218990200324,34.86378547319894,-1.141377597115934
06:59:03,32.121819093541674,34.8639848966587,-19.577930480241776
06:59:04,32.121675201331186,34.864111942239354,-16.83351831138134
06:59:05,32.12154955528472,34.86429326032621,115.84131343383342
06:59:07,32.121441630205695,34.864364889798956,243.75491311307997
06:59:10,32.12140565041977,34.86471135734461,218.68117005750537
06:59:11,32.12139744132883,34.86506745429495,67.74073214828968
06:59:12,32.121389232237895,34.865554457764155,109.83932069409639
06:59:13,32.121389232237895,34.86583758117472,69.82259408198297
06:59:14,32.121361620477074,34.86611220876706,67.07688962947577
06:59:15,32.12127967342865,34.86627468694557,72.86793449614197
06:59:16,32.121167252289695,34.86639980768765,116.44997702725232
06:59:17,32.121037604601895,34.86678473315886,239.49526816420257
06:59:20,32.12093447127721,34.86723853149275,84.94784412626177
06:59:21,32.12085784226689,34.86767881064813,208.89777986798435
06:59:22,32.12031853993198,34.86907380998039,185.6575974803418
06:59:39,32.11977647047533,34.87044988737481,220.9780360357836
06:59:40,32.11923601245452,34.871872946539206,218.8514046864584
06:59:41,32.11919544192636,34.872053054643885,212.91441637277603
06:59:42,32.11914706275638,34.872456540813324,245.59016490355134
06:59:43,32.11908368262018,34.87283399154287,99.08743810094893
06:59:44,32.11902551075977,34.87320648540376,106.07855682540685
06:59:45,32.11889910058959,34.87334468815146,104.59962013550103
06:59:46,32.1187765089263,34.87344527838342,227.11131255328655
06:59:47,32.11862430992683,34.87361292948516,217.3122028792277
06:59:48,32.11856244529034,34.87376073921046,213.09986801352352
06:59:49,32.11846432833892,34.874014958947875,220.92585650458932
06:59:50,32.118379009500686,34.87423242319458,204.68773786630481
06:59:51,32.118263362081095,34.874473095747575,213.01811777148396
06:59:52,32.11817532786758,34.874690929232024,218.9211132656783
06:59:53,32.11810360343951,34.87492750195934,212.53539631329477
06:59:54,32.118060709347894,34.87516079732143,227.94070727936924
06:59:55,32.11802316570058,34.87561442424761,251.2213795632124
06:59:56,32.11798091794184,34.87602154983107,93.98353234492242
06:59:57,32.11795386255894,34.876471621061754,135.25129439495504
06:59:58,32.11794363664026,34.87670876914839,110.87200466543436
06:59:59,32.117923239423874,34.87703289251692,98.26936570927501
07:00:00,32.117884016511425,34.87729275631224,67.56012726947665
07:00:01,32.11784479359899,34.87755517929196,33.49839964695275
07:00:02,32.11780941811801,34.87771139739592,211.4887222573161
07:00:03,32.117795474836946,34.87804826169614,209.53667007107288
07:00:04,32.117781531555885,34.87836037912337,84.30547907017171
07:00:05,32.11779332812722,34.87880839197922,63.105821864679456
07:00:06,32.11781038090784,34.87907422289254,65.54612791631371
07:00:07,32.11785545812731,34.87943277939252,7.372023775242269
07:00:08,32.11788873877545,34.879674750943565,77.85324828419834
07:00:09,32.11793865082282,34.879940126106455,11.966138465330005
07:00:10,32.11796177363796,34.88004061852501,61.189125346019864
07:00:11,32.118000139908474,34.88018530270589,55.42469953093678
07:00:12,32.11807055542192,34.88041487884447,204.5061496766284
07:00:13,32.11816567352915,34.88071020087097,45.07944820821285
07:00:14,32.118262021944716,34.881013715021616,42.9323377115652
07:00:15,32.118440807048714,34.88129134349297,66.13952947687358
07:00:16,32.119044597729186,34.88262782140642,-6.458213333971798
07:00:30,32.11964035023944,34.883973823270004,22.66974462289363
07:00:31,32.120141176941445,34.88523955986803,8.594017175026238
07:00:32,32.12019868289367,34.88545653411259,85.03973734006286
07:00:33,32.12029072575435,34.88564254736685,73.47072669956833
07:00:34,32.12038848391002,34.885869478717176,87.4654993545264
07:00:35,32.120511366502555,34.88608386500311,84.16538863629103
07:00:36,32.12064107752799,34.886373925419335,84.06426414102316
07:00:37,32.12073599631289,34.88662448555429,37.52903053816408
07:00:38,32.12081760917664,34.88695301047968,86.80652672611177
07:00:39,32.12088724699293,34.88722780002507,-225.68434659484774
07:00:40,32.12103178554844,34.88747391652695,48.640990051440895
07:00:41,32.12116781852312,34.887609835819376,67.23040394857526
07:00:42,32.12129434107087,34.88777129222245,81.10431606601924
07:00:43,32.121375836649825,34.88800604542815,63.11736652627587
07:00:44,32.12145468180263,34.88826248317866,73.27713468391448
07:00:45,32.12157889318533,34.88851419048748,88.42684492189437
07:00:46,32.12166323275548,34.88876002753308,64.80842884257436
07:00:47,32.121772739470686,34.88902189974179,82.00047415588051
07:00:48,32.12185013822112,34.889288398797895,74.91846121102571
07:00:49,32.12201935513378,34.89109020824372,80.60275460965931
07:01:08,32.122168927234384,34.892999831638264,237.21737220231444
07:01:10,32.122325658039415,34.8952579136784,249.50376458093524
07:01:12,32.122388197938264,34.8959785251458,121.74254807084799
07:01:13,32.12243848435028,34.896635443042044,94.07741641439497
07:01:14,32.12244544630071,34.896978143664825,78.271634189412
07:01:15,32.122452408251135,34.8972579786008,34.29649855662137
07:01:16,32.12249187908216,34.897568916711045,125.27147103007883
07:01:17,32.122527239847386,34.89785577814203,61.895059755072
07:01:18,32.122561302710054,34.89821638575845,31.90377827361226
07:01:19,32.122561302710054,34.8985101374714,36.75783292762935
07:01:20,32.12256000480749,34.898799603771636,37.752567157149315
07:01:21,32.12253332136623,34.899182964280236,28.76653015613556
07:01:23,32.122193828879894,34.900467094069974,27.209908831864595
07:01:32,32.12185433639356,34.901752798392074,71.6849635373801
07:01:33,32.1215297469489,34.90331422603274,85.4734138706699
07:01:39,32.121494686737485,34.90393276249494,72.86174153164029
07:01:40,32.121456220161946,34.90450076434447,103.67817646078765
07:01:41,32.121299494769666,34.90545439687205,34.187304864637554
07:01:49,32.121138401247435,34.90641626589131,82.7585165919736
07:01:50,32.12098071408933,34.90749657977059,91.0672496072948
07:01:52,32.120946540726045,34.90801104464628,62.80795956403017
07:01:55,32.12093789229337,34.909239454793344,74.33983180951327
07:02:05,32.120858946448564,34.910406038004425,83.5537333600223
07:02:06,32.12076979123418,34.91132186874203,6.64100123103708
07:02:07,32.12066328161251,34.9116118896313,98.59130669292063
07:02:08,32.12057695831547,34.91185402311277,29.747809153050184
07:02:09,32.12049772362044,34.912145547565565,96.53827414195985
07:02:10,32.12042538469582,34.91238059572885,91.0248580398038
07:02:11,32.12036067743641,34.91255552005837,100.86459281668067
07:02:12,32.12023833355654,34.91273882326309,107.1414693929255
07:02:13,32.12011745586858,34.91287289509131,226.76940845604986
07:02:14,32.120032632920356,34.913029515918076,200.92024943232536
07:02:15,32.11999924286184,34.91337324109936,241.20445222221315
07:02:16,32.11996277348078,34.9136965538513,94.25812354125082
07:02:17,32.11987962525403,34.91410944552313,52.682395515963435
07:02:18,32.11978394434649,34.91436137678699,226.68522158451378
07:02:19,32.11967678004561,34.91471959551771,98.81292718183249
07:02:20,32.11960682120538,34.91508394491411,66.96871908474714
07:02:21,32.119560065992786,34.91542456532708,49.59865226596594
07:02:22,32.11950933861961,34.915732382859034,53.09856378659606
07:02:23,32.11944614122101,34.91595636918577,50.16539307218045
07:02:24,32.119362944204845,34.916173712739464,91.92237452790141
07:02:25,32.11926787330905,34.91638684502837,95.51285105384886
07:02:26,32.11918473192231,34.91664294744279,101.9982943078503
07:02:27,32.11910711513501,34.916915129209336,92.43966346234083
07:02:28,32.11904374764924,34.91720898714445,73.13226584531367
07:02:29,32.11896329046476,34.91745101564981,59.250759911723435
07:02:30,32.11887264139014,34.91763502001996,71.38276196084917
07:02:31,32.11872073848868,34.91774747890171,116.28424806520343
07:02:32,32.118584832728224,34.91784763582055,229.85099441558123
07:02:33,32.118445271772934,34.91796593475241,222.0964625282213
07:02:34,32.11836910950994,34.918138220364796,244.5196978058666
07:02:35,32.11829461595883,34.91847799364189,228.26965560857207
07:02:36,32.11821170905225,34.91883863905454,33.631110339425504
07:02:37,32.11813449452381,34.91916997127399,223.47103219665587
07:02:38,32.11806638428207,34.91948747242523,227.40056174620986
07:02:39,32.11804001672848,34.91981863106795,248.11474479082972
07:02:40,32.11800318015965,34.92009618002635,118.80101610347629
07:02:41,32.11790107981891,34.92030770253319,83.50826197303832
07:02:42,32.117784942037446,34.92042744000536,235.2769217044115
07:02:43,32.117682240281326,34.920608074954394,221.94690445810556
07:02:44,32.1176232128065,34.920769516953435,234.67693582642823
07:02:45,32.117567911038066,34.92111023646907,231.38495519105345
07:02:46,32.1175278627519,34.92155930161544,148.80589010100812
07:02:47,32.11750047835709,34.9220037564341,109.66230113897473
07:02:48,32.1174641929455,34.92241046200672,106.15369547437876
07:02:49,32.11741179999267,34.922690203150815,78.1121167903766
07:02:50,32.117325675877055,34.92298864560555,94.59003289788961
07:02:51,32.11724924363166,34.923397567427635,94.77474463544786
07:02:54,32.11715481811625,34.923842237423656,95.77335622906685
07:02:55,32.11708631927601,34.92429298232734,91.87249351665378
07:02:56,32.11699938142672,34.92456594460044,88.20333239715546
07:02:57,32.116946454959354,34.92485684535135,98.37459019571543
07:02:58,32.11690442550898,34.92511745467639,96.21320491191
07:02:59,32.116884497196864,34.92539101179944,101.80408950522542
07:03:00,32.116864355775874,34.92568358912141,111.90651385206729
07:03:01,32.11685384721312,34.9259804802061,89.29437546059489
07:03:02,32.116837959826995,34.92628305536234,101.94220646098256
07:03:03,32.116819171437434,34.926592441483926,89.65084186475724
07:03:04,32.1167897782518,34.926880392134514,83.15046428702772
07:03:05,32.116669392208976,34.92737013664789,104.20563290920109
07:03:06,32.11655342688252,34.9278197376719,72.12919081933796
07:03:07,32.11641738985835,34.92874218873766,82.39436835795641
07:03:13,32.11637563661272,34.929495172914926,105.52774552907795
07:03:14,32.116331399626475,34.930428578340724,89.0463196253404
07:03:17,32.11627601582373,34.93088895018772,56.19554022792727
07:03:18,32.11622875041806,34.931494755597775,83.89312913734466
07:03:21,32.11589407699912,34.93569260326772,84.94487964641303
07:04:10,32.11555503392221,34.940103838722244,310.0979303838685
07:04:12,32.115199777408364,34.944286608286355,261.0566612603143
07:04:13,32.11510910704497,34.94469109375417,284.68800178729
07:04:14,32.11503427064778,34.944881142765176,270.1169568002224
07:04:15,32.11494927798159,34.945125482148775,282.45292389951646
07:04:16,32.11485873080733,34.94535761565431,278.89321718364954
07:04:17,32.11479205843172,34.945624667339494,287.19649224262685
07:04:18,32.11473362917768,34.94588564780654,262.69966358691454
07:04:19,32.11469789715579,34.94628219214356,265.43591562472284
07:04:20,32.11466183014912,34.94670640852017,117.37472922634333
07:04:21,32.11463712181673,34.94707290615909,77.79852658417076
07:04:22,32.11460767664819,34.947336792836005,124.70909734163433
07:04:23,32.1145670610496,34.947552595291455,89.73368708789349
07:04:24,32.11450421190412,34.94782354686452,76.05910273361951
07:04:25,32.11442453661812,34.94803152144606,72.52545218449086
07:04:26,32.114356327677584,34.94819983801265,87.98116345424205
07:04:27,32.11428255061706,34.948365502205355,129.67844165489078
07:04:28,32.11423497297551,34.94858303304821,133.30160662904382
07:04:29,32.11416440244508,34.94883942903328,88.35300045087934
07:04:30,32.11410953625271,34.949044695423794,90.58694422151893
07:04:31,32.114025621021156,34.949159986324965,107.48331376165152
07:04:32,32.11395651015758,34.94922492315508,133.1018407009542
07:04:33,32.11388925820991,34.949291841684975,156.7733843671158
07:04:34,32.113808738113725,34.949416597751394,257.65356265660375
07:04:35,32.11369943987931,34.94961752326267,118.78947453852743
07:04:36,32.11359570013133,34.94983103319128,272.71148181706667
07:04:37,32.11352886011811,34.94999675065277,275.00306281261146
07:04:38,32.11349609988015,34.9502985605247,261.1332464432344
07:04:39,32.11346760405314,34.950629400623775,129.0388182932511
07:04:40,32.113447377377966,34.95105252807916,130.05926342401654
07:04:41,32.1133990989496,34.95130183746537,109.61732094921172
07:04:42,32.11334563099055,34.95153633685387,109.54022878035903
07:04:43,32.113279944445196,34.95173850948935,128.70659362524748
07:04:44,32.113226749797064,34.951964166605045,130.1551670692861
07:04:45,32.11316357078009,34.9522236400039,121.9337806161493
07:04:46,32.11307578349265,34.95244210333073,106.3421304775402
07:04:47,32.11300047902691,34.95265877425769,118.13176316488534
07:04:48,32.11292625396116,34.952825009266064,122.73599912133068
07:04:49,32.1128529502022,34.95306156552042,136.9799251081422
07:04:50,32.11278024217763,34.95329938925774,131.2297244258225
07:04:51,32.112688102312404,34.953543287831515,136.15607826411724
07:04:52,32.11261594748416,34.95375267817432,138.274427854456
07:04:53,32.112538574493854,34.95391542848743,140.79415877442807
07:04:54,32.11247029128354,34.95406581384627,135.70318846218288
07:04:55,32.112348411031974,34.95418621533343,136.51135863177478
07:04:56,32.112218899443334,34.9542913105755,276.7197154946625
07:04:57,32.11211577982078,34.95437417448175,271.400626831688
07:04:58,32.1120566058824,34.954706210232935,285.02191778458655
07:04:59,32.11202075524105,34.95508433126797,120.92644912097603
07:05:00,32.11195526656671,34.95550937279373,115.97099148388952
07:05:01,32.11188446911852,34.955721116135784,130.4238925660029
07:05:02,32.11177487370672,34.955907565082725,129.8643085854128
07:05:03,32.11166783145978,34.95609808561609,95.32658683042973
07:05:04,32.111511229462174,34.956289913528714,98.25761371664703
07:05:05,32.11136970553892,34.956559719597756,269.40800988301635
07:05:06,32.111242796100434,34.956849590226135,114.94772948417813
07:05:07,32.11114905690245,34.95713454003484,101.91710842307657
07:05:08,32.11102277161008,34.95737042537746,105.94185107015073
07:05:09,32.11087723741186,34.95758779890255,96.31105958856642
07:05:10,32.11072603648923,34.957814398017646,108.67956783343107
07:05:11,32.11059927633381,34.95803277419227,98.03357212431729
07:05:12,32.11046316784227,34.95824659579221,97.8511412544176
07:05:13,32.11033913899563,34.95845542350785,112.0151762580499
07:05:14,32.110187887080016,34.95868421545244,108.48820899426937
07:05:15,32.11005098288356,34.95890192957645,97.94287759717554
07:05:16,32.10991548914207,34.959128558537714,111.39953107014298
07:05:17,32.109795808519884,34.95933473171595,114.16130680590868
07:05:18,32.10966981256552,34.959557536270566,118.03426569700241
07:05:19,32.1095558285488,34.959750091517854,129.0850442852825
07:05:20,32.10942642075064,34.959988283500444,148.04894557781518
07:05:21,32.10930831093333,34.96020479968595,114.8655400602147
07:05:22,32.1091429140205,34.960449617943986,140.49609320890158
07:05:23,32.10900068645512,34.960656653916764,128.08245613146573
07:05:24,32.108834579305594,34.96089976346244,131.27616444975138
07:05:25,32.108687694526814,34.96111611012188,122.03490041289479
07:05:26,32.10853137868799,34.96126383928385,129.95989640057087
07:05:27,32.10835888339648,34.961398513688664,118.94190714508295
07:05:28,32.10818827690531,34.961562898677435,120.46304626110941
07:05:29,32.108055175720665,34.96185781758717,305.65374284796417
07:05:30,32.10792575436288,34.962150010133506,146.9183455761522
07:05:31,32.10778002973319,34.962368751849404,121.7796197263524
07:05:32,32.107625228546794,34.96251146129226,171.84838921763003
07:05:33,32.10747304186299,34.962674134967536,193.2838481478393
07:05:34,32.1073640560902,34.96293968539657,160.01304905768484
07:05:35,32.1072736870188,34.96316298781158,154.83604169916362
07:05:36,32.10719872358654,34.963435351969885,223.59065043833107
07:05:37,32.10706485278886,34.9636027796104,142.75683643482625
07:05:38,32.10684584635458,34.9638142378895,140.67816686071455
07:05:39,32.106593671730586,34.963959972458866,138.64581961091608
07:05:40,32.10639955553725,34.96419524849978,317.044821979478
07:05:41,32.10629075728225,34.96448772050501,156.7396773956716
07:05:42,32.10621903234467,34.964789019045746,131.91928431857377
07:05:43,32.10612118713803,34.965065492845476,133.97457030322403
07:05:44,32.10600166938895,34.96528141315923,121.99425987992436
07:05:45,32.1058686146619,34.9654981615303,161.50081757456064
07:05:46,32.105712543079164,34.96568065991277,132.81197067629546
07:05:47,32.10555090071917,34.96588821598698,159.27767276298255
07:05:48,32.10540652548778,34.96607869085996,155.34015248715878
07:05:49,32.10529000141611,34.966309083449694,183.76564331445843
07:05:50,32.10514983503608,34.96655651032338,176.7162371641025
07:05:51,32.10501725608121,34.96682800531013,145.83403982035816
07:05:52,32.10488722375837,34.96706603487198,146.3669606288895
07:05:53,32.104747033754585,34.96721861152829,148.22885871492326
07:05:54,32.10462556027776,34.96743894774813,194.66307559609413
07:05:55,32.10448208954146,34.96765300937525,148.8934089653194
07:05:56,32.104351317675835,34.96792565520085,177.64678764808923
07:05:57,32.1041805662551,34.96812775701995,170.55161682143807
07:05:58,32.104061626372456,34.9683594162517,161.7684747269377
07:05:59,32.103949188105915,34.96858474112036,179.54812425933778
07:06:00,32.103860752367495,34.96878232920803,185.44064677134156
07:06:01,32.103740110203894,34.96893197081415,183.54119374137372
07:06:02,32.103575911027235,34.9690814230431,186.5686541767791
07:06:03,32.10340928360621,34.96917479141771,332.47114829998463
07:06:04,32.103251071936256,34.96930153734635,314.2230864679441
07:06:05,32.10315130875506,34.969433951353146,329.86824932694435
07:06:06,32.103047164580005,34.969633868676745,353.51562820747495
07:06:07,32.102952984358524,34.969853161917165,347.11857367120683
07:06:08,32.102871021319764,34.970104459537886,375.08551328256726
07:06:09,32.10281622381744,34.970387297272715,331.96038639359176
07:06:10,32.102747696103705,34.97065953890465,325.93126948177814
07:06:11,32.102671187804916,34.97088466709487,327.9947353973985
07:06:12,32.102583110263645,34.971107776875435,347.40722295921296
07:06:13,32.10251967824617,34.97137731075735,328.56617547757924
07:06:14,32.10246731257646,34.97167242734161,333.4930395903066
07:06:15,32.102414886102,34.971968498641495,317.83674194663763
07:06:16,32.102365025120115,34.97223598757356,318.8609520737082
07:06:17,32.102311983868724,34.97249721729586,333.3481114730239
07:06:18,32.1022726315985,34.97273051227847,326.9347536629066
07:06:19,32.10222101052633,34.973013611880916,343.45323143247515
07:06:20,32.102186287045235,34.97328217049361,309.7206954890862
07:06:21,32.10214885565604,34.973589954315564,339.2711416678503
07:06:22,32.10213561728299,34.973853186081136,324.55068879481405
07:06:23,32.10210694305137,34.97422015907513,295.0035796370357
07:06:24,32.10208592363768,34.97456561546989,160.13344456255436
07:06:25,32.102070487779116,34.97485332348862,294.16944212745875
07:06:26,32.102103442475865,34.9750821717905,299.27609691396356
07:06:27,32.10213639717261,34.97550097019104,292.6191145759076
07:06:28,32.10216935186935,34.975989368636995,149.11627916712314
07:06:29,32.10217014116465,34.976451522907126,156.61144066695124
07:06:30,32.10217193157689,34.976724513923905,141.56715541984886
07:06:31,32.10217372198914,34.976982210781564,167.404299903661
07:06:32,32.10217372198914,34.97724453290066,150.23356631956995
07:06:33,32.102168006447116,34.977548879950305,164.794559285976
07:06:34,32.1021595671163,34.97778990590026,139.75026446394622
07:06:35,32.102143878202995,34.978114110803766,143.65322687663138
07:06:36,32.10213290371476,34.978334871711944,168.9576212670654
07:06:37,32.10212209029976,34.97859701284103,133.35067217890173
07:06:38,32.102093993164424,34.97871775203668,283.6118717677891
07:06:39,32.10205280974221,34.97899234874583,306.27408563159406
07:06:40,32.10201149382353,34.97931264674637,140.92232914734632
07:06:41,32.10199040415122,34.979759207954295,286.9782170923427
07:06:42,32.10198240076579,34.98002956364015,155.13259307388216
07:06:43,32.10197000456168,34.98026667803098,171.7026156168431
07:06:44,32.101954535848414,34.9803858239944,294.96003987360746
07:06:45,32.10193725465048,34.98058660891815,303.0710117779672
07:06:46,32.10192389907609,34.98079858031732,275.59415062889457
07:06:47,32.10191892418427,34.981079493571364,280.32643571309745
07:06:48,32.10191576177712,34.981331047407075,334.0749455848709
07:06:49,32.10191576177712,34.98159145466037,279.4294051975012
07:06:50,32.10191576177712,34.9818118736263,280.37618838902563
07:06:51,32.101918299340596,34.98204861285874,292.8622771827504
07:06:52,32.10197279488164,34.98385532419989,296.99027469661087
07:07:11,32.10205573829926,34.98567955207838,353.1232872279361
07:07:12,32.10216425927686,34.987516910515815,341.99011361785233
07:07:13,32.102295661556596,34.987968382744455,334.22898564487696
07:07:14,32.10243420668231,34.988400966631666,166.750610049814
07:07:15,32.102603913139944,34.98885136344024,179.940824219957
07:07:16,32.10273373262632,34.989096331127996,143.08502787258476
07:07:17,32.102845403939675,34.989381824902765,161.76934794150293
07:07:18,32.10294336169829,34.9896274958615,141.44237293116748
07:07:19,32.103055961742214,34.98987757269973,127.76975955534726
07:07:20,32.10319651441405,34.99010060490367,137.9043581839651
07:07:21,32.103347299813265,34.99034238454855,145.32192421518266
07:07:22,32.10349586025427,34.99057685032481,135.2832665098831
07:07:23,32.10363632940597,34.990813426662726,141.31039678677917
07:07:24,32.1037759473156,34.99105304436136,135.72023757640272
07:07:25,32.10392489173731,34.99130352116651,129.4056445742026
07:07:26,32.104074138357944,34.99154858600778,137.74407157488167
07:07:27,32.104215846708826,34.99179049288308,141.50780027918518
07:07:28,32.10434747582456,34.99204465080634,142.76774616260082
07:07:29,32.10448781684361,34.992306707011934,143.63461998850107
07:07:30,32.10464497299492,34.99255435101601,135.77892218530178
07:07:31,32.10479422462802,34.99278788134852,154.07139051519334
07:07:32,32.10495043620905,34.99300830852725,144.11305028013885
07:07:33,32.105079693808364,34.99323815767671,150.51520729344338
07:07:34,32.10523689266617,34.9934548087877,133.1810303935781
07:07:35,32.105361645169445,34.993691220033874,165.08064563479275
07:07:36,32.105482201806545,34.993934519760764,171.23171824216843
07:07:37,32.10558723827574,34.994226934370154,171.4539196221158
07:07:38,32.10570257492407,34.99449208771636,137.58300490677357
07:07:39,32.10584039146532,34.99475018217357,142.35735297203064
07:07:40,32.10594055089173,34.99495607806194,146.15896423812956
07:07:41,32.10605207201199,34.99517535876917,170.08281519822776
07:07:42,32.10615490512629,34.99541089425001,181.5311390561983
07:07:43,32.106250375379396,34.99569871777383,154.11988824419677
07:07:44,32.106331941965365,34.995965714670625,143.19239923916757
07:07:45,32.10638121129167,34.99620116403316,154.21978481579572
07:07:46,32.10644530765586,34.99633683441209,160.01351542957127
07:07:47,32.10649507581954,34.996485706736195,187.93838462233543
07:07:48,32.10653881914799,34.996579665487396,327.3791188970208
07:07:49,32.106562063081924,34.99674840671138,323.81938270200044
07:07:50,32.10658429982975,34.996939206845745,334.60966255608946
07:07:51,32.106681726535854,34.99739766742524,328.6483806306496
07:07:52,32.10678822167664,34.99785225197398,137.24969107098877
07:07:53,32.1068883445126,34.99831657402145,145.9980921326205
07:07:54,32.10690717234894,34.99858462646035,149.26577015500516
07:07:55,32.10693012784124,34.99891402070515,159.1079409653321
07:07:56,32.10696610771146,34.999193716018375,167.97756532020867
07:07:57,32.10700255056789,34.999464698692094,152.95733220502734
07:07:58,32.107050055393714,34.99969031391779,168.8491759300232
07:07:59,32.10709009606807,34.999970245116636,153.51199022121727
07:08:00,32.107129349959614,35.000259680797384,159.61871767323464
07:08:01,32.10715351422026,35.00053467562545,160.3939617453143
07:08:02,32.10716591938859,35.00080292836398,169.25684799533337
07:08:03,32.107178032055444,35.00108616741678,157.25635271240026
07:08:04,32.107193134051926,35.0013401948811,163.01414131373167
07:08:05,32.10720755281602,35.001666297539124,189.80600412935019
07:08:06,32.10720755281602,35.00193685383667,187.00304134748876
07:08:07,32.10720755281602,35.00215640118894,163.60123516991735
07:08:08,32.10720755281602,35.002295992326026,221.86459853500128
07:08:09,32.107225871667936,35.002398402296855,342.0958080915734
07:08:10,32.10723159160892,35.00258437695006,341.7918745689094
07:08:11,32.10724372808405,35.002848431591744,339.3765570083633
07:08:12,32.10725847717573,35.00320611041985,209.8393536824733
07:08:13,32.10728887311467,35.00348553480948,387.7575061749667
07:08:14,32.107320421945474,35.00368441222883,373.9478697832674
07:08:15,32.10734363821875,35.00385108556206,364.8505052048713
07:08:16,32.107355087285114,35.0040950272498,368.81711041461676
07:08:17,32.10736310381448,35.0043327646188,373.3564416691661
07:08:18,32.10737248485469,35.004611896142166,413.078840223141
07:08:19,32.107398678738335,35.004884669717704,390.42368591669947
07:08:20,32.10742394979809,35.00516200104176,399.42407664097846
07:08:21,32.107453637194595,35.00543476177088,402.0581674305722
07:08:22,32.1074652538361,35.005693060468595,388.5537815047428
07:08:23,32.10749242648801,35.005960982459804,388.49862896092236
07:08:24,32.10751995619423,35.00621329099587,370.9956983309239
07:08:25,32.10757054865286,35.006460868662025,372.2004359103739
07:08:26,32.107603040097075,35.006706204964445,366.47803055495024
07:08:27,32.10765096798556,35.006945288293416,371.7551252869889
07:08:28,32.10768433464326,35.00719506334167,356.6207589097321
07:08:29,32.107727905308536,35.007434692671424,367.34826853498816
07:08:30,32.107761747021726,35.007677928969365,367.426906561479
07:08:31,32.10778581776505,35.00794677402555,368.5229641357437
07:08:32,32.107815705786166,35.008214149177974,362.3375108744949
07:08:33,32.10783621357728,35.00848292991872,368.5143289184198
07:08:34,32.10788316153308,35.008818284922604,362.2938113119453
07:08:36,32.107926938396496,35.00925313872889,367.91628464404494
07:08:38,32.10798482833806,35.00968461612709,364.87179623171687
07:08:39,32.10803740542724,35.010122628355816,369.93395182397217
07:08:41,32.10809040573176,35.01048011522202,380.58617565594614
07:08:42,32.10813162538872,35.01092560509132,376.47728904895484
07:08:44,32.10815530068023,35.01137389048932,377.44508329965174
07:08:46,32.1081650335023,35.01200813366837,381.88846763502806
07:08:49,32.10816996872969,35.01348594636917,374.67664309218526
07:09:00,32.10816996872969,35.01483452058684,403.91950061079115
07:09:01,32.10816221133836,35.01600358422994,431.5012595821172
07:09:02,32.10814303502449,35.016263793161386,428.2932390784845
07:09:03,32.10811478318618,35.016553424434534,398.06308704800904
07:09:04,32.10808795248609,35.016846916405015,421.83985446114093
07:09:05,32.108035118187765,35.01711804008375,406.857609257102
07:09:06,32.10798531218889,35.0174229011783,420.8445398276672
07:09:07,32.107915737969094,35.017683444858825,403.6544631216675
07:09:08,32.10788333329326,35.01796976186932,400.8388227215037
07:09:09,32.107839331137185,35.018203460048134,407.4872033819556
07:09:10,32.10780663036474,35.0184723339712,443.84533064998686
07:09:11,32.10777090634308,35.018706888210396,422.85756982304156
07:09:12,32.107737471499455,35.01901852501457,440.35812175646424
07:09:13,32.10770775700454,35.01929242453181,414.56846436765045
07:09:14,32.10766274950661,35.01959171695781,415.98840066883713
07:09:15,32.107614138220484,35.01995477884646,417.84930354822427
07:09:16,32.10756082598553,35.02029149941843,267.68715125042945
07:09:17,32.107517848949996,35.020581938252896,423.57865454256535
07:09:18,32.107467886269134,35.02076742963894,461.1641620686278
07:09:19,32.10742716059855,35.02100257441396,411.7199188861996
07:09:20,32.10739466895758,35.02126742139243,428.36074030864984
07:09:21,32.10738645742867,35.02152293628658,431.08039110992104
07:09:22,32.1073753498328,35.02193455459129,438.7487059859559
07:09:23,32.10735363690911,35.022286733892,288.2403725096956
07:09:24,32.1073121370434,35.022690660332756,243.79408783651888
07:09:25,32.10726042298403,35.023043576218086,478.592963389121
07:09:26,32.10720327910315,35.023458857948704,253.88183003664017
07:09:27,32.10714754256221,35.02381727184076,267.47086584195495
07:09:28,32.10704408602203,35.024141573720364,278.5855260901153
07:09:29,32.106943106936555,35.02446587454903,256.8488230314106
07:09:30,32.10684131014181,35.02472969724254,276.9294132757932
07:09:31,32.106755553020825,35.024933210830106,274.308602119796
07:09:32,32.10663519759054,35.0251175869335,281.72753180377185
07:09:33,32.106499535567806,35.025378287148264,284.28579971473664
07:09:34,32.10637307501271,35.02559914530383,269.75348410382867
07:09:35,32.10624376443652,35.02583602880917,293.9490507999435
07:09:36,32.106124810643195,35.02608745686036,290.1455602860078
07:09:37,32.105993640391574,35.026366058141775,271.4933560937643
07:09:38,32.10587107391123,35.02662551376405,271.582018205896
07:09:39,32.105723656682954,35.02686571010666,277.8648968972266
07:09:40,32.10559952243977,35.02711508394781,279.04081026650965
07:09:41,32.10548021759439,35.02739820478964,267.0986573221162
07:09:42,32.105368580127944,35.02766991982545,253.27299040276557
07:09:43,32.10523631380094,35.027928400072376,253.53292145766318
07:09:44,32.10510560201823,35.02816373707095,251.77421331312507
07:09:45,32.104974033744746,35.02838304692627,253.33039225824177
07:09:46,32.10484851752305,35.02863789561587,270.981742314063
07:09:47,32.1047143769884,35.0288921818585,257.462486974895
07:09:48,32.10457325960738,35.02917846100592,262.6812451649457
07:09:49,32.1044396121708,35.029440969403666,261.29094059579074
07:09:50,32.104300699700616,35.02967171015973,253.49352057557553
07:09:51,32.1041550495463,35.02989289655213,296.11499454267323
07:09:52,32.10401682324867,35.03010976105731,298.8141661370173
07:09:53,32.103869187978205,35.030396929641135,300.70993031188846
07:09:54,32.10373673174046,35.030685985264704,269.38686329778284
07:09:55,32.10359630737757,35.03097910225096,273.96530549321324
07:09:56,32.10346733929025,35.031254371360426,262.8877874771133
07:09:57,32.1033316165028,35.03152914360323,265.96395784430206
07:09:58,32.103192545843335,35.03179013559659,262.33227805420756
07:09:59,32.103059902845246,35.03205039506201,267.9937500413507
07:10:00,32.10292072084424,35.032298605947126,258.2433967832476
07:10:01,32.10279419859043,35.03255492725427,270.4610458072275
07:10:02,32.10266148722582,35.03279312542406,279.0468549989164
07:10:03,32.10254765110794,35.033049029963664,272.5050950208679
07:10:04,32.10241698294825,35.03328442177135,271.87628678046167
07:10:05,32.102283906271424,35.033542974152674,281.070174661465
07:10:06,32.10212346067606,35.033713308539774,274.1405928302556
07:10:07,32.10200517581815,35.03395498168049,330.7931318199262
07:10:08,32.10188873135445,35.034179982988306,274.0469998707995
07:10:09,32.101800939741366,35.034474299521726,283.10383471194655
07:10:10,32.101681264283556,35.03468779373346,277.7980704745278
07:10:11,32.101577090502595,35.034898961416665,304.5185657069087
07:10:12,32.10146137756376,35.03514678363874,314.305293132551
07:10:13,32.10135346186458,35.03540784895939,297.5981873627752
07:10:14,32.10124302550126,35.03560696453319,285.92272011283785
07:10:15,32.101148905335556,35.035744414136126,303.9311444731429
07:10:16,32.10100226394936,35.035856883097516,335.3329348806292
07:10:17,32.100854020212466,35.03596450115785,491.76171854976565
07:10:18,32.10071870529567,35.036086384662696,473.64344154298306
07:10:19,32.10065900042098,35.036245368214914,477.2835811348632
07:10:20,32.10060899949578,35.03657704376031,478.70524982828647
07:10:21,32.10054088653513,35.03693789491829,303.5740246158093
07:10:22,32.100477329245095,35.03724628789644,465.63894240465015
07:10:23,32.10041582502522,35.03741982832002,473.5252751344815
07:10:24,32.10039024883239,35.03757694733053,442.4208317231387
07:10:25,32.10036519458624,35.037807701740896,458.9169115917757
07:10:26,32.10036519458624,35.03806701626672,450.5410150429234
07:10:27,32.10037980036674,35.03832656197176,448.97874253150076
07:10:28,32.10040096681148,35.03857209793707,489.7679169168696
07:10:29,32.10043239411294,35.03898452355603,480.1367964493111
07:10:30,32.10046270855535,35.03939153352019,342.9815087169409
07:10:31,32.10049481126508,35.03979461120158,345.8933411613107
07:10:32,32.10053678317199,35.039971506396405,353.65977620333433
07:10:33,32.10056754805999,35.04013022810897,353.02682173158973
07:10:34,32.100590536696295,35.0402363369168,503.04591322131455
07:10:35,32.100603154419154,35.040399539701035,492.6989530371502
07:10:36,32.100664110816055,35.04068139349531,487.210566512309
07:10:37,32.100728353082786,35.040973379532545,376.7953315619379
07:10:38,32.100805451826744,35.0412186950344,499.5568131040782
07:10:39,32.10090139219365,35.04158113567817,498.9465644573793
07:10:40,32.101021615111705,35.041983754819704,333.2954775644466
07:10:41,32.10115541387208,35.04243507010077,328.6639039563015
07:10:42,32.10124329221351,35.04267656120614,325.68172716349363
07:10:43,32.10132523081552,35.042914841281565,330.97078511025757
07:10:44,32.101411419514555,35.04314893120671,322.96678299084306
07:10:45,32.10150042706109,35.04338893971169,331.875561080873
07:10:46,32.101601181040664,35.04366857956131,327.2258508745581
07:10:47,32.10168666450084,35.04390723514761,296.4835413126275
07:10:48,32.10176462249649,35.04414294823186,335.47469435539097
07:10:49,32.10183545384194,35.04436255887003,324.0446320148185
07:10:50,32.10192018536326,35.04461665446133,307.73984829802066
07:10:51,32.10201802870132,35.04487233748884,340.2482269285247
07:10:52,32.10210321606955,35.04512308331525,341.29613399039954
07:10:53,32.10218699782625,35.04537215800205,326.89208988659084
07:10:54,32.10225482862904,35.04564657694741,347.62288588564843
07:10:55,32.10232241801904,35.045830525442874,321.42270671296865
07:10:56,32.1023588246445,35.04596104344046,378.1917436281219
07:10:57,32.10240247198405,35.04604413583696,395.7374335145578
07:10:58,32.10247452673348,35.046314950035054,591.5423514526337
07:10:59,32.10254176153138,35.04662300672796,386.7869591265917
07:11:00,32.10258825106564,35.04691595972594,387.4627373544499
07:11:01,32.102596492721446,35.04705946022573,524.4946974208578
07:11:02,32.10260307149135,35.047248706193784,533.7124712578952
07:11:03,32.1026071547844,35.04749796649329,535.0209329165518
07:11:04,32.1026071547844,35.04781804395934,508.07519961707294
07:11:05,32.1025899715774,35.04861241497062,527.9435128690675
07:11:09,32.102541075819,35.049330257111315,299.2356578176841
07:11:11,32.10246528470162,35.05001542673376,509.57530950941145
07:11:12,32.10239775700393,35.050224815210775,583.2368564326316
07:11:13,32.10233271407635,35.05040399668699,569.7617429681122
07:11:14,32.10225979389331,35.050572265539564,564.3354647681117
07:11:15,32.102183074165104,35.050749121217734,601.7695817053318
07:11:16,32.102118818098525,35.05101105455443,597.1046375632286
07:11:17,32.10205932608847,35.05129253501345,604.640914497897
07:11:18,32.10200841613497,35.05157114230569,603.325873660855
07:11:19,32.10193192611294,35.051847500682705,599.2626176532358
07:11:20,32.10187046200319,35.05214095864236,595.3744464190677
07:11:21,32.10178964845365,35.05236867510326,597.3070836709812
07:11:22,32.101743286849896,35.05263275754833,618.7494558971375
07:11:23,32.10169184142637,35.05290444227211,593.4377645775676
07:11:24,32.101650346091546,35.05326219431064,584.7642894340679
07:11:25,32.10160003388219,35.05357811759183,550.0778665365651
07:11:26,32.10155583499728,35.05388707996952,551.6292593562976
07:11:27,32.10149909694785,35.0541423667093,547.2208410156891
07:11:28,32.101435550448514,35.05444406712746,573.558700225316
07:11:29,32.101376697773546,35.054710067267905,547.9810666870326
07:11:30,32.10133140704963,35.05502674545341,543.8903790274635
07:11:31,32.10129171761885,35.05534095203053,533.8204239765182
07:11:32,32.101233664499844,35.055665872291804,522.0091202789918
07:11:33,32.1011705301574,35.055944761686284,526.3351012989879
07:11:34,32.101110253125704,35.0562069532794,558.320322221145
07:11:35,32.101054973268575,35.05652604891535,557.8815451273695
07:11:36,32.101005991678505,35.0568401568647,529.2232624413446
07:11:37,32.10094606582876,35.05715442262785,540.2753764670342
07:11:38,32.1009019589268,35.0574047000295,535.6844656867906
07:11:39,32.10084166187606,35.057844675645065,581.1332549573854
07:11:40,32.10080449548229,35.05822053319893,406.99733298271894
07:11:41,32.100745465325325,35.05857274093459,393.00725692044944
07:11:42,32.100692608783845,35.058852343138064,541.0660797180608
07:11:43,32.10063173688853,35.0591434969351,410.5744835874066
07:11:44,32.10055863551769,35.059428075027114,406.71829202305526
07:11:45,32.10050408303851,35.059732183450016,547.6703185895458
07:11:46,32.10044472123971,35.060097803838914,409.48438011296093
07:11:47,32.100424147820206,35.060559763052986,393.3011064315215
07:11:48,32.10038854576688,35.06085268262965,330.31714566331357
07:11:49,32.100296345446225,35.06111666528161,326.9585355333984
07:11:50,32.10018684946404,35.06125993139397,589.4820169722661
07:11:51,32.100094154487365,35.061585837842415,546.9768772348762
07:11:52,32.100048133505105,35.06190518430349,325.66297938581556
07:11:53,32.09995319827803,35.062215865572206,409.5214665289968
07:11:54,32.09983397504208,35.062331352088734,612.4895204054192
07:11:55,32.09973173793688,35.06249486979906,601.9030907535926
07:11:56,32.09968077944177,35.0627026048267,561.24055061955
07:11:57,32.099635694416676,35.06302092032616,569.8353621931747
07:11:58,32.09956468807542,35.0632638010101,553.2052664794028
07:11:59,32.09949836977833,35.06350886523834,628.6791623802856
07:12:00,32.09944389826042,35.06377031653299,597.4375940430909
07:12:01,32.099417550503716,35.06418859397678,550.7042163433507
07:12:02,32.099368376354306,35.064590645929805,412.2410757159814
07:12:03,32.099294860889955,35.06485097678219,558.6083737881854
07:12:04,32.0992132480295,35.06497353079869,620.4132092576474
07:12:05,32.0991224280049,35.06511480046259,594.7782831396908
07:12:06,32.09905177034901,35.06541717814632,633.2383132893592
07:12:07,32.09897766111935,35.06568879762357,591.1897718403488
07:12:08,32.098920737118895,35.06595574357233,624.089052294381
07:12:09,32.09886898232008,35.06619456507723,648.5172616448253
07:12:10,32.098810537208365,35.06651283455859,578.2971174381673
07:12:11,32.098744174334485,35.06678859536179,591.7977603161708
07:12:12,32.09866095863556,35.067029796506596,644.2249089730904
07:12:13,32.098572348149986,35.06718900897699,628.844173008576
07:12:14,32.0984955702879,35.06748624508135,654.6665307274088
07:12:15,32.09842978329846,35.06776022377394,607.874812987633
07:12:16,32.09836806672372,35.0681153497618,618.3809671318159
07:12:17,32.0983139196209,35.06840645358375,603.5567024704069
07:12:18,32.09825917892347,35.0686190078649,587.8915568096563
07:12:19,32.09820651036112,35.068814877919,607.2868565823883
07:12:20,32.098144906175904,35.06898984092794,582.3706179680303
07:12:21,32.09808068209633,35.06918424742122,587.069445958361
07:12:22,32.09801742471665,35.06944725638011,605.6236856654286
07:12:23,32.09796320616638,35.06968065403077,562.0284427730367
07:12:24,32.09790158516921,35.069962739232075,596.7535624615848
07:12:25,32.09786144646712,35.07018472677846,592.52618332766
07:12:26,32.097832841211925,35.07047362893885,591.5097831282765
07:12:27,32.097816033313926,35.07093620354518,553.7403400084004
07:12:28,32.0977868712257,35.071321176312836,366.5569661241025
07:12:29,32.097749122578136,35.071664938575,401.8233943777159
07:12:30,32.09764561861665,35.07181966605589,383.6277572410181
07:12:31,32.09752032980299,35.07203184657868,604.0434257658198
07:12:33,32.09737184984404,35.07232250571394,360.05519464891404
07:12:34,32.097271202684716,35.07268482701042,611.8930524056777
07:12:35,32.09718304185636,35.072982607845724,580.5402868110687
07:12:36,32.09711332727451,35.07313753621016,557.7145435633138
07:12:37,32.097034910659765,35.07319185116327,581.5896634291857
07:12:38,32.09695931475643,35.07338041148301,644.3321425737813
07:12:39,32.096891188590824,35.07365894236343,580.2377142980695
07:12:40,32.09684668498602,35.07415420206987,582.8152554398403
07:12:41,32.09682055277586,35.074517808781955,435.82606715429574
07:12:42,32.09679098367336,35.07488926633385,413.93829321023077
07:12:43,32.0966942155822,35.07506712668614,439.0026723770425
07:12:44,32.09657421927304,35.07522326440043,615.4030834715813
07:12:45,32.09645355301383,35.075327518942764,595.4979126099497
07:12:46,32.09637375996944,35.07548449760551,614.1663249256089
07:12:47,32.09628518334834,35.075644880004695,631.9849543944001
07:12:48,32.09620061101964,35.075903087079546,683.2987216822803
07:12:49,32.09614045084551,35.0760781047534,654.884383215569
07:12:50,32.09608314602332,35.076392382188544,685.0413675727323
07:12:51,32.09599448172025,35.07671319392504,652.2321353601292
07:12:53,32.095901215771384,35.07707665000883,670.9054138362408
07:12:54,32.095802168702534,35.07739060699087,681.4186818841845
07:12:55,32.09571897837772,35.07757119327939,670.8079796312377
07:12:56,32.09563197466905,35.07789151481106,714.2466066880152
07:12:57,32.09556053537278,35.07813087231932,635.4945843126625
07:12:58,32.09550488625225,35.07855065182425,682.6004141913727
07:12:59,32.09541552757959,35.078788807266776,618.0630912445486
07:13:01,32.09531001087832,35.07904129585023,715.6296889306977
07:13:02,32.09520091254898,35.07931811963462,742.3936562631279
07:13:03,32.09511545608033,35.07962649411798,649.7892438350245
07:13:04,32.09505379078632,35.079996969667,694.7712798267603
07:13:05,32.0949729320914,35.08024807776774,684.1546037662774
07:13:06,32.09491223684887,35.08051399888327,675.6188462572172
07:13:07,32.09483645236833,35.080766174109336,683.1873989971355
07:13:08,32.09476510156759,35.081023475845974,693.7250796789303
07:13:09,32.09469051999019,35.08126306753999,685.3318312549964
07:13:10,32.09462271095995,35.08149223079828,703.22234092094
07:13:11,32.09456643160611,35.08174295048564,735.449729744345
07:13:12,32.09449036974772,35.08203577790593,652.4306323248893
07:13:13,32.09441426384896,35.08238856083471,696.551359705627
07:13:14,32.09433953408639,35.08268358372348,679.4512918833643
07:13:15,32.0942708734198,35.08299292437876,644.6557615958154
07:13:16,32.094219689297915,35.08328924484646,626.7357996609062
07:13:17,32.094170935429474,35.08360793115374,621.7252125088125
07:13:18,32.09409418879212,35.083982627584255,453.6859970605001
07:13:19,32.093996448795416,35.0842436615728,674.6839606687427
07:13:20,32.09388268330973,35.08441314972864,669.6620073057711
07:13:21,32.093794301991935,35.084562453296336,739.7434072718024
07:13:22,32.09370963884999,35.08481473581918,707.5777986636385
07:13:23,32.09362939208726,35.085082542009204,680.5174462953582
07:13:24,32.09353850939317,35.085378816497325,756.5839445115998
07:13:26,32.093428597442625,35.08573295958519,756.2315430669114
07:13:27,32.09332091325344,35.08612694064283,697.3885469567031
07:13:28,32.09323879592119,35.08645273591582,724.3693434260786
07:13:29,32.093173468142396,35.08670068334769,719.6600484289229
07:13:30,32.0931023472477,35.08697853748652,708.4602868817747
07:13:31,32.09301870173982,35.08733489187601,712.2382304258645
07:13:33,32.092936780694984,35.08767005222171,719.8598341885954
07:13:34,32.09286672247248,35.08803602558746,746.7813810473308
07:13:35,32.092796726159975,35.08831025473642,721.0265755811706
07:13:36,32.09273865666443,35.088617305685545,753.7907577026635
07:13:37,32.09267729407533,35.088880873672274,741.5812025079504
07:13:38,32.09263712551193,35.08921743171465,743.4208278376609
07:13:39,32.092598871362725,35.089529058338535,695.230157667771
07:13:40,32.092547962533125,35.089836153189616,705.6405880609527
07:13:41,32.09250730938447,35.09016435974914,712.7638390697539
07:13:42,32.09247516568517,35.09044286246547,670.3990475051105
07:13:43,32.092462294345935,35.090789156881556,749.0020592762157
07:13:44,32.09244954284048,35.0910342407635,682.2290863804519
07:13:45,32.09243679133502,35.09142254542049,668.76259287633
07:13:46,32.0924498041187,35.09183530336611,477.4168296549469
07:13:47,32.092482558502766,35.09235694945418,703.6369860200211
07:13:48,32.09252343321226,35.09282572622723,480.37531218491495
07:13:49,32.09254317481264,35.09319791871675,480.74942126404494
07:13:50,32.09254317481264,35.093500756643586,476.9043872645125
07:13:51,32.092515312886825,35.093696147687375,455.57421719748527
07:13:52,32.0924872466578,35.09391385847238,459.59811621624976
07:13:53,32.092452579789764,35.09400832210941,650.9226275822148
07:13:54,32.09243765452211,35.09421060261413,668.6143622007221
07:13:55,32.092431053883104,35.09441431445092,649.4066049400717
07:13:56,32.09243252101382,35.09473394739026,659.6765716914088
07:13:57,32.09243398814454,35.095024941438034,665.8653189269826
07:13:58,32.092499944119396,35.09551426286791,672.7659229310229
07:13:59,32.092570253047555,35.09602365166185,454.97356973122805
07:14:00,32.09264056197571,35.09658708627983,445.6546504897997
07:14:01,32.09264891195565,35.09688954535753,464.484398198314
07:14:02,32.09265144185156,35.0972199695372,465.88721326645464
07:14:03,32.09265665495706,35.09748986284085,467.6951422188431
07:14:04,32.0926627867132,35.097859139182304,476.9365599118173
07:14:05,32.092668918469336,35.09814907308646,467.69773055333644
07:14:06,32.092698371399656,35.09846238542704,484.9292937880382
07:14:07,32.09272899523154,35.09874496949795,454.0402232436463
07:14:08,32.092759920584825,35.09907237511006,427.24270017724484
07:14:09,32.09276484155436,35.099383544692806,447.34715397749096
07:14:10,32.0927695715844,35.09970497205194,472.500012146309
07:14:11,32.09277400009302,35.099927698997895,440.30307341367006
07:14:12,32.09277949840131,35.10017212913453,420.50570403039455
07:14:13,32.092792332211886,35.100535612394815,649.3004331784323
07:14:14,32.09280819140738,35.100946046923376,425.3979323869571
07:14:15,32.09282407228786,35.10136026217189,447.9839041810483
07:14:16,32.09282818915744,35.10162701836685,439.9265573192388
07:14:17,32.092829280642086,35.1019609626896,446.88996517658234
07:14:18,32.092832012473636,35.10226178121877,440.71364453900605
07:14:19,32.09283917520107,35.10257070232714,441.5826787352562
07:14:20,32.09285450822773,35.10285094405197,478.10418101679534
07:14:21,32.09286863426718,35.103179060013126,448.77762461453676
07:14:22,32.092881532311154,35.10346597171041,454.13123936764896
07:14:23,32.09289013279235,35.10377632725224,488.8864056188613
07:14:24,32.092897208429214,35.10397314795448,440.92114639189094
07:14:25,32.09290672046682,35.10419782609463,502.28785533830523
07:14:26,32.092921849786016,35.10432504856709,513.7084136074409
07:14:27,32.09294597897282,35.10449540827793,508.7143955323845
07:14:28,32.09298672484495,35.10476969058953,709.0064078653231
07:14:29,32.09302828068239,35.10525606977577,501.08991658035666
07:14:30,32.093068152372325,35.10569927419548,418.11691627744585
07:14:31,32.093092859774494,35.106065393969395,466.3984932024032
07:14:32,32.093114505949416,35.10620229034058,455.010588590987
07:14:33,32.0931369523526,35.10636738906748,429.3578081438318
07:14:34,32.09317805542034,35.106498049286095,682.6790061406791
07:14:35,32.093235795872005,35.10680403026122,715.2166509823874
07:14:36,32.09331325545283,35.107087439231634,502.011398925446
07:14:37,32.09337151303571,35.107398013539246,431.6524871950969
07:14:38,32.09343515505732,35.10757721246526,714.1631033290178
07:14:39,32.09349221783404,35.10777580006609,701.7680476531386
07:14:40,32.093589027576705,35.108066820959785,682.4159481972456
07:14:41,32.09366100132192,35.10833332665164,513.5016605341807
07:14:42,32.093822718244034,35.108853273714935,660.1335066780448
07:14:43,32.093938520378906,35.10926406619236,420.85969040356576
07:14:44,32.09409755471766,35.10969046540033,457.6886479277164
07:14:45,32.094177819363324,35.109940488858534,462.5359552241862
07:14:46,32.09428577146911,35.11011834237406,425.2182777998969
07:14:47,32.09434983662376,35.11032269539468,434.37371956929564
07:14:48,32.0944112872254,35.11051476301509,425.3572352845222
07:14:49,32.09452772677065,35.110776952306786,713.6386467274278
07:14:50,32.0946622983454,35.11105371937186,428.48902393784374
07:14:51,32.09478867684314,35.11122974388531,433.28965716809034
07:14:52,32.09484765021875,35.11139689948819,710.4484905535355
07:14:53,32.09492045304392,35.11146300077272,687.2990983659402
07:14:54,32.09506463537487,35.111684571055434,709.2609579870477
07:14:55,32.09521565391125,35.1120064893687,452.987574506551
07:14:56,32.09539094427975,35.11232885728558,688.1943094814196
07:14:57,32.09549904704144,35.11257397531128,466.3563087005168
07:14:58,32.09559713903751,35.112697408260836,691.7482511214912
07:14:59,32.09571451969315,35.112924309387964,705.4222747124732
07:15:00,32.09582779737121,35.11321165330558,483.5812172582373
07:15:01,32.09602065629033,35.11364747633764,706.8417661236599
07:15:02,32.09617719773197,35.11406202857747,463.92189281992614
07:15:03,32.09635894592209,35.11441111804961,459.33762927539647
07:15:04,32.09648450067322,35.11464949275578,462.24423668999225
07:15:05,32.096622814595,35.114896749135994,474.20791004784405
07:15:06,32.096743279854756,35.11515497653906,475.46851157583296
07:15:07,32.09687695035654,35.11540718895153,464.4219152452424
07:15:08,32.096991869423135,35.11565698964019,473.88898000959307
07:15:09,32.09711224905519,35.11588377177424,469.4795203031972
07:15:10,32.097244202419795,35.11613773280245,476.729069869034
07:15:11,32.09737365015566,35.116371747078865,451.25407003983855
07:15:12,32.09751224027635,35.11661148472978,467.8945661718026
07:15:13,32.09761685357266,35.116831778515284,471.0120133208111
07:15:14,32.09775712910317,35.11706955216162,470.56697029527277
07:15:15,32.09787339653704,35.11734561811748,463.2599170766771
07:15:16,32.098024900409484,35.117591301461,464.1161668403074
07:15:17,32.098141519187806,35.117773780734275,462.4549368470907
07:15:18,32.098243992756665,35.117897867772456,467.319737367332
07:15:19,32.09831002523162,35.11798538566979,468.52849226631224
07:15:20,32.09836522944248,35.118137062902655,701.278828991577
07:15:21,32.098508732211606,35.118456004182406,728.7621861128137
07:15:22,32.09866980820594,35.11885121640706,477.0742508554831
07:15:23,32.09885298921147,35.11922166536538,473.97367776185274
07:15:24,32.098991946163764,35.11943606402641,484.29829043895006
07:15:25,32.09912151564399,35.11968465067097,460.53754589147866
07:15:26,32.09924554346577,35.11992188650213,451.8915085280314
07:15:27,32.099351175551185,35.1201999651818,468.4051552070305
07:15:28,32.09945522371335,35.1204113762621,446.52663675602525
07:15:29,32.09959437496871,35.12063857973515,444.9505077628419
07:15:30,32.09971321151551,35.1208682113577,463.5611300012097
07:15:31,32.09984560577253,35.121110624746166,445.6762916985899
07:15:32,32.09995100050252,35.12136749935658,456.23049394693226
07:15:33,32.10006791146468,35.12158755213403,451.6979969283566
07:15:34,32.100187667276714,35.12179588810101,467.5217898739502
07:15:35,32.100301448957765,35.12200747170778,492.42573900707066
07:15:36,32.10044995020724,35.12223330870989,492.402260270901
07:15:37,32.1005766509337,35.12249692548633,466.2047694567591
07:15:38,32.100711493142576,35.12274334945104,448.27324281819165
07:15:39,32.100831117248106,35.12298958711189,479.2187738083303
07:15:40,32.100972835857704,35.12321881929129,481.3042182093486
07:15:41,32.10107863893739,35.12344337896689,482.81612581573427
07:15:42,32.10119200369324,35.123677818944266,480.17009677551687
07:15:43,32.101290294501176,35.12392534320205,464.0181895494461
07:15:44,32.1014254546869,35.12419214006126,465.7515677521005
07:15:45,32.10156792319596,35.12443764024854,462.70948594622314
07:15:46,32.10172057612486,35.12466964207614,466.879335465841
07:15:47,32.10186522705956,35.124902996521136,467.6366614755243
07:15:48,32.10200826704231,35.12514560944785,458.2923907665536
07:15:49,32.10216458542923,35.12536671574512,462.27254363987595
07:15:50,32.102323006500285,35.12558206563683,474.2464009709656
07:15:51,32.1024508200676,35.125803723042615,467.1377621740103
07:15:52,32.1025884347784,35.12601789599378,449.2139010410756
07:15:53,32.102720581711395,35.12623790144145,476.1337813558057
07:15:54,32.102880008825096,35.12644988503025,465.6232425319031
07:15:55,32.10302540113031,35.12667978709462,479.3616829607636
07:15:56,32.10315285895851,35.12691076027705,486.56047213822603
07:15:57,32.103310401868654,35.127102017610554,456.5526879094541
07:15:58,32.10343572885385,35.12728867260733,490.9930736189708
07:15:59,32.10357742279867,35.12746036751022,488.3116933107376
07:16:00,32.103720284783435,35.127667005193615,491.88486003130674
07:16:01,32.10385405915211,35.12789055089626,511.5360039100051
07:16:02,32.103992960457404,35.12812334401702,472.8609825447202
07:16:03,32.10409862420448,35.128329828967736,469.81025012303144
07:16:04,32.104251730317515,35.12853394329411,481.7400474352762
07:16:05,32.10439294329204,35.128743766404064,481.7011787360534
07:16:06,32.104525320676764,35.12897924029807,488.19569753017277
07:16:07,32.10463926056176,35.129194916533514,473.940392350778
07:16:08,32.10478505458997,35.12940222707422,466.44874207954854
07:16:09,32.10492983523798,35.12962503787702,489.8255965048447
07:16:10,32.10506969629392,35.12985559415758,470.3621163778007
07:16:11,32.10517945425676,35.130077610091625,490.500061663799
07:16:12,32.105322552422834,35.13029552469535,512.3288162443787
07:16:13,32.105451120664114,35.13054074266302,504.5003450252116
07:16:14,32.105586726589266,35.13080241070817,495.5911967456341
07:16:15,32.105676995345455,35.13105604304125,482.9000695683062
07:16:16,32.105788792664924,35.13129825656217,486.53493341151625
07:16:17,32.10588846122481,35.13153766263904,479.8712773695588
07:16:18,32.10601075801053,35.131780634249736,493.44483937881887
07:16:19,32.10611714381206,35.1320279325217,485.97280196659267
07:16:20,32.10624312763487,35.132283946128204,491.52818127162755
07:16:21,32.10636242106156,35.13253043123053,485.28936541918665
07:16:22,32.10647423447409,35.13277755693871,498.2788132112473
07:16:23,32.1065762048562,35.133018297552276,492.37054466549307
07:16:24,32.10666548257549,35.13329205137502,490.761945172213
07:16:25,32.10678795375361,35.13353521738038,484.5688569173217
07:16:26,32.10690015201296,35.13379521644805,490.11624254472554
07:16:27,32.1070339715641,35.13403425058658,483.857269003056
07:16:28,32.10716350277375,35.13428415360951,490.325061657466
07:16:29,32.10727997419902,35.13453552540181,500.20947744883597
07:16:30,32.10737838474212,35.13478179453168,494.1886430988088
07:16:31,32.1074742894921,35.135052752969436,491.4954307330772
07:16:32,32.10759280533297,35.13529640479666,490.4304155614227
07:16:33,32.10772527518837,35.135537159693136,491.57540419884026
07:16:34,32.10783607964609,35.13578319060817,512.0622985819355
07:16:35,32.107947859317925,35.13601759609472,500.9210286345333
07:16:36,32.10803544515059,35.136267981359914,496.8490033261478
07:16:37,32.108130358998196,35.13649499463336,502.28259609173983
07:16:38,32.1082439391586,35.13672879984571,494.36755863018334
07:16:39,32.108364013615294,35.13695209022509,513.8303618608043
07:16:40,32.108477340198576,35.137180455333684,500.8890577685088
07:16:41,32.108569993487684,35.137407894589806,496.8750031394884
07:16:42,32.10867635905687,35.13762103092274,501.695946034044
07:16:43,32.10877194776428,35.137843159548474,507.47180827800184
07:16:44,32.108873987730526,35.13806783222348,498.65424272976816
07:16:45,32.108937901214404,35.13828783646105,491.4066315954551
07:16:46,32.10901158607446,35.13846878549284,500.55950362887233
07:16:47,32.10906606257687,35.13866460271715,548.5278812227771
07:16:48,32.10913018182882,35.138801381343235,510.90484118741006
07:16:49,32.109179686687746,35.138933370754444,530.4373345561326
07:16:50,32.10922724774552,35.139079842539736,496.5911532668397
07:16:51,32.109262998173165,35.13922838993309,562.8679030761123
07:16:52,32.109304842326466,35.13935435720055,804.8939612386748
07:16:53,32.10932578075524,35.13942536816586,536.771110156551
07:16:54,32.10935160028929,35.139527742232595,493.29118620604277
07:16:55,32.109369493744765,35.13964696502587,827.6508753122762
07:16:56,32.10941138587696,35.13983570180269,809.8802745882422
07:16:57,32.10948671803441,35.14013308396255,823.4802150772884
07:16:58,32.10956116006675,35.14043844273812,559.5940202893689
07:16:59,32.10961084655389,35.1406563029606,520.6955918082967
07:17:00,32.109619716645824,35.14074734167759,538.8180636717007
07:17:01,32.10962630867226,35.140806495429565,529.4027824476361
07:17:02,32.10963208998476,35.14084633298389,536.7416091067716
07:17:03,32.10963852643475,35.14088133609072,516.9372490327805
07:17:04,32.10964096572112,35.140900729676055,538.0590315219015
07:17:05,32.10964340500749,35.140917802435304,553.0758084384724
07:17:06,32.10964585017774,35.14092444705497,548.2164235031232
07:17:07,32.10964708648123,35.14093832336977,534.8468075022101
07:17:08,32.10964832278472,35.140947802879914,547.644903106615
07:17:09,32.10965132244091,35.14095873969043,526.7387599376962
07:17:10,32.10965683064563,35.1409813708545,537.7473460752517
07:17:11,32.109669004333014,35.14101959176214,522.2045567957684
07:17:12,32.10967877305384,35.141065750471576,520.2109587723389
07:17:13,32.10969108208903,35.1411008443008,537.7747108256444
07:17:14,32.10969702259399,35.14115841367894,554.3529018200934
07:17:15,32.109704297094304,35.14123927226607,531.1746740676463
07:17:16,32.109710023011004,35.14135232958622,538.7555452780798
07:17:17,32.1097156710647,35.1414490400669,530.3034702055156
07:17:18,32.10971818156663,35.14155517006228,538.171078260988
07:17:19,32.10971840065606,35.14167665790924,541.3893977068365
07:17:20,32.10971840065606,35.14183464990277,528.3914757147431
07:17:21,32.10971589015412,35.14196420509475,527.5448588058352
07:17:22,32.10971589015412,35.142208849439136,560.9589733853936
07:17:23,32.10969233592128,35.14248817686194,555.5829322310165
07:17:24,32.10967129219037,35.142764080135215,523.6185415415093
07:17:25,32.10964773795753,35.14295866913139,503.2497656783089
07:17:26,32.10966992569643,35.143083248394476,516.6329460861161
07:17:27,32.109701601156175,35.14324119721446,515.2287685526535
07:17:28,32.10973327661591,35.14335859860658,545.6263246014714
07:17:29,32.10974276433676,35.14346131483975,560.2074307911098
07:17:30,32.10974276433676,35.14360469832127,537.0496968487278
07:17:31,32.10973649450794,35.14376375911278,526.9101222231984
07:17:32,32.10973022467911,35.14391475824115,543.4564855191857
07:17:33,32.10972112920756,35.144101785122864,546.777529751882
07:17:34,32.10971563741175,35.14429346811248,545.2974275974557
07:17:35,32.109705984236086,35.14455060112751,546.1973991347477
07:17:36,32.1096959395211,35.14473077886385,549.6748713068664
07:17:37,32.10967986667213,35.14493337735761,564.5339501509443
07:17:38,32.109666873584956,35.14515519208036,543.8083916613832
07:17:39,32.109648880392626,35.14542643644181,529.7170784845948
07:17:40,32.109635354130475,35.145637404998695,567.0258894348517
07:17:41,32.10960388449143,35.145891303824364,554.4362479904667
07:17:42,32.10957290995256,35.146121581110755,559.6153713921085
07:17:43,32.10954158998386,35.146426938976845,560.0657948385924
07:17:44,32.10952548514193,35.14666636635733,557.8424634691328
07:17:45,32.1095146212114,35.14690032038859,562.0985881928355
07:17:46,32.1095057641829,35.14714867607331,584.2471853466704
07:17:47,32.10949283771747,35.14739771145158,533.7627104409039
07:17:48,32.10948128532595,35.14766950451945,553.8264818005264
07:17:49,32.10947141430762,35.14792111514664,555.9501783903688
07:17:50,32.10946290493506,35.14817680965723,557.9362620469183
07:17:51,32.10944148542992,35.148424730163214,573.5143235111609
07:17:52,32.1094139233051,35.14865009794607,549.8954908866435
07:17:53,32.10938971207831,35.14893968207349,570.7587017426267
07:17:54,32.10937951818578,35.14925602175407,553.5257395524532
07:17:55,32.1093716322018,35.14956308214774,564.0493798116222
07:17:56,32.10936405818039,35.14981812047436,565.3012819243595
07:17:57,32.10935425280935,35.14997369200703,557.131138808094
07:17:58,32.10934525154093,35.15014065763077,588.4737714678049
07:17:59,32.109339105071314,35.150349306173844,556.1704809963703
07:18:00,32.10933518995133,35.15070123469272,838.2983211874962
07:18:01,32.10933844788367,35.15106379606428,586.6467930972576
07:18:02,32.10933844788367,35.15142083998436,577.8001851299778
07:18:03,32.10934170581602,35.151693155700485,554.4787375424057
07:18:04,32.10934407687352,35.151985962346586,584.3653159048408
07:18:05,32.109349705863366,35.15224172591247,560.5370493978262
07:18:06,32.10935646585902,35.15252137073676,588.1753689609468
07:18:07,32.10936936763008,35.152792266629014,572.8736918894574
07:18:08,32.10938379036804,35.153003655536345,550.3686287542805
07:18:09,32.10940054031009,35.15327613357524,658.417065137066
07:18:10,32.109409027390655,35.15351061571103,573.577852669172
07:18:11,32.10941752327077,35.15383825937365,600.3815937712789
07:18:12,32.10942252567853,35.154114351148486,570.369619444944
07:18:13,32.109427278114865,35.15438850392614,578.850494094193
07:18:14,32.109433109552356,35.154683031746366,582.0464085713029
07:18:15,32.10943571831998,35.154924124215775,575.1889767507091
07:18:16,32.1094383270876,35.15524653719209,567.1897952156141
07:18:17,32.109434889730494,35.15550390002007,560.0883762342855
07:18:18,32.109424464653266,35.1557170933986,579.7632423322648
07:18:19,32.10940997720374,35.15581035710179,660.8932195706293
07:18:20,32.10939892711132,35.15597996166236,592.4629883067682
07:18:21,32.10939486473902,35.15618053119757,792.9319887664169
07:18:22,32.10938883822432,35.15644220915223,671.8237343765795
07:18:23,32.10937752293293,35.15675254954231,801.3384469021112
07:18:24,32.109366207641536,35.15707641786174,591.1091001918539
07:18:25,32.109357624050176,35.157346381022556,692.7398773701862
07:18:26,32.1093543292355,35.1574700261211,829.9735535318032
07:18:27,32.10935103442083,35.157628749395336,806.6455835737288
07:18:28,32.10935103442083,35.157887300241065,808.5954120373353
07:18:30,32.109362891385274,35.15840433972334,861.0275886524469
07:18:32,32.10937898518287,35.15889100384453,799.6294843265787
07:18:34,32.10939937260218,35.15949210541385,870.1854663547128
07:18:36,32.10940833314355,35.15995417342358,828.9432483315468
07:18:37,32.10941755305957,35.16046135028743,699.1270827567205
07:18:38,32.10944800949654,35.16100415581191,822.4838516376913
07:18:40,32.10948048925977,35.16163002497952,602.2040455462411
07:18:41,32.10951012246592,35.16216722029417,762.7926287474111
07:18:42,32.10954589003088,35.16248493124103,600.900831669569
07:18:43,32.10958059250305,35.16267099810817,587.8251600526273
07:18:44,32.10961448018117,35.1629196402662,639.7264222633094
07:18:45,32.109616035115224,35.16316648976771,628.7476749038324
07:18:46,32.1096168699719,35.16335403137401,611.3508181096986
07:18:47,32.10962330753034,35.16354129153433,623.4215522790328
07:18:48,32.10964971532386,35.16371491558413,599.4687053989619
07:18:49,32.10967715701341,35.163889738484954,639.2696833359078
07:18:50,32.109698161144514,35.16408192268229,637.8772824816406
07:18:51,32.109698161144514,35.16423770645678,602.7994866920635
07:18:52,32.10969645900587,35.164473724666216,626.3400197448209
07:18:53,32.10969116681856,35.164663375943086,616.3355099400505
07:18:54,32.10968673896664,35.16495104297643,629.117556870915
07:18:55,32.109682311114724,35.165153189598364,615.8641325104982
07:18:56,32.10968147331147,35.165316432699285,591.161307127215
07:18:57,32.10968147331147,35.16538761634877,616.7338763894513
07:18:58,32.10968147331147,35.16545281782848,633.9332903930917
07:18:59,32.10967933340332,35.165550718555615,645.8418146362528
07:19:00,32.109673215312895,35.165656964705526,633.3236037408933
07:19:01,32.10965835301391,35.165713905521336,609.0110389152542
07:19:02,32.109628370244906,35.16576008182212,623.2760097775608
07:19:03,32.1095778122089,35.16578961971571,615.119873335585
07:19:04,32.10950011524366,35.16582015191103,626.2021374898031
07:19:05,32.10943013052686,35.165847899782875,664.3660041689873
07:19:06,32.10936361907631,35.16586978775429,610.5591971138492
07:19:07,32.10932402441614,35.16591055339173,617.6624675616622
07:19:08,32.10926361346601,35.16595156944548,631.658045835793
07:19:09,32.10919300042975,35.166000549102016,629.0628199251369
07:19:10,32.10911959554625,35.166074790347984,607.3491235459223
07:19:11,32.10907263332608,35.16614469884982,604.1686722487211
07:19:12,32.10903168544405,35.16623194851508,608.6772179221734
07:19:13,32.108999150812046,35.16627608700077,611.2907722359523
07:19:14,32.108955710887074,35.16631419073001,622.0327963419259
07:19:15,32.108903399934825,35.16633404287816,617.8549419352785
07:19:16,32.108837295799056,35.1663518726487,612.7463566400111
07:19:17,32.108758513326954,35.16636032886414,603.9433070579544
07:19:18,32.10868451523857,35.16636032886414,629.7743537053466
07:19:19,32.10859296424752,35.16636032886414,606.5232801651582
07:19:20,32.10850680947997,35.16636032886414,614.1945381620899
07:19:21,32.10840644748265,35.16636032886414,623.6170385703444
07:19:22,32.1082731304975,35.16634422697935,608.9932004194707
07:19:23,32.108095748538446,35.16643172969842,628.6660691117868
07:19:24,32.10794168693164,35.16651923241749,593.054225705564
07:19:25,32.1078447583043,35.16662283702136,573.2403570180759
07:19:26,32.10772529473172,35.166588966060026,594.3315904764459
07:19:27,32.10757408628781,35.16650437755757,617.16589172557
07:19:28,32.10739719307898,35.16640324632723,576.3609330002218
07:19:29,32.107254086282175,35.16633598605822,608.2188956364989
07:19:30,32.1071509574471,35.16618344741416,605.0334563720971
07:19:31,32.107038366200996,35.1659783609441,612.7765416540205
07:19:32,32.10692944578665,35.16576871493904,615.4327724352479
07:19:33,32.10678189437951,35.16568682114324,619.5690506370738
07:19:34,32.10661798062421,35.16565773718228,601.2957268934697
07:19:35,32.10645188021785,35.16559300413548,593.9205330032855
07:19:36,32.10629669667907,35.16553651479558,638.5879178540781
07:19:37,32.10615010581787,35.1654904610577,625.5828123725951
07:19:38,32.10604182269506,35.16548461594065,645.8720211330801
07:19:39,32.105903805462646,35.1654787708236,624.5278091635555
07:19:40,32.10579504517341,35.165502087583015,585.5367450406775
07:19:41,32.10560715813112,35.16557412461364,620.0044686701149
07:19:42,32.10542933182729,35.16564616164427,603.4367309240624
07:19:43,32.105242470016876,35.16569488191547,603.1059217974544
07:19:44,32.10511541358986,35.16569488191547,607.0116453981027
07:19:45,32.10503889287763,35.16567299617012,596.9783120630309
07:19:46,32.10489962144703,35.165637354630526,608.135675245896
07:19:47,32.104756649187145,35.165561224067076,591.0930368434638
07:19:48,32.10457214039339,35.165482216642964,610.8704378586262
07:19:49,32.104427609342615,35.1654169650131,599.9969236692414
07:19:50,32.10428639080944,35.165390872846366,584.131188438274
07:19:51,32.104175607683544,35.16536644158986,595.2117172777653
07:19:52,32.10403981047321,35.16531367648802,564.6685686120763
07:19:53,32.10389658447948,35.16523718008177,600.2759757572785
07:19:54,32.10376486120214,35.165173500577644,560.904971822165
07:19:55,32.10367707061593,35.16513815491887,610.6040701037273
07:19:56,32.103625121780695,35.16499535566841,585.2408582726493
07:19:57,32.103562296710436,35.16484246235838,601.2052238248289
07:19:58,32.10349336625781,35.164689569048356,607.2455123597756
07:19:59,32.10341463536328,35.16466919019513,578.7982944976538
07:20:00,32.103314371443886,35.16466919019513,618.0953050199896
07:20:01,32.10323363808304,35.16466919019513,579.804958883673
07:20:02,32.10315385008768,35.16466919019513,573.7293071281165
07:20:03,32.10311325552296,35.16466919019513,593.186101722531
07:20:04,32.10308189764746,35.16467384052556,635.3439299594611
07:20:05,32.10305223694819,35.16467849085599,620.5973524805158
07:20:06,32.103010298589325,35.16468314118642,621.0695568025112
07:20:07,32.10296715765538,35.16468496500878,630.1498389355838
07:20:08,32.102936882771246,35.16470463663211,598.5350472666323
07:20:09,32.102894119131236,35.16474298439241,622.0885939076543
07:20:10,32.102843441074796,35.1647838239414,607.7138332901523
07:20:11,32.10276987611476,35.164806815689424,626.0231532296166
07:20:12,32.10268356649825,35.164816082744984,625.0015694992617
07:20:13,32.10258478999896,35.16482335789932,627.7686164453626
07:20:14,32.10245949641369,35.16484052216434,615.1875878004357
07:20:15,32.10233457906202,35.16490543757706,842.9908697130159
07:20:16,32.10223874800245,35.16498350871651,595.805848846212
07:20:17,32.10211865550416,35.16507438922279,587.4899554019794
07:20:18,32.101975021833525,35.16514870796488,579.7981329327449
07:20:19,32.10177891087676,35.16526102030369,568.131245139055
07:20:20,32.101637837184015,35.16538386388419,539.7321686502546
07:20:21,32.101544764226325,35.165470566636635,517.1547231795266
07:20:22,32.10148576043925,35.16552485282505,597.2502715392038
07:20:23,32.101423780555635,35.16559103667254,583.7790420306846
07:20:24,32.10128410969513,35.16568955995177,597.9234366025776
07:20:25,32.10116595363482,35.165871603941866,841.2739848401397
07:20:26,32.101052869287955,35.16603329832353,603.934645130299
07:20:27,32.10100128179018,35.16621950614635,614.1191561045125
07:20:28,32.10091718495161,35.16639419846496,606.9909299788997
07:20:29,32.10082425864893,35.16656705882332,591.8917319783941
07:20:30,32.10072962420231,35.166757325639786,619.6153160231188
07:20:31,32.10064525112059,35.166930053984096,593.6926434431225
07:20:32,32.100555909973814,35.16714215320854,602.0165089722723
07:20:33,32.100459409926444,35.16734462513974,601.0800810363144
07:20:34,32.100385765506886,35.167531154872826,599.850811320357
07:20:35,32.10032082096674,35.16772890668748,606.447323685512
07:20:36,32.10025246789,35.16793562598206,612.2447186084464
07:20:37,32.10018408140767,35.16815301234333,588.6044848673046
07:20:38,32.100133045009855,35.16835306562995,579.5617442755029
07:20:39,32.100112743662834,35.16855105783032,619.3026408897713
07:20:40,32.1000923176383,35.16875174607392,611.5302337259054
07:20:41,32.10006858340489,35.168966944375576,609.9431991400197
07:20:42,32.1000569334879,35.16917066522175,627.1627226592973
07:20:43,32.10004258125728,35.16933772074342,607.9879509061575
07:20:44,32.10003435283252,35.16953699931938,579.2676616441458
07:20:45,32.100028308237725,35.169733681086115,814.3655037069693
07:20:46,32.100028308237725,35.16998149732444,596.9814492808655
07:20:47,32.10004217649057,35.170188874683475,604.5801561661065
07:20:48,32.10005386091346,35.17042927491092,842.454334968701
07:20:49,32.10006554533635,35.17061251646976,644.2462403215468
07:20:50,32.10008497744703,35.170869393810555,576.4848740017042
07:20:51,32.100140878328844,35.17107131638887,642.3074991339818
07:20:52,32.100224619251364,35.17142151127544,966.1219991492108
07:20:53,32.10030385582359,35.1717012349132,608.1899817148224
07:20:54,32.100367032807696,35.17199823302267,632.8829151019454
07:20:55,32.10044205835567,35.17222549501846,645.8210532618687
07:20:56,32.100529100591785,35.17245843001075,595.2895184531808
07:20:57,32.10061658213256,35.17270292403225,613.3125602146611
07:20:58,32.10070502988046,35.172892222810724,623.5919219721109
07:20:59,32.100777075259245,35.17306621904783,629.8223479920998
07:21:00,32.100884303662546,35.17322835089888,639.6767876502126
07:21:01,32.100968652666324,35.17343315562906,644.9789160974324
07:21:02,32.10106136130235,35.173618137445175,627.832651026547
07:21:03,32.10112214331131,35.17382490305237,643.2817453369498
07:21:04,32.10119452152698,35.17398646649576,625.0623757001013
07:21:05,32.10128309076059,35.174145679432534,623.3426932664588
07:21:06,32.10135782177951,35.17427425039554,633.1783385174349
07:21:07,32.10140487519082,35.174385646872004,631.2682152865455
07:21:08,32.1014178324934,35.174514288074356,650.3409916590899
07:21:09,32.10143372087198,35.17461212988639,616.0894498666748
07:21:10,32.10144901320984,35.17469480556739,614.4414996458218
07:21:11,32.10146600037307,35.17478216659352,651.804486297071
07:21:12,32.10149129985494,35.17489066982819,611.3697273647413
07:21:13,32.10155316411834,35.17500353759437,609.4788455795497
07:21:14,32.10162887629352,35.17506577907769,642.0962486723438
07:21:15,32.1016911947801,35.17511300968653,631.7195677952841
07:21:16,32.10173060520465,35.17516716297094,619.0166590297595
07:21:17,32.10175926160329,35.175227105817854,618.7776850797236
07:21:18,32.10178100795863,35.175321998636704,665.1389273423702
07:21:19,32.101828864805135,35.175416697899806,625.0351793868467
07:21:20,32.10188333466866,35.175555561341106,624.3848960660398
07:21:21,32.10193768343453,35.17566152272281,638.3131859144196
07:21:22,32.10196203445038,35.17581724592015,654.1164615275338
07:21:23,32.10199106736847,35.175924570803666,587.1934298221022
07:21:24,32.10203997510347,35.17607902352189,617.7362362798303
07:21:25,32.10208127298904,35.176240928126326,627.2505905516446
07:21:26,32.10213148922142,35.17643197113944,650.5893870759755
07:21:27,32.102197932315306,35.176563569361676,640.2768352860585
07:21:28,32.10230769422022,35.17663114502228,638.9901532707736
07:21:29,32.10240731710055,35.17673338457189,664.665723234415
07:21:30,32.1024866803979,35.17685585041015,638.4799123061821
07:21:31,32.10254075031509,35.17704593927302,658.6300092125311
07:21:32,32.102605556026816,35.177204901440916,644.6223795944825
07:21:33,32.102669926782674,35.17736410049829,641.2732404656708
07:21:34,32.10271301452593,35.177432666096216,667.3890201160684
07:21:35,32.10273994124526,35.177501453594935,685.6748183751479
07:21:36,32.10275312670831,35.177630909908004,633.6575953457505
07:21:37,32.10277214814891,35.177760508228026,676.7410985259339
07:21:38,32.10278073524529,35.17797700329749,887.6363594541326
07:21:39,32.10279154440214,35.17813957093119,665.8485572058707
07:21:40,32.10280170170546,35.17830795126813,664.9708994347602
07:21:41,32.10281185900879,35.178401243325226,686.5662820106372
07:21:42,32.10281704313282,35.178487813250086,683.323976168409
07:21:43,32.10281187290434,35.178587710239576,689.3827550737187
07:21:44,32.10280670267586,35.17870914541843,720.5321866692975
07:21:45,32.10279211883624,35.178816701892735,681.2773015266284
07:21:46,32.102781254786265,35.178921891008855,697.2808972392231
07:21:47,32.10276616430805,35.17903547798754,730.3473730096593
07:21:48,32.10275147177024,35.17918354594101,694.6722087860107
07:21:49,32.10273126338136,35.179337661531015,683.3560024444014
07:21:50,32.10271135059028,35.1794444162515,700.7289130622521
07:21:51,32.10268706795907,35.17952005761618,680.2989209163934
07:21:52,32.10266934723153,35.17959324724948,676.0563688548282
07:21:53,32.10264521139601,35.17967899163306,687.7702826727182
07:21:54,32.10262695805153,35.179765197066786,666.2480647303164
07:21:55,32.10260910909328,35.17984296105702,653.9855723725632
07:21:56,32.10260160607346,35.179891174788025,669.918033064343
07:21:57,32.10260160607346,35.17993080161065,696.7934502577409
07:21:58,32.102606749612306,35.179975826247635,719.9374371459708
07:21:59,32.10261189315115,35.1800240883312,712.4199192086235
07:22:00,32.102617036689985,35.18009726709837,710.8644614750519
07:22:01,32.102617036689985,35.18016685571408,689.4300502734259
07:22:02,32.10260698253859,35.180265284262845,691.6012768372893
07:22:03,32.10259339022083,35.18036262382953,667.1250453516841
07:22:04,32.102576421153245,35.18046468550656,686.7786000613123
07:22:05,32.102569506237046,35.18052643603367,707.9194685723633
07:22:06,32.10256612948722,35.180601715517746,695.6481889383867
07:22:07,32.102560646349744,35.1806638864818,690.0290275877342
07:22:08,32.10255145465668,35.18074741331816,687.2638915982097
07:22:09,32.102545971519206,35.18080618157598,666.3731221053749
07:22:10,32.10255007676534,35.180897403358586,667.4181521339342
07:22:11,32.10255789056707,35.1809985912053,678.2266217824072
07:22:12,32.102561995813204,35.18110940767984,689.4976701270789
07:22:13,32.102561995813204,35.181222241357865,692.0458625517786
07:22:14,32.102561995813204,35.18129726530558,686.1645948300138
07:22:15,32.102561995813204,35.18138823722027,724.1294642938301
07:22:16,32.102561995813204,35.18144287891881,732.6725486433133
07:22:17,32.10256224702998,35.18154478597581,713.3093691263348
07:22:18,32.1025650432329,35.18161664337443,730.7108129747212
07:22:19,32.102586517360464,35.181809416143814,853.6881140852347
07:22:20,32.10260902536333,35.182039550017635,714.0852877702564
07:22:21,32.1026340014421,35.18228302824764,674.3668980365619
07:22:22,32.102654406768664,35.18243053254472,694.8178315730765
07:22:23,32.10267760916215,35.18253518548304,714.2831195350736
07:22:24,32.10271874532947,35.18265921041125,726.2941502323374
07:22:25,32.10274836620955,35.182776408961196,713.8187911771238
07:22:26,32.10279268477105,35.18296103170412,749.415564129129
07:22:27,32.10283883567768,35.18318217053326,720.025896070525
07:22:28,32.10290389918753,35.183397094938094,667.5208947174251
07:22:29,32.10296708763396,35.1835629894074,720.3234016140923
07:22:30,32.103005496899335,35.18364097484258,694.4272248623893
07:22:31,32.103055120186305,35.18374464619814,725.4130064928904
07:22:32,32.10308912530418,35.1837877151826,789.6933587230742
07:22:33,32.10316633817836,35.183974577840935,718.1466180318967
07:22:34,32.10321375035816,35.184251043715435,1040.829214704223
07:22:35,32.1032965674986,35.18459325013836,691.4172659842297
07:22:36,32.10335640930649,35.184851276179565,699.5740420073271
07:22:37,32.103429296055104,35.18504089497387,701.3343455428258
07:22:38,32.103471267413696,35.18522450615337,693.2522154711187
07:22:39,32.10349573454249,35.185421771153564,714.4801865955815
07:22:40,32.103505001058195,35.18555662298521,673.0846320632845
07:22:41,32.1035084913954,35.18568284333767,699.9825420798734
07:22:42,32.10351476731184,35.18579586061053,693.3212038772181
07:22:43,32.10352235018168,35.185910928850454,758.2614697553217
07:22:44,32.10354823339919,35.18603782937635,997.5557488845661
07:22:45,32.10357711770101,35.18611111373371,838.3561547519639
07:22:46,32.10362863887621,35.1863872701666,919.6599827157333
07:22:47,32.103661859703735,35.18665948495013,720.9353598291054
07:22:48,32.10369349894516,35.18695777945794,711.2993471585214
07:22:49,32.10370165205529,35.187116451563355,712.7040824992582
07:22:50,32.10370980516544,35.187246429686326,755.1609785184264
07:22:51,32.10370980516543,35.18749751600873,951.7968566678464
07:22:52,32.10368819338423,35.18770496264769,730.400536798872
07:22:53,32.10365140546199,35.18794050296839,725.1420314228162
07:22:54,32.10361572914152,35.188080105527874,746.5988878645003
07:22:55,32.10360044476353,35.188236625863574,715.460918482393
07:22:56,32.10360033652657,35.18834319609858,706.7585013890639
07:22:57,32.10360862972242,35.18841826349807,730.9781460501254
07:22:58,32.10361692291828,35.18847266028118,718.3037526635453
07:22:59,32.10363239273529,35.18854753129538,734.5092221293598
07:23:00,32.103639569356446,35.18859620711789,704.7803999884054
07:23:01,32.1036467459776,35.188640973194566,754.3248634506017
07:23:02,32.1036467459776,35.18873204954631,710.610012174584
07:23:03,32.10363163795945,35.18885663663276,723.9998687002808
07:23:04,32.10360486420343,35.18897034059593,1116.0694338474423
07:23:05,32.1035531168835,35.18906060241449,779.4150153715163
07:23:06,32.103465971798926,35.18917300706119,725.0066878451034
07:23:07,32.10339049245222,35.189344771361924,965.2134071895853
07:23:08,32.1033301881218,35.18951521052272,685.8435888634995
07:23:09,32.10330501904005,35.18964122990218,965.387983574532
07:23:10,32.103274300560074,35.189780829853305,930.2667292831466
07:23:11,32.103249886126406,35.18998683981028,962.0389012778178
07:23:12,32.103225061124725,35.19021224551697,695.6710911821574
07:23:13,32.103192189212365,35.190436791995204,968.3564810240641
07:23:14,32.10316081947026,35.190605996242645,938.7252625254914
07:23:15,32.103127991679216,35.19074885716399,721.3222902752459
07:23:16,32.10309761720415,35.19098340324829,1235.3161400333047
07:23:17,32.1030689737339,35.19136151524057,1241.6375822192058
07:23:18,32.10304804015046,35.19181624928115,716.195096636191
07:23:19,32.10303824955996,35.19214908208997,732.989666108042
07:23:20,32.10302872029571,35.19235440853154,716.0096815088764
07:23:21,32.10299730800051,35.19257761696465,714.2708834828809
07:23:22,32.10296236698443,35.19279818840818,712.6676043793559
07:23:23,32.10292123634522,35.192975774025335,722.6228600014001
07:23:24,32.10288352507921,35.19313220814529,741.4234276078641
07:23:25,32.10284512040517,35.19330923324595,718.1413284186274
07:23:26,32.1027932953788,35.193521129207504,705.1886160606518
07:23:27,32.10274495016056,35.19374018879013,700.8848527474329
07:23:28,32.10267667287016,35.19392910894425,714.2080316534266
07:23:29,32.102575051297144,35.19417805929251,713.6343530463055
07:23:30,32.102488364810874,35.19439885647582,710.785069716163
07:23:31,32.10241044622379,35.19460676012715,715.5374912749976
07:23:32,32.102335229626824,35.19476552744621,704.9742532754317
07:23:33,32.102237067681145,35.19510191774907,714.0023930566385
07:23:34,32.10209349570545,35.19549650138114,692.8869345169514
07:23:36,32.10196886530202,35.19582991387444,738.1005708388984
07:23:37,32.101703335389146,35.19599369736615,676.1244551111013
07:23:45,32.10148201604012,35.19610852728608,912.4062008792534
07:23:46,32.10128477912627,35.1962206088011,954.201897053048
07:23:47,32.101260965097694,35.196268047130054,725.4996955562383
07:23:48,32.101253736837144,35.19634476653737,967.2636927673593
07:23:49,32.10125887816473,35.19661520992825,970.2159695001319
07:23:50,32.10125887816473,35.1968129013353,955.1420024810359
07:23:51,32.10126401949232,35.197024922683774,750.6979610463604
07:23:52,32.1012677149242,35.197088938712646,728.9416755400598
07:23:53,32.10127655168367,35.197234534852285,756.7166153816506
07:23:54,32.101280247115554,35.19733544827442,983.2576026152819
07:23:55,32.10128043943196,35.19739589763603,772.3527928655967
07:23:56,32.101280631748374,35.19747019286081,755.7758285785094
07:23:57,32.10128082406479,35.19759589221142,932.9293076973408
07:23:58,32.10128219730495,35.19770633648309,977.4925741609186
07:23:59,32.10128357054511,35.19796458868506,731.7049893494695
07:24:00,32.10128952100759,35.1981450372782,745.9710196536034
07:24:01,32.101314114136215,35.19835453414573,1088.884042404592
07:24:02,32.10135378403068,35.198461393822754,761.882950803265
07:24:03,32.101412853867366,35.19859566506856,704.4330090964213
07:24:04,32.10146378052743,35.19878372815592,1062.0246044378728
07:24:05,32.10152148691664,35.19893901424478,730.6240512626246
07:24:06,32.1015795664689,35.19912836851896,1092.9934411076829
07:24:07,32.1016258296071,35.19923975884,959.3317831456661
07:24:08,32.10165531125698,35.199316081429636,931.6456871004775
07:24:09,32.1016722505622,35.19935115390319,946.1960384426638
07:24:10,32.10172106913695,35.199464196304525,1109.0078005334362
07:24:11,32.101805628435784,35.19966092251702,1005.0708001693711
07:24:12,32.10188841795223,35.199860252135544,939.0721122492105
07:24:13,32.1019949246667,35.20005414222437,807.3471877789125
07:24:14,32.102064408659054,35.20026362540464,1087.5529505182058
07:24:15,32.10212531999049,35.20046076845554,1012.3457369152457
07:24:16,32.10215872460138,35.20061754103945,957.0672890311107
07:24:17,32.102224442288374,35.200775778724385,945.2248350363225
07:24:18,32.10229285147895,35.200994212158555,788.4642321569845
07:24:19,32.102363876102004,35.2012179088158,991.3382655689493
07:24:20,32.10240100549,35.20134306199489,960.2829783065245
07:24:21,32.10249606104689,35.201591145441746,757.8593608280644
07:24:22,32.10260126439772,35.20193680212631,1122.3794090962037
07:24:23,32.102717533622624,35.202341830803995,756.3299352610484
07:24:24,32.102782392286734,35.20260403002701,765.6745016118512
07:24:25,32.1028271892213,35.202801000052915,757.3497913312167
07:24:26,32.10285870943211,35.20298999892392,759.4313411479816
07:24:27,32.102884834665204,35.20317759347663,758.5516376243904
07:24:28,32.10290742193421,35.203340865106945,745.589549225755
07:24:29,32.10294110124123,35.20354436112873,760.3883910346776
07:24:30,32.10296950287463,35.20372653480529,664.297718574293
07:24:31,32.10297797603057,35.20385544048704,706.3369752857834
07:24:32,32.102969725666355,35.20392216823443,761.2904081605375
07:24:33,32.10296643499313,35.20399284083601,752.3365414971486
07:24:34,32.10296643499313,35.20408954583827,776.9397886348888
07:24:35,32.10297206647529,35.20418451455129,750.4808304356411
07:24:36,32.102972738266445,35.20427386079711,749.7972940392792
07:24:37,32.10298384178104,35.20433445126968,755.8942159311846
07:24:38,32.1030143665589,35.20440957088254,799.4367359830067
07:24:39,32.10304489133675,35.20448717053325,777.3145361505449
07:24:40,32.10307104965241,35.20460694415528,792.0966565450653
07:24:41,32.103077786704795,35.204712777520214,785.353146141395
07:24:42,32.103077786704795,35.2048385708818,766.3187383022159
07:24:43,32.1030688412809,35.204949381453595,779.9097415171564
07:24:44,32.10305484339796,35.20509980793705,804.091083759442
07:24:45,32.103041928148826,35.20526151603551,800.3176673222333
07:24:46,32.10299549291807,35.20544874932427,801.2096722805873
07:24:47,32.10294317377102,35.20563797841626,808.2825990384445
07:24:48,32.10288752121562,35.20584161277926,803.3561899894848
07:24:49,32.10286034666147,35.2060562268509,809.1611228827387
07:24:50,32.1028431830822,35.20625781042539,809.4225096842274
07:24:51,32.10281251884528,35.20642712549287,805.5646842373535
07:24:52,32.10277033297699,35.206613588413354,822.7673336854205
07:24:53,32.10272261884265,35.206751515985104,836.3997556371614
07:24:54,32.10268960449511,35.20697047985313,829.7160703241825
07:24:55,32.10267038577166,35.207150353012665,800.724279020913
07:24:56,32.102640487025525,35.20737133527324,787.2122420798987
07:24:57,32.10261619956539,35.20752039451676,824.3989552110434
07:24:58,32.10257647297484,35.20779526636586,856.3558943457901
07:25:02,32.102552927559216,35.208062951295595,766.3721377700567
07:25:03,32.102482628614496,35.20830724068811,798.183577154763
07:25:04,32.10243274515937,35.208443355614214,797.5236345594749
07:25:05,32.10238276835216,35.20854077964663,725.9674640055746
07:25:06,32.10236705532693,35.208608572539724,803.3430013125762
07:25:07,32.102337001327385,35.20861434811149,776.9710096567869
07:25:08,32.10230799319418,35.208635823404585,806.1397246746346
07:25:09,32.10225411426208,35.20867489156475,797.0501429922879
07:25:10,32.10221082098497,35.20871750497338,1167.06195511017
07:25:11,32.102164197658695,35.20888747668473,981.3438258031383
07:25:12,32.10214499141371,35.20910889870992,792.5063043935224
07:25:13,32.10212954048802,35.20936065351188,762.0869093583897
07:25:14,32.10211221572368,35.20947478020489,768.8489318452775
07:25:15,32.10208563096849,35.209530233142516,774.9776002140716
07:25:16,32.10205436059668,35.20961684163664,769.5859256274998
07:25:17,32.10200699929149,35.20972885207208,785.5869986154139
07:25:18,32.10192502112237,35.209871715292415,779.8890088247135
07:25:19,32.10182951362696,35.21002238840492,977.4443455096334
07:25:20,32.101748851374936,35.210159176618426,777.1818049466237
07:25:21,32.101699041246505,35.21029736560789,787.4620061833411
07:25:22,32.10160064072891,35.210397487893744,791.7395142912865
07:25:23,32.10145539301267,35.210539942445145,781.2456402564421
07:25:24,32.10132029810473,35.210657826656565,718.0010531172156
07:25:25,32.101241327260084,35.21074662352027,725.6853500101715
07:25:26,32.101205447344086,35.210778804705875,784.231902747415
07:25:27,32.10117459024583,35.210795390700326,778.9264676608145
07:25:28,32.101142231810584,35.210813980581584,777.1588602568954
07:25:29,32.10111470196045,35.21083091598162,811.5255013601854
07:25:30,32.10109714209198,35.210887486793986,784.2813465101644
07:25:31,32.10108424920334,35.21093636429697,779.4065024256706
07:25:32,32.1010767335774,35.210995465753626,767.6227120636031
07:25:33,32.1010767335774,35.21102732908291,780.9785779742524
07:25:34,32.10108801881566,35.2110756367348,784.7588670356199
07:25:35,32.101107087324266,35.21111463548532,1014.1949788192287
07:25:36,32.10112038828356,35.21114618290903,784.7326635634527
07:25:37,32.10113080677304,35.211187395185014,819.0729353418574
07:25:38,32.101134198727046,35.211246547681874,792.4012884004042
07:25:39,32.10116650803859,35.21131524281245,823.0621414808556
07:25:40,32.10121366229457,35.21138826190465,797.4616094632074
07:25:41,32.10128563994778,35.21147437209712,812.3441746123135
07:25:42,32.101338993332476,35.21155712916615,801.1404558522627
07:25:43,32.101388340869484,35.21163208078697,775.5719424262643
07:25:44,32.10144471602708,35.211707718865355,811.1518252016976
07:25:45,32.10150208586664,35.211774322563194,791.4455170445144
07:25:46,32.10160037575809,35.21182459120683,783.1199241504073
07:25:47,32.10171610365538,35.21184663441671,787.9932705070823
07:25:48,32.10183456224335,35.21187482165046,805.6321032149717
07:25:49,32.101941137950405,35.211900032819095,789.3599294135347
07:25:50,32.10204668903367,35.21192391524206,786.1800238294527
07:25:51,32.10214773147808,35.211973342437,820.6803091317415
07:25:52,32.1022258395154,35.21203217886382,813.8077723188326
07:25:53,32.10230519014551,35.2120831861289,813.8779361732304
07:25:54,32.10240751500224,35.21209880336975,805.1062105372548
07:25:55,32.10252750509695,35.21211701488474,806.3058291589841
07:25:56,32.10261874958155,35.212134026850784,803.2056618705392
07:25:57,32.102708935959946,35.21217537086858,813.5579247204587
07:25:58,32.102768722508095,35.212234960504524,812.0773188313469
07:25:59,32.10283707362131,35.21232319846043,785.8446220224723
07:26:00,32.1029128194157,35.21241293812318,799.4772460255772
07:26:01,32.10298574863819,35.21250974186804,824.3034819541499
07:26:02,32.103049228549445,35.212617530124696,819.1352134766057
07:26:03,32.10309418965187,35.212751965025156,809.2647270392627
07:26:04,32.10313848336976,35.212876130239835,715.9676626119763
07:26:05,32.10323317742372,35.21296456861182,757.360006515868
07:26:06,32.10331382955774,35.21301345484963,829.4343946361914
07:26:07,32.10342178847011,35.21309044891092,828.7893664035946
07:26:08,32.103492790636416,35.213180773646144,768.963367562741
07:26:09,32.1035794642558,35.213291175130344,806.2073887074366
07:26:10,32.10364467691032,35.213365215184496,801.1049309736118
07:26:11,32.10369249227885,35.21346281015173,797.1888007847592
07:26:12,32.10373804617781,35.21353487234945,793.9685252737254
07:26:13,32.10379145860817,35.21361209185593,806.4523681253195
07:26:14,32.10385027432096,35.2137125591343,806.433893927373
07:26:15,32.10388767207799,35.21381389763741,710.8543104659766
07:26:16,32.10394809163111,35.21390240948708,792.4023810429499
07:26:17,32.10401665476834,35.21392604741242,780.584010685794
07:26:18,32.10410934778385,35.21394048455066,823.4700716268271
07:26:19,32.10417581374975,35.21394048455066,488.96262719482183
07:26:21,32.10422033348987,35.21393333575003,702.1944375988096
07:26:22,32.104415635678706,35.213709909175876,739.311744584702
07:26:43,32.10460712849136,35.213484092038534,809.7739158794284
07:26:44,32.104824069037576,35.21319878213476,807.314852161333
07:26:45,32.104949225899894,35.21312236017057,764.0704171266407
07:26:50,32.105072444541634,35.21303072884011,820.7085909303278
07:26:51,32.10516391206814,35.21300573907673,802.1640357002616
07:26:52,32.105172250951554,35.21299281822845,809.4483431549743
07:26:53,32.10517422788589,35.21299281822845,800.2982339533046
07:26:54,32.10517422788589,35.21298891648649,793.2064366042614
07:26:55,32.10516218768002,35.212979467662684,798.9379605296999
07:26:56,32.10511214970904,35.21296242575667,808.7713523115963
07:26:58,32.10505537216679,35.21293581172083,783.1419992661104
07:26:59,32.10492965716504,35.21278883711995,812.6184511343017
07:27:01,32.1048356518005,35.21263438977183,753.9148706840351
07:27:02,32.1047430134102,35.21247695735207,725.3107185158879
07:27:03,32.10471863996213,35.212438315412854,714.8239548085257
07:27:04,32.10468784191882,35.212421856469426,733.5451293857768
07:27:05,32.10466088798844,35.21241279843465,731.9626402268186
07:27:15,32.10464741102325,35.21241070750241,757.0936588104814
