UTC,Lat,Lon,Alt
06:44:38,32.17291842079965,34.81389117251915,220.6125429449603
06:44:40,32.17281384955262,34.81385958698652,164.81007112376392
06:44:42,32.17267212839335,34.813737044628496,161.61950531601906
06:44:44,32.17260241422866,34.81365164495513,-0.5822018086910248
06:44:45,32.17259782856889,34.81353936515699,-17.37386568915099
06:44:46,32.17259399629996,34.81346098093224,-31.456147918477654
06:44:47,32.172587871201124,34.81343085369621,42.95097977668047
06:44:48,32.17258633176207,34.81341628823365,-16.043952469713986
06:44:49,32.17258958374682,34.81341628823365,-37.8451856225729
06:44:50,32.17258958374682,34.81341628823365,-16.938593354076147
06:44:51,32.17258958374682,34.81341628823365,-38.13414443191141
06:44:52,32.17258633176207,34.81341608418639,-37.79229887854308
06:44:53,32.17258576075002,34.813406609683106,-37.031494750641286
06:44:54,32.172584099274054,34.813397339227066,-33.420008262619376
06:44:55,32.17258243779809,34.81339318318576,-44.62964572478086
06:44:56,32.172579965886506,34.81339318318576,-26.369163387455046
06:44:57,32.17257855982081,34.81339318318576,-35.33059053495526
06:44:58,32.17257213537434,34.813388068771026,-29.644917901605368
06:44:59,32.1725649926189,34.813388068771026,-28.883629931136966
06:45:00,32.172557513688865,34.813390683247356,-29.621516751125455
06:45:01,32.17255505313961,34.81339329772368,-21.139551204629242
06:45:02,32.172554692347,34.8133959122,-20.774819303303957
06:45:03,32.17255459369078,34.81339222412435,-26.501053607091308
06:45:04,32.17255459369078,34.813388536048684,-18.641765641979873
06:45:05,32.17255705424003,34.813388536048684,-20.48207231797278
06:45:06,32.17256391068649,34.8133922465081,-17.21180214639753
06:45:07,32.17257081242992,34.81340191816269,-16.075783168897033
06:45:08,32.17257525362408,34.813409479278185,-24.07972285617143
06:45:09,32.17257613085505,34.81341701800994,-39.82293797284365
06:45:10,32.172576864132814,34.81341701800994,-31.92483822070062
06:45:11,32.17258502172183,34.81341544047337,-17.199082541279495
06:45:12,32.17259292973131,34.8134138629368,-44.03672434948385
06:45:13,32.172600837740795,34.81341133568836,-4.0911276480183005
06:45:14,32.17260132143903,34.8134088084399,-26.407171070575714
06:45:15,32.17259341342955,34.81340628119146,-21.318917339667678
06:45:16,32.17258432943287,34.81340628119146,-27.405024664476514
06:45:17,32.172575245436185,34.81340628119146,-29.781721577979624
06:45:18,32.172556297036756,34.813421367941196,-1.608216836117208
06:45:19,32.17253680797386,34.81344496787486,9.372410277836025
06:45:20,32.17251731891096,34.81346856780851,19.602588709443808
06:45:21,32.1725156022603,34.81348457805844,11.873601369559765
06:45:22,32.1725156022603,34.81349207512445,79.57280050311238
06:45:23,32.17251731891097,34.81349957219045,62.19792815577239
06:45:24,32.17252064287306,34.81349207512445,97.30373294930905
06:45:25,32.172523966835165,34.81349967710091,27.09971051849425
06:45:26,32.17252557414659,34.81349472336139,25.02309728320688
06:45:27,32.17253250067452,34.81349329909431,19.526299325749278
06:45:28,32.17253942720245,34.81347666733222,-12.520026785321534
06:45:29,32.17254635373038,34.813472591286114,12.403727989643812
06:45:30,32.17254635373038,34.81347248283357,57.188794357702136
06:45:31,32.17254635373038,34.81347655887967,10.481998533941805
06:45:32,32.172545645514845,34.813497031681976,-41.031788372434676
06:45:33,32.17254493729931,34.81351920918795,-18.14032184612006
06:45:34,32.17254493729931,34.813535605944146,155.83820838760585
06:45:35,32.17255219567149,34.81353731064783,-16.965648385696113
06:45:36,32.172576683051155,34.813543082271735,3.087783577851951
06:45:37,32.172600462215286,34.81355287876196,-2.387491841800511
06:45:38,32.17261769122277,34.8135609705485,4.920755859464407
06:45:39,32.17260046221528,34.81356924578238,-57.77425842080265
06:45:40,32.17260046221528,34.81364570479243,-25.51652793586254
06:45:41,32.17261259283156,34.81373332267183,20.445913274772465
06:45:42,32.17264367568246,34.813845005825236,14.135050991550088
06:45:43,32.17266036787331,34.81388618503982,52.43032834492624
06:45:44,32.17266492944788,34.813916205385055,71.25562410242856
06:45:45,32.17266776779533,34.81388618503982,227.11133456602693
06:45:46,32.17266776779533,34.81385419792494,201.52502220775932
06:45:47,32.172645388047094,34.813813018710356,205.49459672439843
06:45:48,32.172623008298864,34.81380066132308,-25.551993859000504
06:45:49,32.172598368389544,34.81378613218422,21.012313622049987
06:45:50,32.172596108228454,34.81378079514507,22.295763176865876
06:45:51,32.17258769616247,34.81377665662385,25.675123367458582
06:45:52,32.17257984975994,34.81377665662385,-5.767993633635342
06:45:53,32.172570577235426,34.81377665662385,11.539315300062299
06:45:54,32.172563941644476,34.81375245810642,48.54426673427224
06:45:55,32.1725536910456,34.8137218162311,18.70189925376326
06:45:56,32.17254396171978,34.81368901136591,22.792222291231155
06:45:57,32.17253774736531,34.81368040501814,3.004958402365446
06:45:58,32.17253774736531,34.81368040501814,76.13092669192702
06:45:59,32.17253865221423,34.81368256800802,18.62825495004654
06:46:00,32.17253865221422,34.813682568008026,60.508618829771876
06:46:01,32.17253774736531,34.81368040501814,50.406544289551675
06:46:02,32.17253684251639,34.81365408034805,11.67479350976646
06:46:03,32.172522402298846,34.81362991866785,-11.683665641583502
06:46:04,32.172507962081305,34.813574577681095,13.912712563760579
06:46:05,32.172493521863764,34.81354086417732,43.226948319002986
06:46:06,32.172493521863764,34.813484085429614,50.124982689507306
06:46:07,32.172493521863764,34.813455187456505,48.34457182325423
06:46:08,32.172493521863764,34.81341826075049,69.14699669368565
06:46:09,32.17251103260193,34.81339688674938,55.064189449884
06:46:10,32.17253999258531,34.81337200621535,66.40297487471253
06:46:11,32.17257877800346,34.813341537829295,18.273560222238302
06:46:12,32.17260005268344,34.81331711117786,7.496408644132316
06:46:13,32.17261215253985,34.81329187021516,14.313480356708169
06:46:14,32.1726145160755,34.813271350040296,14.378215569071472
06:46:15,32.17262205115872,34.81322855506971,9.864060734398663
06:46:16,32.17262214027274,34.8131787068614,4.452416353859007
06:46:17,32.17262214027274,34.81312489397806,6.301241926848888
06:46:18,32.17261696872517,34.81308003464602,14.938941520638764
06:46:19,32.172609693068274,34.81301526689967,26.87980565801263
06:46:20,32.17260220148631,34.81295673285026,148.73777827993035
06:46:21,32.17259492582942,34.8128563507753,19.224290094338357
06:46:22,32.17257868374453,34.812787143754896,0.973303715698421
06:46:23,32.17256265758472,34.81268980082558,-23.750754431821406
06:46:24,32.17254641549984,34.81261285546722,111.38572006020695
06:46:25,32.17254641549984,34.81251168460627,40.62075424101204
06:46:26,32.17254641549984,34.8124431955677,2.937828827649355
06:46:27,32.17255308893632,34.81239132130687,22.355354216881096
06:46:28,32.17255976237279,34.812367078522264,3.9486250691115856
06:46:29,32.17256643580927,34.8123203031758,-4.645930592902005
06:46:30,32.17255842154663,34.81229305576303,38.644825511612
06:46:31,32.172547693613836,34.8122363041815,-7.057112332433462
06:46:32,32.172533106915964,34.81213662253239,6.950622113421559
06:46:33,32.17252500849809,34.81202968884623,52.44302729330957
06:46:34,32.17251879204732,34.81192449590631,54.38648710120469
06:46:35,32.172495133594026,34.811879367549665,140.80382475536317
06:46:36,32.172459758120546,34.81183093044596,36.60095148161054
06:46:37,32.17243343229049,34.81178181539607,11.832254260778427
06:46:38,32.17243253400296,34.811675980851085,-5.012425508350134
06:46:39,32.172445777005784,34.81158080688221,-5.565888026729226
06:46:40,32.17245080206822,34.81148510247724,38.49525399878621
06:46:41,32.17245170035576,34.81144007480893,31.353170610032976
06:46:42,32.17245170035576,34.811393486802125,50.97527736239135
06:46:43,32.17245170035576,34.81135062944377,45.94995430763811
06:46:44,32.17246819127894,34.8113001811941,-80.4113648859784
06:46:45,32.17248468220212,34.811235606820745,3.481224026530981
06:46:46,32.172501173125305,34.811187747031916,15.23053633235395
06:46:47,32.172501173125305,34.81113249261755,9.525804770179093
06:46:48,32.172485181569215,34.81110508345183,9.068603529594839
06:46:49,32.172467784294746,34.81107404207146,11.007744507864118
06:46:50,32.17243648269862,34.811073740242314,31.056671667844057
06:46:51,32.17241891221823,34.81104900858953,28.018437347374856
06:46:52,32.17239641751587,34.8110302744476,39.1220972109586
06:46:53,32.17238738011382,34.81100344619202,-1.816610132344067
06:46:54,32.172375507250706,34.810990814911634,-3.4153685327619314
06:46:55,32.172344410155574,34.81098434490686,13.596232825890183
06:46:56,32.17229912318596,34.81098627084489,12.79732429701835
06:46:57,32.17224783707133,34.81098024658947,10.19471022952348
06:46:58,32.172202970990924,34.81097258738099,4.1310539254918694
06:46:59,32.17214559237986,34.81095825905978,13.186646283604205
06:47:00,32.17209576203584,34.81094352490522,27.07270261924714
06:47:01,32.172047459110445,34.81091500248079,5.465389238670468
06:47:02,32.17200131733937,34.81088321270054,13.169320665299892
06:47:03,32.17194914016933,34.81084133484277,9.979215001687407
06:47:04,32.17190602452979,34.810766841597,-1.058158908970654
06:47:05,32.17184336502456,34.81067401581951,-64.42174650542438
06:47:06,32.17178674269932,34.810569207461604,-54.73876212351024
06:47:07,32.171736681229326,34.81049079380559,-65.20174322556704
06:47:08,32.171678368027585,34.810413403212564,-73.85781747382134
06:47:09,32.1716227568377,34.810364513366245,27.089703572914004
06:47:10,32.17155284719643,34.81033301260126,17.402014983817935
06:47:11,32.17152318002738,34.810321762416805,9.26224264036864
06:47:12,32.17145799698849,34.810310512232356,-4.567636019550264
06:47:13,32.17139888815732,34.810301904485954,4.73176724743098
06:47:14,32.1713394897721,34.81029935617787,-6.152427282184362
06:47:15,32.17130459191689,34.81028944709602,-1.5946451956406236
06:47:16,32.17127292355487,34.81025083086427,-1.187529318034649
06:47:17,32.17123041153695,34.8101940463143,7.295996659435332
06:47:18,32.17118119032658,34.8101066628217,34.49199856817722
06:47:19,32.17112537994431,34.81004658411573,4.47743811365217
06:47:20,32.17107854682064,34.80994751646116,1.2866980908438563
06:47:21,32.17100420295583,34.809841829414154,57.15613636281341
06:47:22,32.17094045205701,34.8097093128483,-2.522247340530157
06:47:23,32.1708505946028,34.80962561299733,44.505389037542045
06:47:24,32.170787535388854,34.80955488952657,45.80414293706417
06:47:25,32.17072411384461,34.8095140103276,46.98607017286122
06:47:26,32.17069837165758,34.809480658777304,53.87508354894817
06:47:27,32.17068359495253,34.80946053561731,44.7518804538995
06:47:28,32.170666151270005,34.8094387438451,42.38687366526574
06:47:29,32.170649455451475,34.809404136949325,41.924832828342915
06:47:30,32.17064107417068,34.809385850472246,7.557608658447862
06:47:31,32.170630235017846,34.809366565216784,69.69903971720487
06:47:32,32.17062177254787,34.809360204562886,-28.806559070944786
06:47:33,32.17061331007789,34.809355803008685,7.067716679535806
06:47:34,32.17061993399863,34.8093539593265,9.427297535352409
06:47:35,32.1706283964686,34.80927343205231,-7.224785563535988
06:47:36,32.17063923562144,34.80914188459102,38.16787566803396
06:47:37,32.170643969767596,34.80899604613696,56.62028514035046
06:47:38,32.17064861650504,34.80889919947569,46.361207615584135
06:47:39,32.17065204654221,34.808843867499554,58.031841984950006
06:47:40,32.170670824443036,34.808784838485046,51.05126738641411
06:47:41,32.17069255588083,34.80873665330764,50.95806400291622
06:47:42,32.17071517913593,34.8086606035085,33.32421897444874
06:47:43,32.17075275010222,34.808588110601285,51.40508579276502
06:47:44,32.17078763796225,34.808499702883445,43.78022061381489
06:47:45,32.17082212801715,34.80843799605743,49.319042158313096
06:47:46,32.17083845681079,34.808374854484754,44.77779390104115
06:47:47,32.17087117022882,34.808338765159284,57.96005614474416
06:47:48,32.17092317122442,34.808240374200686,-9.337717132642865
06:47:49,32.170964484903145,34.80814620582492,41.832139569334686
06:47:50,32.17099854502337,34.80804553459863,35.80091052874923
06:47:51,32.1710140785514,34.807972918040676,55.724539711140096
06:47:52,32.1710406450424,34.8078846691348,42.966680279932916
06:47:53,32.17105743626721,34.807799667618355,45.11230503488332
06:47:54,32.17107963932909,34.80772135158292,51.6440665256232
06:47:55,32.17112100223309,34.80765463836755,61.95049705542624
06:47:56,32.17116760206943,34.807539403099476,164.71224031876773
06:47:57,32.171232253318124,34.80740327319386,55.62821900099516
06:47:58,32.17126771615049,34.80725852331329,58.914439293555915
06:47:59,32.171310533163286,34.80714961862241,40.73974922392517
06:48:00,32.17132747194654,34.80701658518421,42.18515224568546
06:48:01,32.17135037715895,34.806901071583866,67.16581401694566
06:48:02,32.17136093648387,34.806782739609766,54.982360321097076
06:48:03,32.17137769825213,34.80672837398163,52.569459608756006
06:48:04,32.17139566832192,34.80664548653598,59.909568035043776
06:48:05,32.17142906071635,34.80658665021766,77.98159359488636
06:48:06,32.17145998073155,34.806539554483045,59.22256248630583
06:48:07,32.17148534659475,34.806493873992196,51.15865127649158
06:48:08,32.171518318833506,34.80644756577279,55.873064366169274
06:48:09,32.17154756100816,34.80639899612119,52.91479972936213
06:48:10,32.17157221230457,34.80638441552998,56.33282638527453
06:48:11,32.171572267251015,34.806374512106984,54.953366328030825
06:48:12,32.171576359107405,34.806374512106984,56.28646297007799
06:48:13,32.1715804509638,34.806374512106984,65.04839449934661
06:48:14,32.171580396017355,34.80638712227661,31.777696708217263
06:48:15,32.17157149239497,34.80639996902401,-0.1709429696202278
06:48:16,32.17156258877259,34.806490397854084,11.006208413280547
06:48:17,32.17155661778049,34.806575183005634,73.57701251283288
06:48:18,32.17155545855439,34.80666702503537,13.130260329693556
06:48:19,32.17152346316622,34.80670825433688,11.98654260020703
06:48:20,32.17149262700415,34.80678389516618,15.989647378213704
06:48:24,32.17145734049214,34.80687791734711,184.81924026086926
06:48:25,32.17141805398597,34.806944970173575,61.243236657232046
06:48:26,32.17137876747981,34.806977827830735,95.54976873099804
06:48:27,32.171316487876716,34.80702119056829,77.83550455234945
06:48:28,32.17128872119878,34.80706455330585,-52.99189202859998
06:48:29,32.17123137029683,34.807160609044466,55.61360877100378
06:48:31,32.17120146284176,34.80740593703519,-441.87571739498526
06:48:33,32.17117187861775,34.80767544872601,127.77388437557966
06:48:34,32.17117187861775,34.807896903511626,-9.249656721018255
06:48:35,32.17117187861775,34.80797445493818,10.275943106971681
06:48:36,32.171191740759134,34.808040468736785,17.76547321304679
06:48:37,32.17119174075913,34.808100173301455,3.788618590682745
06:48:38,32.17121160290051,34.808160020170995,37.73706093337387
06:48:39,32.17123073781695,34.80825712344827,76.46213064901531
06:48:40,32.17126973487476,34.808356643655166,136.49219665210694
06:48:41,32.1712888697912,34.80841447277616,778.7241696249694
06:48:42,32.17126973487476,34.80856104090278,-60.112502636387944
06:48:43,32.17119378160765,34.8087845947686,710.6968646431342
06:48:44,32.171113103756475,34.80909849156546,688.6415655836463
06:48:45,32.17105074842082,34.809273746876805,-76.72669158689678
06:48:46,32.17104092356042,34.80936408980783,-412.5844745533541
06:48:47,32.17103147884787,34.80929856369348,58.27323554456234
06:48:48,32.171022846536225,34.80923303757913,91.35911118425429
06:48:49,32.17102284653623,34.80923303757913,73.9594148453325
06:48:50,32.171031478847866,34.809304884727986,104.81064498610795
06:48:51,32.17104564814447,34.809420019827634,6.6428641099482775
06:48:52,32.171255780901255,34.81012553897512,-80.26351579558104
06:48:53,32.17147229956749,34.81083162546094,755.5838670581579
06:48:54,32.171683281248754,34.81149442399596,735.9276389144361
06:48:55,32.17169668950544,34.81150131236879,734.582936225459
06:48:56,32.171699423977266,34.81150131236879,737.2063009664416
06:48:57,32.171702158449094,34.81149442399597,736.0372909177095
06:48:58,32.171699423977266,34.81148632460452,742.02607691288
06:48:59,32.171694727174575,34.811472163510786,732.8425612105057
06:49:00,32.17167362255773,34.811463541436886,741.4328721212223
06:49:01,32.1716547066423,34.81145312281553,747.3973176348954
06:49:02,32.17161108036007,34.81143977966261,736.5512641305104
06:49:03,32.171576089602944,34.811422624061855,709.7628692733124
06:49:04,32.17114516882328,34.81072067576201,726.9421184677631
06:49:05,32.17071729044881,34.810012129300794,64.66883706301451
06:49:06,32.17028514618915,34.809298275206906,64.60996772348881
06:49:07,32.17024716363722,34.80926759434105,80.68802669458091
06:49:08,32.1702211321194,34.80925031549596,33.37682878784835
06:49:09,32.17020341111792,34.80921159660536,30.985069131478667
06:49:10,32.17016571726501,34.80916328448106,47.94227446615696
06:49:11,32.17007705209422,34.80909864801461,110.1862145299092
06:49:12,32.16997585197415,34.80905949679532,10.395117775537074
06:49:13,32.16987883086385,34.809005408376926,44.80427689757198
06:49:14,32.169806031952064,34.80892312119863,12.820925607345998
06:49:15,32.169744395983166,34.808820175312555,42.015995947644114
06:49:16,32.16967641643733,34.80872424712975,26.81793112680316
06:49:17,32.169636935786464,34.808666429223486,58.190871310420334
06:49:18,32.1695781976716,34.80862593505007,68.67394132353365
06:49:19,32.16953953447429,34.80854455116516,-43.12436287663877
06:49:20,32.16946248943154,34.80846803383898,-14.027689661830664
06:49:21,32.169409801517126,34.80839986453419,60.302269354462624
06:49:22,32.16934870597582,34.80835395819434,27.346454737707973
06:49:23,32.169332106316084,34.80831178049578,8.86179625429213
06:49:24,32.16931218926533,34.80822955181471,-64.1200958872214
06:49:25,32.16930418276587,34.808179070502185,-11.166748082265258
06:49:26,32.16924052041788,34.80807699640491,25.95899334177375
06:49:27,32.16916712241783,34.80800543074488,73.77017845027149
06:49:30,32.16905453613628,34.80794213915357,88.13605796266347
06:49:31,32.16898485163137,34.80787008616679,-16.34603439643979
06:49:32,32.16891559381968,34.80777395720822,229.9664889574051
06:49:33,32.168854525652776,34.8076586916788,137.2396054295823
06:49:34,32.168783708443556,34.80754520466948,111.79530886840075
06:49:35,32.16862364531671,34.80746674736259,132.68930264748633
06:49:36,32.16843206572478,34.80738815675849,-576.0905718263239
06:49:37,32.16826593708216,34.80735844877407,31.30395079869777
06:49:38,32.16819402763312,34.80732306312289,47.12765392754227
06:49:39,32.1681775896709,34.80729092502623,15.83779045753181
06:49:40,32.16816201932019,34.807268479970006,19.047614549286664
06:49:41,32.16812291746009,34.80724016192803,27.64173850324005
06:49:42,32.168041148782734,34.80722841775545,124.45702276192605
06:49:43,32.167951380957554,34.80721667358287,10.31915716547519
06:49:44,32.167870808595154,34.80721648006281,16.93031534552574
06:49:45,32.16780829087798,34.80720290589783,42.338652594946325
06:49:46,32.167718989446875,34.80718933173285,16.99569348152727
06:49:47,32.16764036746291,34.80716119419279,46.334794498980045
06:49:48,32.16758128810546,34.80714663081769,23.820982985198498
06:49:49,32.167556544504244,34.807075102064985,63.53578066173941
06:49:50,32.16753840439358,34.807017162160996,7.313760293647647
06:49:51,32.16750996712289,34.80695922225699,32.110524924471974
06:49:52,32.16746373372373,34.80694702494053,30.006184557452798
06:49:53,32.167414202442544,34.80693494142739,38.11974259093404
06:49:54,32.16738066560614,34.80692285791426,47.767406625673175
06:49:55,32.16732743792759,34.80691681765416,37.08279319200665
06:49:56,32.167273601112264,34.80691053016486,75.43072946835309
06:49:57,32.1672270538345,34.806894877355,66.08559191226959
06:49:58,32.16721356931959,34.80687137650239,61.78260556887835
06:49:59,32.16720728315936,34.8068429565942,16.215414623729885
06:50:00,32.167200996999114,34.806822045227364,32.25113357324153
06:50:01,32.16719718571635,34.80681416144031,54.26161873154342
06:50:02,32.16719478928054,34.80681230466109,22.3505322271958
06:50:03,32.16718395669796,34.80681416144031,73.7896008035168
06:50:04,32.16717552055119,34.806816018219514,42.40153312403709
06:50:05,32.16716708440442,34.806824186420855,29.789872638881207
06:50:06,32.167160742347725,34.806830497842974,32.42132788896561
06:50:07,32.167160742347725,34.806848118064,43.119548118673265
06:50:08,32.167160742347725,34.80686571591145,26.324892165139318
06:50:09,32.16716708440442,34.80688821237008,71.80505483690649
06:50:10,32.167160742347725,34.8068994000298,73.98162706941366
06:50:11,32.16715582247608,34.80690429864098,20.363094748929143
06:50:12,32.167149480419376,34.80690429864098,56.95998724922538
06:50:13,32.16715090260444,34.80690627894244,53.93667233642191
06:50:14,32.16715776748655,34.80690879308532,33.87982564140111
06:50:15,32.167166054553725,34.806911307228205,66.96417657844722
06:50:16,32.167172919435835,34.8069113072282,59.49526869598776
06:50:17,32.16717347818849,34.80689682629909,113.12367945443839
06:50:18,32.16716661330637,34.80687138535705,58.86864350643009
06:50:19,32.16715974842426,34.80684647825643,56.96739226952195
06:50:20,32.16715974842426,34.806808666446024,77.72888315375894
06:50:21,32.16716717205903,34.8068011127875,39.40301682334393
06:50:22,32.16716132024755,34.80677797288589,28.502058560959995
06:50:23,32.167148044801316,34.80678168478176,122.74158498644829
06:50:24,32.167148044801316,34.806762386642795,69.05994026456028
06:50:25,32.16716219246545,34.80674491884695,59.83978913072497
06:50:26,32.16716219246545,34.8067274510511,81.08982340060174
06:50:27,32.167163064683336,34.80671369515113,62.099384889006615
06:50:28,32.167168926143326,34.806711751729495,30.350321827456355
06:50:29,32.16718893526743,34.80669667399974,13.370780962519348
06:50:30,32.16719479672742,34.80667408583944,-37.9485465856269
06:50:31,32.167197784025426,34.80665344110078,6.888966049067676
06:50:32,32.167197784025426,34.80663296756386,-8.096921847201884
06:50:33,32.167197784025426,34.80662000445748,21.909082385711372
06:50:34,32.167194684391994,34.80660949436444,-14.030929669737816
06:50:35,32.167194572056566,34.80661194737777,-14.532115289010108
06:50:36,32.16719227318841,34.80664555522281,20.759955703280866
06:50:37,32.16718304788015,34.806687348188866,-25.53670748695731
06:50:38,32.16717204902843,34.80674341367672,-2.0716583440080285
06:50:39,32.167149745501696,34.80676991419123,16.979503164999187
06:50:40,32.16713412518916,34.80678949992235,36.363349847495556
06:50:41,32.167120278420086,34.80680246965142,47.49294623360038
06:50:42,32.167119922858774,34.80681384952214,26.089972773566842
06:50:43,32.167118522727094,34.80681923138771,52.87839939352125
06:50:44,32.167118522727094,34.80681923138772,47.406364421360195
06:50:45,32.16711071895599,34.806816956733535,36.02873052563518
06:50:46,32.16710431531656,34.806816956733535,47.53472080826759
06:50:47,32.16710530861286,34.80680930021378,49.20704000815749
06:50:48,32.16711410568027,34.80680930021377,29.73315521981567
06:50:49,32.16712290274768,34.806809300213764,12.43222940620035
06:50:50,32.16711895253196,34.80681468207934,46.009795576334
06:50:51,32.167108782118824,34.80681468207934,45.090165400877595
06:50:52,32.1670986117057,34.80679473653185,-34.58040876407176
06:50:53,32.16709191935245,34.80674588586721,52.25558258779347
06:50:54,32.16706766244476,34.806695930547185,49.395710124634206
06:50:55,32.16703795208479,34.80664815918585,44.64129457902163
06:50:56,32.16697816667827,34.80662929294165,3.526280197314918
06:50:57,32.16692310496068,34.80661116070101,21.387836924754083
06:50:58,32.16685204916205,34.806602544716945,19.045644532889128
06:50:59,32.166759986276396,34.80657065021855,25.10757634509355
06:51:00,32.166683928902955,34.806528820626504,19.009844849817455
06:51:01,32.16657383632477,34.80647413117174,44.16309599485248
06:51:02,32.16648186023847,34.80643234956869,31.8863397045061
06:51:03,32.16636327091178,34.80638191108684,31.582812714390457
06:51:04,32.166260579684725,34.80633070689579,38.73191923554987
06:51:05,32.16614872040039,34.80627538549214,18.998257911764085
06:51:06,32.16600822591126,34.80621756712373,65.83323620911688
06:51:07,32.16583615004395,34.80617065908773,7.2303044172003865
06:51:08,32.165667625461424,34.80611144446337,83.13409841619432
06:51:09,32.16553622160476,34.80604190313374,114.66197848692536
06:51:10,32.165465677020954,34.80588165498893,2.1713365837931633
06:51:11,32.165398436142226,34.805748201307686,-42.14061869494617
06:51:12,32.165295757735585,34.80564653392078,-48.65426732134074
06:51:13,32.16506610708026,34.80564653392078,-450.34501727484167
06:51:14,32.16483636706368,34.80564653392078,165.85405012220144
06:51:16,32.16461993644494,34.805657645391584,60.4615110559389
06:51:17,32.16453970360966,34.80566875686238,25.423583733849227
06:51:18,32.1644953110006,34.80567986833318,118.2649697093293
06:51:19,32.16441328449639,34.80566875686238,103.64302796963602
06:51:20,32.164317643712245,34.80564675963421,45.66630074381828
06:51:21,32.16421439803565,34.805622456433916,116.03741092607379
06:51:22,32.164144571647086,34.80559778457589,114.32913210988045
06:51:23,32.163913046889256,34.805559791058464,115.58987824525684
06:51:24,32.163681029061905,34.805507425849775,0.45505431666970253
06:51:25,32.16347679505447,34.80541271399619,77.82861148938537
06:51:27,32.163348634064555,34.80529692400922,194.27928470820189
06:51:28,32.163085739749285,34.80519781168564,84.3247064622119
06:51:30,32.162798284896915,34.805108175656564,27.7320662047714
06:51:31,32.16239253012616,34.8050308248394,76.6712279394269
06:51:38,32.16201865078752,34.80476947896549,42.42041343078017
06:51:39,32.16168121255893,34.804530463704545,168.31668049655855
06:51:45,32.1612010140815,34.80416296043243,-9568.387350610457
06:51:49,32.16067291556993,34.80383742868618,124.33178412169218
06:51:52,32.160126411059,34.8034527334999,28.167525970377028
06:51:53,32.159930692516376,34.80318156466006,23.949407121166587
06:51:54,32.15988227762384,34.80305093580342,26.15564392413944
06:51:55,32.15983876533545,34.80299693986674,23.5682390332222
06:51:56,32.15979521603874,34.80298348209724,164.73664369620383
06:51:57,32.159735657676364,34.80296127947116,155.13495432026684
06:51:58,32.15964706438695,34.802943627231116,160.6463295351714
06:51:59,32.1595528531694,34.802913359535694,61.40027097705752
06:52:01,32.159486203256776,34.80286308618325,159.7271036086604
06:52:02,32.1594656784762,34.80279646314518,156.275456327945
06:52:03,32.15945889739695,34.802739415132756,179.02391303889453
06:52:04,32.1594521163177,34.802712556846195,-1171.2929938696325
06:52:06,32.159449610042984,34.80269339671904,145.93655472714454
06:52:07,32.15944768932466,34.80268417663348,155.7458371249959
06:52:08,32.15940311748866,34.80267500088332,153.98884151875973
06:52:09,32.15933568307733,34.80261758487532,85.67321365419775
06:52:10,32.15926177224782,34.802560693091245,70.53038872871548
06:52:11,32.15922971749375,34.802503429301154,150.47434273641557
06:52:12,32.159220139730486,34.80249658820737,71.4527797717601
06:52:13,32.15921934468825,34.802496216201355,63.184241528622806
06:52:14,32.159219344688246,34.80249658820737,68.38078926783055
06:52:15,32.15921973027276,34.80250342930116,73.42822133377194
06:52:16,32.15922892245151,34.802506640672796,73.6135330600664
06:52:17,32.15923811463026,34.80251087402513,75.23891291767359
06:52:18,32.159249815802546,34.80252091852551,97.99182027950883
06:52:19,32.15925829910638,34.80254620323979,77.16760050319135
06:52:20,32.159266782410214,34.80258709721182,34.483772249892354
06:52:21,32.15927275672051,34.802622180035804,137.7381428135559
06:52:24,32.159266782410214,34.80264526722334,68.62514865025878
06:52:25,32.15925033804974,34.80265135116642,155.66155185177922
06:52:28,32.159233893689255,34.8026574351095,156.1186441294849
06:52:29,32.15922342363908,34.8026574351095,27.482232375070453
06:52:30,32.15919167873644,34.8026574351095,21.23818225879222
06:52:31,32.159147449766344,34.80265532506332,21.781771446578205
06:52:36,32.159081000814844,34.802625624522285,104.2766066128388
06:52:37,32.159068516747396,34.802595923981265,83.6358216367662
06:52:38,32.159081000814844,34.802595923981265,164.562232892029
06:52:39,32.1591157048637,34.8026235144761,1874.0419096304104
06:52:45,32.15911428730726,34.80270283702436,86.2548110159114
06:52:46,32.1590530520495,34.80276637500831,83.01842717733234
06:52:47,32.15898937402671,34.802886764502965,196.75083806086332
06:52:48,32.15893959762783,34.802962099308,117.93129907548428
06:52:49,32.15889593043212,34.80302941574245,108.45269637927413
06:52:50,32.15884721432919,34.80303988066622,50.025135894306004
06:52:51,32.15875938184365,34.8030674438221,53.298677490092814
06:52:52,32.1587127737888,34.80309206966193,117.74611593876034
06:52:53,32.15866028578217,34.803162672838916,93.02470907010138
06:52:54,32.15864691415816,34.803660968325225,331.35523974057287
06:53:03,32.15852986329813,34.804296309587414,1308.7321785874665
06:53:05,32.15834859215979,34.805130881089184,165.2290580254048
06:53:09,32.158137409478265,34.80559785616038,118.17285771481693
06:53:10,32.158029906032766,34.80594318657607,156.48826192039996
06:53:11,32.157999994489586,34.80604954543927,108.8105691568926
06:53:12,32.15794024817936,34.8060853250331,157.22947672009468
06:53:13,32.157797689596315,34.8061694010362,166.36833106726408
06:53:14,32.157650073603975,34.806248654548604,82.31804666854441
06:53:15,32.15753840016844,34.806374880235495,56.51047474518418
06:53:16,32.157462858385514,34.80644628692924,46.71521272417158
06:53:17,32.15735876748676,34.806573114282536,58.32434494048357
06:53:18,32.15726203307374,34.80664824210374,89.92274727486074
06:53:19,32.157168538477286,34.80671364114456,52.20004334487021
06:53:20,32.157101923928344,34.80672220599226,85.1930831624195
06:53:21,32.15700433172986,34.806713641144555,73.91627886239439
06:53:22,32.15693079157305,34.80670507629686,84.05610504001379
06:53:23,32.156802423782615,34.80669353375148,49.430340157821774
06:53:24,32.15667573584764,34.806655900730995,48.44585558306426
06:53:25,32.156533540144714,34.80659286301562,90.99779068212956
06:53:26,32.15640376442963,34.80652573003288,47.804995314218104
06:53:27,32.15627522443723,34.80647903427987,79.55928475316614
06:53:28,32.1561379617807,34.80642142228225,51.111636912450194
06:53:29,32.15602273730203,34.80634125541295,92.12869213707745
06:53:30,32.15591177702217,34.80624347917311,74.35630332585424
06:53:31,32.15537213932392,34.80590627072206,162.08891112357378
06:53:39,32.154783606743074,34.80557401624895,-1759.5218534106389
06:53:40,32.15421842463416,34.80526949509994,156.7460713395849
06:53:41,32.15401974121676,34.80518979909298,166.3835787838325
06:53:42,32.15385824174619,34.80507394865901,169.90614406671375
06:53:43,32.15371363694399,34.80496219236454,76.09543106053025
06:53:44,32.15365510778136,34.804901364078766,155.8286162931472
06:53:45,32.15321763587071,34.804882911518156,155.34742780961096
06:53:51,32.15277190922166,34.80470842251736,164.9694018419832
06:53:52,32.15234383498865,34.80451155846367,47.10373984836042
06:53:53,32.152314095521994,34.80428621429107,26.703949545510113
06:53:54,32.152216519620076,34.80419807658337,-1438.2709741936997
06:53:55,32.15210985112471,34.80415114390383,175.51183262094855
06:53:56,32.15201235698713,34.804132313928555,92.17548502795398
06:53:57,32.15196281954507,34.804121931966854,71.4898074278608
06:53:58,32.15191554470708,34.80408806908622,79.56714507564902
06:53:59,32.15186210822636,34.80407303618088,83.48337384033948
06:54:00,32.15174761538795,34.80396544101558,153.95173138193786
06:54:04,32.15144109314939,34.803862496793926,205.6409800266847
06:54:07,32.15114041532497,34.803759543065176,2817.560348385945
06:54:08,32.1509166940484,34.803646909824494,147.11554149072617
06:54:09,32.150807846551565,34.803526185660274,224.78872421290725
06:54:10,32.150530521986575,34.80328536213125,57.194500043056905
06:54:11,32.15026543170956,34.80315716233582,-344.32343904674053
06:54:12,32.15007444390616,34.80303705346392,257.16764027811587
06:54:15,32.14999801459006,34.80303705346392,164.72412795107812
06:54:16,32.14989188405712,34.80303705346392,179.15182564780116
06:54:17,32.14975947692347,34.80302245075968,157.2868325021118
06:54:18,32.14967661334391,34.80302245075968,169.15325342863798
06:54:19,32.14959012994211,34.803007848055444,56.90520809870213
06:54:20,32.149497047056606,34.803007848055444,55.783918774686754
06:54:21,32.14931389097931,34.80300123589982,53.719273664057255
06:54:22,32.149133026552256,34.80300922644844,193.19027930218726
06:54:23,32.14899204291896,34.803009789832636,38.11417168285698
06:54:24,32.14884476943999,34.80300236266822,205.2088174065575
06:54:25,32.148716866375715,34.80299493550379,80.89259831979871
06:54:26,32.148502242947266,34.80300236266822,-9.91139455884695
06:54:27,32.148327069295725,34.803009789832636,49.320718430913985
06:54:28,32.147861384820175,34.8030906345201,51.520818498916924
06:54:30,32.14744588253291,34.80322818561385,8.854148384183645
06:54:31,32.147076221779635,34.8033678279189,18.463164874352515
06:54:32,32.14688427448109,34.803546892467985,65.52678158972412
06:54:33,32.14672490197257,34.80368533561572,18.410676630213857
06:54:34,32.146591533951145,34.80382168755215,42.87945485673845
06:55:03,32.14575840627336,34.80426016076083,198.343540802598
06:55:10,32.14492149911726,34.804726883449234,36.67449282575399
06:55:11,32.14401418432933,34.805251639098394,55.807530601508915
06:55:13,32.14385447085451,34.80898957388598,184.16648540180176
06:55:47,32.1432855712819,34.81277787386689,-14522.66237367969
06:55:56,32.142775015149,34.81650878952428,92.65915039833635
06:55:57,32.142339317849654,34.816698008947476,98.07634925935417
06:55:58,32.14229958955181,34.81687400549874,55.82754873204976
06:55:59,32.14226593138448,34.81704935341278,53.32619246933609
06:56:00,32.14223402907021,34.817349502501465,40.56734582222998
06:56:03,32.142221473340655,34.81794566795957,237.85015390627086
06:56:07,32.14218653391743,34.818630360034035,222.35609187092632
06:56:08,32.14213439087754,34.81935259888818,220.84623246826231
06:56:09,32.1420887689215,34.81980622406624,114.9485396835953
06:56:10,32.14207152472074,34.82021449380408,100.0382249718532
06:56:11,32.14207152472075,34.820410173362006,84.33237581700087
06:56:12,32.142071565304825,34.820494965346775,148.0548519231379
06:56:13,32.141989355090125,34.82063951925286,286.1942815827206
06:56:14,32.14185875906089,34.824278033933496,211.03377908747643
06:56:22,32.14104519668778,34.82816563987918,-21695.485807129182
06:56:24,32.140217550655386,34.83202935219271,-20858.493440271355
06:56:50,32.139396856721355,34.83242482865646,98.3170776758343
06:56:51,32.139233504442394,34.83259918199705,93.52409071382135
06:56:52,32.13916648662151,34.83269449587232,89.09799051843584
06:56:53,32.13911069607446,34.83272788310482,105.10216078162193
06:56:54,32.139030830876244,34.83279836367592,84.29059115052223
06:56:55,32.13893041115001,34.83288049023788,105.99897309206426
06:56:56,32.13880584947558,34.8330696907715,107.38019524049014
06:56:57,32.138698111178634,34.83323785349582,101.59922474715859
06:56:58,32.1385209425479,34.833529888443074,109.95298574399203
06:56:59,32.138349878179405,34.833821495800954,47.03532416373491
06:57:00,32.13819633967137,34.83417310953189,121.10950550809503
06:57:01,32.1380470024524,34.83440170497747,107.65269619878381
06:57:02,32.137892396737406,34.834581599858645,89.13583995774388
06:57:03,32.13772848260489,34.834698222228326,67.59491273295134
06:57:04,32.137625457249634,34.83486617865196,108.60723643563688
06:57:05,32.137503299817986,34.835063646140696,113.64947874564677
06:57:06,32.13739889605956,34.83546707628323,103.05200232937932
06:57:07,32.13719398177992,34.83592484530987,-1646.2441436694935
06:57:08,32.13705300218632,34.83632613822139,124.51283447444439
06:57:09,32.136907464724835,34.83649532197379,137.21343770157546
06:57:10,32.136878707735654,34.83658778521396,152.4226395431906
06:57:11,32.13681484083995,34.83664926768631,200.9229804938659
06:57:12,32.1366699101068,34.83690981472535,211.73214942682534
06:57:13,32.136481533590675,34.837211199547546,187.34335273783654
06:57:14,32.136285147315654,34.83758520251053,186.7504317453131
06:57:15,32.13611155554258,34.83779562462427,166.08305606711656
06:57:16,32.13597518362056,34.8379839942579,100.53924037422985
06:57:17,32.135881728049725,34.83810354026226,105.54858968686312
06:57:18,32.135824249756894,34.83829637397688,114.31886446289718
06:57:19,32.1357463406279,34.83846024090183,91.09145311731845
06:57:20,32.135647176626755,34.83871611963616,115.94308342318982
06:57:21,32.135492109954185,34.83905043949881,114.93790406920016
06:57:22,32.13535717433761,34.83937497710175,85.08541144058108
06:57:23,32.13521534529344,34.83964972730402,122.26871110405773
06:57:24,32.1351406264645,34.8397580287493,138.12673481646925
06:57:25,32.1350616500074,34.839872229063666,144.6371875377372
06:57:26,32.13494320936053,34.84018405781285,109.44618985708803
06:57:27,32.13484182339374,34.84049865246923,87.71970820426941
06:57:28,32.134716489736014,34.840834774206876,111.23345290217549
06:57:29,32.13465626353105,34.84095355811217,130.82713066227734
06:57:30,32.13459960178735,34.841124510642395,143.54797547962517
06:57:31,32.13452464379423,34.84134805942724,122.78113134671003
06:57:32,32.134456304333895,34.841784866900085,128.97929543815553
06:57:33,32.13436152444344,34.84212939479969,201.477499444969
06:57:34,32.13426857798017,34.84237860113146,1461.201937071979
06:57:35,32.13413562462656,34.84253028238206,81.79986140690744
06:57:36,32.13396218883347,34.842712195529344,43.890998783521354
06:57:37,32.133848571738206,34.842969317982856,84.65724313538522
06:57:38,32.13377972078203,34.84300299875554,150.45252548437566
06:57:39,32.13371822042802,34.8430843973068,100.30746856611222
06:57:40,32.133593373260865,34.84311288359489,132.40518077928573
06:57:41,32.1333976464557,34.84328256826578,165.4094833433628
06:57:42,32.132993850823574,34.843393270945526,274.42634190339595
06:57:43,32.13265340200459,34.8441362648533,515.5711912699044
06:57:52,32.13234703344448,34.84489915758278,251.4441576777026
06:57:53,32.13230928648324,34.84571071929818,267.956135767512
06:57:54,32.13222947342737,34.84612908605988,252.07427893858403
06:57:55,32.132161938173844,34.84657754177359,142.9603649303317
06:57:56,32.13209535050239,34.84695491194125,85.8463738616556
06:57:58,32.13202679543641,34.847170052912524,131.9090410778299
06:57:59,32.13198156653454,34.84734637057512,133.06472379807383
06:58:00,32.13190850681037,34.8476479738546,77.00399930868298
06:58:01,32.13176780004364,34.8480182725471,80.44514567032456
06:58:02,32.131457544689,34.848668839182174,-728.7554373694584
06:58:07,32.13113367333258,34.849284303570705,76.45785448793322
06:58:08,32.130803727781476,34.84996010661851,106.07152289152145
06:58:11,32.130637832285295,34.85030035680003,115.71539607364684
06:58:12,32.130479088764424,34.85068094141733,87.56875995453447
06:58:13,32.130391619246005,34.85091759383442,118.27019352186471
06:58:14,32.13027925363447,34.851212625984836,124.8641694393009
06:58:15,32.13017328610871,34.85147973968387,122.7083441670984
06:58:16,32.130087568427946,34.85165639814482,103.16101957950741
06:58:17,32.129986728540864,34.85175899749959,101.29125214740634
06:58:18,32.12987029158773,34.851834587210256,108.27865047752857
06:58:19,32.12975487211015,34.85199982309129,124.2471632277593
06:58:20,32.12855477624345,34.85222146156218,115.82141804136336
06:58:29,32.12735812345163,34.852456343571134,35483.96444199886
06:58:31,32.12613263836054,34.855293250458544,36345.36691152584
06:58:51,32.126030662579375,34.85813420131316,140.3745407667011
06:58:52,32.12596510972561,34.86096398510981,95.65651432890445
06:58:53,32.12595360257452,34.861196910448434,98.21813701931387
06:58:54,32.12594997474776,34.86143077526359,89.11495134234428
06:58:55,32.125877880975125,34.86168248965577,93.06529090926051
06:58:56,32.125793969536026,34.861894539773594,72.68631435465068
06:58:57,32.12564727479924,34.86213486351087,111.93499409873039
06:58:58,32.1255477087251,34.862356546358114,81.15210475772619
06:58:59,32.12543482021859,34.8626494369909,87.78925991151482
06:59:00,32.125337808056635,34.86296636428511,20.96478011459112
06:59:01,32.125247313088366,34.86328958196501,113.5622763549909
06:59:02,32.12513594083966,34.86348935278441,57.60859463736415
06:59:03,32.12505375365409,34.8637024925687,39.173932942561805
06:59:04,32.12491150404798,34.86389046862259,41.91913555748761
06:59:05,32.124798181868904,34.864105774278194,132.0612320518121
06:59:07,32.1246927876195,34.864259042575135,266.6855724491179
06:59:10,32.12465769116864,34.86464614077232,234.00428619235754
06:59:11,32.12462324816465,34.865067550056565,84.02951716911048
06:59:12,32.124598599120986,34.865557888152644,121.63940678816289
06:59:13,32.12458216261564,34.86584165469643,86.1141209313646
06:59:14,32.124570625785694,34.86610701115596,78.87557158898562
06:59:15,32.12450511177094,34.8662713474884,87.22850736416876
06:59:16,32.12440911680701,34.866396463292574,128.24728060048074
06:59:17,32.124270318651696,34.866791514990105,262.4177716476843
06:59:20,32.12416750655992,34.86724409152777,96.74238946288824
06:59:21,32.12409120754118,34.86768523304827,220.04965179786086
06:59:22,32.12360653751055,34.86907896941684,196.80858906265348
06:59:35,32.12309379076016,34.8704546542459,-2130.160157979466
06:59:38,32.122554421960054,34.87187644449539,19.82316966354847
06:59:39,32.122475947665784,34.872056539866854,236.33559742569923
06:59:40,32.1224353733718,34.872381469622766,234.2101759472862
06:59:41,32.12242538900367,34.872625689622616,228.27440170571208
06:59:42,32.12237936654491,34.872923026084514,260.95134938973933
06:59:43,32.1223241509906,34.87305623556882,113.44225974474102
06:59:44,32.122265977259104,34.87321302657211,120.43322385754436
06:59:45,32.12213901567708,34.87334966381884,118.95409022923559
06:59:46,32.122015872357494,34.873451809696064,242.47744074184448
06:59:47,32.12186366216164,34.87361789384525,232.6795490393415
06:59:48,32.1218017919367,34.87376569510338,228.46848030015826
06:59:49,32.12170366940242,34.87401834218465,236.29563365969807
06:59:50,32.12161834495452,34.87423579369409,220.05883322656155
06:59:51,32.12150269194814,34.87447645348029,228.39041939657182
06:59:52,32.12141465216259,34.87469427424389,234.2946601016447
06:59:53,32.12134346895653,34.87493083423504,227.9102057106793
06:59:54,32.12130111627656,34.87516536185087,243.31677451450378
06:59:55,32.121264114273266,34.87562054340359,262.3417722629383
06:59:56,32.12122131973317,34.8760292250738,108.33609691634774
06:59:57,32.12119426111146,34.87647960885198,149.60371131822467
06:59:58,32.1211706409604,34.87671674859336,125.22423789370805
06:59:59,32.121150271482456,34.877040863621,112.62144293729216
07:00:00,32.12111414828783,34.877300670696464,81.91201433166862
07:00:01,32.12108831638265,34.87756116799955,49.85882669407874
07:00:02,32.12106398339787,34.877717330214956,228.420202517882
07:00:03,32.12105746874141,34.87805423460863,226.46969465259463
07:00:04,32.12105405541055,34.87836826107876,98.65679465979338
07:00:05,32.12105405541055,34.87875617627794,77.45691647008061
07:00:06,32.12106057006701,34.8789857280745,124.33539755921811
07:00:07,32.121079810100674,34.87934541267561,22.84807404037565
07:00:08,32.12111265016579,34.87964437994944,92.50128125865012
07:00:09,32.12116134860634,34.879940893083734,29.410097827203572
07:00:10,32.12119969589154,34.88003992237396,79.35353441536427
07:00:11,32.12123785218723,34.88018200500641,71.34281174838543
07:00:12,32.121308208682606,34.88041916814664,215.61108295992017
07:00:13,32.121402126393015,34.88071727116467,60.55077370163053
07:00:14,32.12149910648646,34.88102897412292,58.40284856501967
07:00:15,32.121675607487184,34.88130577393879,81.60925644543022
07:00:16,32.12228062890933,34.88263849042634,10.319545108824968
07:00:30,32.12287781948172,34.883980731293626,34.512824980542064
07:00:31,32.12338215702431,34.88524477356669,20.436267036944628
07:00:32,32.12343986651061,34.88546298620708,99.38687790185213
07:00:33,32.123531701103225,34.885650237347676,87.8177055278793
07:00:34,32.12362945596566,34.88587716047627,101.812366287224
07:00:35,32.12375212844867,34.88609153852662,98.5121039217338
07:00:36,32.12388363706887,34.886379628214264,98.41087282449007
07:00:37,32.123978053717195,34.88663018014719,53.94284349307418
07:00:38,32.124059663312416,34.88695785625304,101.15289245173335
07:00:39,32.124129577021115,34.88723341850849,-211.42584142647684
07:00:40,32.124274963015445,34.88747692195694,64.529277571477
07:00:41,32.12441134452135,34.88761249513071,78.97230922989547
07:00:42,32.124536133906226,34.887773946760866,92.8456072602421
07:00:43,32.12461762451568,34.88801011881417,74.85804839711636
07:00:44,32.124696464701465,34.8882665494147,85.01722982432693
07:00:45,32.12482067111137,34.88851824960888,100.16634108498693
07:00:46,32.124904650788174,34.88876525619904,76.54730031918734
07:00:47,32.12501379764543,34.8890282976218,96.34578479640186
07:00:48,32.12509083660347,34.8892959655156,89.26363677158952
07:00:49,32.12525114683303,34.89108750353475,94.94786341115832
07:01:08,32.12539181238523,34.89298685712089,260.0540994955227
07:01:10,32.125548504927714,34.89524487632374,272.3393708150834
07:01:11,32.12561991001457,34.895953234519034,98.46120588947088
07:01:12,32.12567905686527,34.8964937577507,136.08603233657777
07:01:13,32.12568601726503,34.89669924517597,108.42080370336771
07:01:14,32.12570549591607,34.89698478042651,92.61496414616704
07:01:15,32.125723426842754,34.8972646071201,49.53429271187633
07:01:16,32.1257558362048,34.897575537066466,139.61475437693298
07:01:17,32.12577572731557,34.89786239244177,76.23823635652661
07:01:18,32.12579561842634,34.89822227795367,47.138735125772655
07:01:19,32.1257707838196,34.898515308184436,51.99185177218169
07:01:20,32.12574594921285,34.898804768428946,52.98562662769109
07:01:21,32.1257211146061,34.899187610530795,43.998650080524385
07:01:23,32.12551576110615,34.90047394328979,39.01335249748081
07:01:32,32.125197331995594,34.90176185072023,87.6446353122592
07:01:33,32.12487285937346,34.90332329619269,101.43155980482697
07:01:39,32.1247307361998,34.90393834382332,84.70404564216733
07:01:40,32.12469227001016,34.90450358725882,115.38677919935435
07:01:41,32.12453521117251,34.90545988882674,45.978720244951546
07:01:49,32.12439848757424,34.90642521222757,98.69139095768332
07:01:50,32.12424080805709,34.907506599254084,106.99856551736593
07:01:52,32.12420466222335,34.908021052521484,77.1718356674537
07:01:55,32.124167761803086,34.909247884664545,90.26335958950222
07:02:05,32.12408881824369,34.91041333795452,97.89629632420838
07:02:06,32.124001577196374,34.91132759491941,18.41659431438893
07:02:07,32.12389827902748,34.91161640665936,112.93389423191547
07:02:08,32.123817282846915,34.91185973385615,41.5222091358155
07:02:09,32.123738041989874,34.91215125012985,110.88093965500593
07:02:10,32.123665696934374,34.9123857120826,105.36753642000258
07:02:11,32.123600986627984,34.91256063099532,115.20731801819056
07:02:12,32.12347805381485,34.91274392879827,121.48424100875854
07:02:13,32.12335716845752,34.91287799635584,242.34591536410153
07:02:14,32.12327175942554,34.91303282965823,216.498398845084
07:02:15,32.12323848126663,34.91337475727241,256.7842097748071
07:02:16,32.123201430208404,34.91369983974227,108.60103737842292
07:02:17,32.1231188573195,34.91411241952046,69.25957935582846
07:02:18,32.12302305579013,34.914366129255626,242.26988108456135
07:02:19,32.12291600214567,34.91472329724967,113.15595097281039
07:02:20,32.12284557569045,34.91508763083523,83.23274318873882
07:02:21,32.12280188301926,34.91542615386706,66.18282663542777
07:02:22,32.1227511532828,34.91573291262552,69.6844871332869
07:02:23,32.1226884158707,34.9159589787892,66.75307642668486
07:02:24,32.122602729473954,34.91617840342687,106.26566137652844
07:02:25,32.122508116693666,34.916393618011135,109.85617949068546
07:02:26,32.122424970736574,34.91664971227558,116.34169713966548
07:02:27,32.12234688838125,34.91691978924737,106.78309290856123
07:02:28,32.12228305567001,34.917211541178965,89.72875924780965
07:02:29,32.12220213362159,34.91745175351919,75.84900840185583
07:02:30,32.12211194096243,34.917635749996705,87.98279143124819
07:02:31,32.1219599073034,34.91775030128968,130.6279458515346
07:02:32,32.121823870208786,34.917850453958515,245.45884551666677
07:02:33,32.12168371743891,34.91796903549239,237.70597918424755
07:02:34,32.12160754995416,34.91813950307224,260.13089641556144
07:02:35,32.12153149267262,34.91847925936771,243.88252920564264
07:02:36,32.12144858057099,34.91883988777557,92.18821372184902
07:02:37,32.12137136085494,34.919171203027354,239.08727549109608
07:02:38,32.121305389234145,34.91939618390836,243.0185045292601
07:02:39,32.121279605014344,34.919729148885715,263.73437283653766
07:02:40,32.121242766723064,34.9200066850947,133.14533346518874
07:02:41,32.12114007591914,34.92031070238723,97.85264528356493
07:02:42,32.12102334441854,34.920430437142194,250.90163934789598
07:02:43,32.12092063400786,34.92061106360247,237.57333044148982
07:02:44,32.120862540464756,34.92077249711247,250.30505255796015
07:02:45,32.12080723524526,34.92111207064003,247.01480029616505
07:02:46,32.1207677718082,34.921562948602094,160.4821281740442
07:02:47,32.12074003334559,34.92200921779046,124.00719470717013
07:02:48,32.120704331497734,34.92241704769992,120.49866554886103
07:02:49,32.120651934017594,34.92269678077071,92.45716453902423
07:02:50,32.12056580538449,34.92299521514867,108.93517913203686
07:02:51,32.12048936553688,34.92340412344991,109.12000528816134
07:02:54,32.12039493244044,34.92384877991525,110.11887178756297
07:02:55,32.12032642601027,34.92429951128687,106.2181171765551
07:02:56,32.12023948212554,34.92457246547569,102.54905727598816
07:02:57,32.120186552646,34.92486335813708,112.72042337339371
07:02:58,32.12014451867361,34.9251239593958,110.55913788732141
07:02:59,32.12012458732636,34.925397508445954,116.1501274863258
07:03:00,32.12010443984361,34.92569007771717,126.25265918206424
07:03:01,32.1200939267391,34.92598696075459,103.6406158702448
07:03:02,32.12007803333541,34.92628952783542,116.28855841513723
07:03:03,32.120059241943075,34.92659890590095,103.99729538988322
07:03:04,32.12002984422613,34.926886848472314,97.49703706335276
07:03:05,32.11990424637339,34.92737817767327,118.55233710166067
07:03:06,32.11978306773099,34.927829364031446,87.94918038789183
07:03:07,32.1196470384163,34.928718073709014,98.2130524944514
07:03:10,32.11960582480088,34.92934495186597,-294.72164563275874
07:03:13,32.119564071971276,34.93000682755828,121.3380988072604
07:03:14,32.11953359293479,34.93043806152637,104.85524651408195
07:03:17,32.11948579203092,34.93083397837871,70.5590880094096
07:03:18,32.11943853034121,34.93116656785786,98.2568075293675
07:03:21,32.119408411717295,34.93140810903017,143.35641320142895
07:03:31,32.119124281352875,34.93269559705453,79.90308049041778
07:04:05,32.118790996719646,34.93562900819082,1159.2280645295978
07:04:07,32.11844149716936,34.93958506616243,23794.26289987378
07:04:10,32.118350820903395,34.94277132596496,320.9812996229157
07:04:12,32.11827598007667,34.944291957805945,271.9381815250963
07:04:13,32.118217354167,34.94469643557718,295.5685356017202
07:04:14,32.118184035337435,34.94488647883305,280.9965159194544
07:04:15,32.11815766416381,34.94513081246247,293.33150531351566
07:04:16,32.11810043141399,34.94536294022328,289.77084708120674
07:04:17,32.11803375463315,34.94562998616854,298.0731547391042
07:04:18,32.11797344865215,34.94589096090143,273.57535597030073
07:04:19,32.11793687669681,34.94628122830245,276.3106538038701
07:04:20,32.117900808228484,34.94670206324496,134.27190220355988
07:04:21,32.11787766611605,34.94706763932439,92.59319884050637
07:04:22,32.11784821879712,34.947334412618865,136.34780290722847
07:04:23,32.11780676296993,34.947550204593455,104.53165870718658
07:04:24,32.11774337865211,34.947818684237376,90.85870968457311
07:04:25,32.11766345757028,34.94802796584772,87.32671226840466
07:04:26,32.11759542470424,34.948199833082064,104.7971813492477
07:04:27,32.11752140050818,34.948369048758956,144.03913233615458
07:04:28,32.117474242202974,34.948586567833,147.662547044456
07:04:29,32.11740324628807,34.94884070795779,105.17486898321658
07:04:30,32.117348377799836,34.94904371720764,107.41081658285111
07:04:31,32.11726271157144,34.94915924653185,124.30918625276536
07:04:32,32.11719227190835,34.94922024356359,152.4852352021262
07:04:33,32.11712543477436,34.94928321929149,176.16213569790125
07:04:34,32.117046043503855,34.949407966845776,273.48651888687164
07:04:35,32.116937872498625,34.94961489337073,133.15205902792513
07:04:36,32.11683447777796,34.949834584498014,288.5484324004501
07:04:37,32.11676889934055,34.95000029337147,285.860123725608
07:04:38,32.11673674700782,34.95030117675099,276.97428130265325
07:04:39,32.116707287578045,34.950632003464825,140.672059699893
07:04:40,32.116686402453276,34.95105712403524,144.4231045152992
07:04:41,32.1166381211251,34.9513075144219,123.98139998689294
07:04:42,32.1165852600711,34.95154200578856,123.90456232987344
07:04:43,32.11651956915416,34.95174417040692,143.07119577936828
07:04:44,32.116466370132166,34.951969819495964,144.52000732626766
07:04:45,32.11640318675391,34.95222928489167,136.29889514297247
07:04:46,32.11631574606875,34.952446654300935,120.70749420672655
07:04:47,32.116240437243384,34.95266331721405,129.7625879822299
07:04:48,32.11616655879963,34.952828459088316,137.1018958510831
07:04:49,32.116092899731306,34.95306609322595,148.61016900278628
07:04:50,32.11602018736446,34.95330390897177,145.5961755430326
07:04:51,32.115927692167915,34.953548884658694,150.52281298208982
07:04:52,32.115855532974265,34.9537582670013,152.64145920611918
07:04:53,32.11577815561517,34.953918973954664,155.16144571825862
07:04:54,32.115709868046594,34.95406935397961,150.07075320277363
07:04:55,32.1155873654426,34.95418771315519,150.87919478397816
07:04:56,32.11545784661419,34.95429484107529,292.59754286985844
07:04:57,32.115354105880904,34.95437566107728,287.2805459164083
07:04:58,32.11529492863391,34.95470972312404,300.90390167664737
07:04:59,32.11525907655227,34.95508783080164,135.2954257130623
07:05:00,32.11519420031134,34.95551489752078,130.34025563765317
07:05:01,32.11512401551577,34.95572663283908,144.7934495098889
07:05:02,32.11501400517539,34.95591102387956,144.2341593913734
07:05:03,32.114906548323404,34.9560992498866,112.21670970786363
07:05:04,32.11474953090747,34.95628878202094,115.14978328719735
07:05:05,32.11460779484249,34.95655833695036,285.30469463486224
07:05:06,32.11448088205898,34.956848191809335,131.84408176783472
07:05:07,32.1143871406507,34.95713312584095,118.81549355294555
07:05:08,32.11426106081648,34.957368999364036,122.84229743108153
07:05:09,32.11411552329343,34.95758636107371,113.21357540693134
07:05:10,32.1139643190601,34.95781294837619,125.58417165931314
07:05:11,32.11383755556941,34.95803131274791,114.94022240955383
07:05:12,32.11370144374257,34.958245122525824,114.75986035913229
07:05:13,32.11357741154662,34.95845393842285,128.92600234877318
07:05:14,32.11342615632302,34.95868271855418,125.40108075086027
07:05:15,32.11328924879695,34.95890042086683,114.8578268494457
07:05:16,32.1131537517349,34.95912703802515,128.3165831239894
07:05:17,32.1130340677715,34.959333199410686,131.0804446656257
07:05:18,32.11290806849687,34.959555992182096,134.95549556985497
07:05:19,32.11279408112333,34.959748535614985,146.00837988499552
07:05:20,32.112664670013366,34.95998671582229,164.9743706844747
07:05:21,32.11254655686081,34.960203220220585,131.7929928023368
07:05:22,32.11238115667194,34.96044802668501,157.42567729577422
07:05:23,32.11223892578135,34.96065505083873,145.01414364762604
07:05:24,32.11207281534479,34.96089814855845,148.2099269889295
07:05:25,32.111925927262696,34.96111471028693,138.9707685438916
07:05:26,32.111769608118074,34.96126243157912,146.89786905795336
07:05:27,32.11159710954377,34.96139709811488,135.88196741137654
07:05:28,32.11142649862737,34.961561248363985,137.4052280643955
07:05:29,32.111293172809845,34.96185615155155,321.6018925262615
07:05:30,32.11116374812296,34.96214832836572,163.86473682709038
07:05:31,32.11101666139495,34.96236292950741,138.7281134687364
07:05:32,32.1108607176847,34.96250149896435,191.5653087347746
07:05:33,32.1107085265715,34.96266002938657,213.0065789539367
07:05:34,32.11059953741789,34.96292555091032,179.74148170091212
07:05:35,32.110509163188695,34.96315297365668,171.79299192782491
07:05:36,32.11043419752926,34.96342968030427,243.33065092097968
07:05:37,32.11030168339159,34.96360124207695,159.71797892544419
07:05:38,32.11008443535914,34.96381268854531,157.64147025626153
07:05:39,32.10983202933641,34.96396052708039,153.02795504126698
07:05:40,32.109637908739096,34.964191632721835,333.01719170436263
07:05:41,32.10952734371755,34.96448408900638,176.50854951888323
07:05:42,32.10945584360835,34.96478303720842,148.8910707673058
07:05:43,32.10935799620669,34.965063653862444,150.94847858324647
07:05:44,32.10923983930099,34.96527956242866,138.97028417885303
07:05:45,32.10910678126569,34.96549629902447,178.47901567164809
07:05:46,32.108951103204795,34.96568113034383,149.79225227609277
07:05:47,32.10878985406388,34.965891020580834,173.6627746867016
07:05:48,32.10864587175619,34.96608383092133,169.72562622465193
07:05:49,32.1085293434685,34.96631421554189,198.1515258261934
07:05:50,32.10838877729726,34.96655928468277,191.10248939786106
07:05:51,32.10825579885259,34.96682842069026,162.825052135624
07:05:52,32.10812536731799,34.96706408996864,163.3601002637297
07:05:53,32.107985172886295,34.967212456733236,165.22415429912508
07:05:54,32.10786232405154,34.96743278116963,214.50788437016308
07:05:55,32.10771924409752,34.96764918709753,165.89296939689666
07:05:56,32.10758886380626,34.96792837659993,192.0353598082438
07:05:57,32.10741987459096,34.96813282521213,184.9405699055642
07:05:58,32.10730093049286,34.96836447647981,176.157827491872
07:05:59,32.10718848801325,34.96858979339121,193.9378828331828
07:06:00,32.10710004805026,34.96878522898447,199.83079485129565
07:06:01,32.10697940166501,34.968934865285924,197.9317421959713
07:06:02,32.10681456626841,34.96908431221086,200.95960599929094
07:06:03,32.106647302394315,34.969177676232896,348.4953965563327
07:06:04,32.106488454068575,34.969302268985686,330.2496529472992
07:06:05,32.10638997546456,34.969434583611466,345.89707792457193
07:06:06,32.10628582643303,34.96963448804976,364.2844140138477
07:06:07,32.106192931394965,34.969855829062176,363.15197059419006
07:06:08,32.106109673995,34.97010505823694,385.8523019179702
07:06:09,32.10605487155979,34.970387882935974,347.9984653973952
07:06:10,32.10598504886126,34.97065805083924,341.9716722667217
07:06:11,32.105908535662024,34.970883166077805,344.03744646254927
07:06:12,32.10582045157192,34.97110626288938,363.45224317815155
07:06:13,32.10575701629626,34.97137578377841,344.6135312365368
07:06:14,32.10570464569457,34.971670887324066,349.54275516513735
07:06:15,32.105652215963765,34.97196694560277,333.8887810204178
07:06:16,32.105603641396854,34.97223650618165,334.915350346826
07:06:17,32.10555059358975,34.97249772289728,344.105949960649
07:06:18,32.105511238028264,34.97273100491228,342.9938610633835
07:06:19,32.10546880067734,34.973014099526225,359.51465505361557
07:06:20,32.1054353695577,34.973284740489554,320.4755523065105
07:06:21,32.105399227552134,34.97359460930412,350.024990725331
07:06:22,32.10537679891923,34.97385713855345,335.30356184672564
07:06:23,32.10536355792433,34.9742219988239,312.64650620613247
07:06:24,32.10535797307689,34.974568969023416,176.0321887275204
07:06:25,32.10535797307689,34.97485526080886,310.2450422262773
07:06:26,32.1053748251995,34.97508410037247,315.35411517880857
07:06:27,32.1053916773221,34.97550144269396,308.69953546021134
07:06:28,32.10540852944471,34.975990966204584,163.5180021589622
07:06:29,32.10540931450183,34.976454247679236,168.21991912368685
07:06:30,32.105410099558945,34.976727230851246,153.17545849923044
07:06:31,32.10541088461606,34.976984921041215,181.80730091780424
07:06:32,32.10541088461606,34.97724723651361,161.84158020559698
07:06:33,32.10540651670254,34.97755053223375,176.40242511220276
07:06:34,32.105399430428555,34.977791022276705,151.3579753730446
07:06:35,32.105391931249535,34.97811620020667,154.64697827398777
07:06:36,32.10538047008729,34.97833695670047,180.5650752549991
07:06:37,32.1053696498908,34.97860060293737,144.9579576589167
07:06:38,32.105333347594275,34.978720360262685,294.3488403344527
07:06:39,32.10529228749087,34.97899378208519,317.01008519902825
07:06:40,32.10525127659127,34.9793141343403,155.3293135119602
07:06:41,32.105229547197126,34.97976172482347,303.0923893786967
07:06:42,32.105213809217794,34.980032067456435,169.5405140724033
07:06:43,32.10520009942936,34.9802691740082,186.11100505758077
07:06:44,32.10518462576972,34.98038610060398,311.08150631561875
07:06:45,32.10517443095995,34.9805868768022,319.19498673453927
07:06:46,32.105161402995066,34.98079662274324,291.72048293892294
07:06:47,32.10515422024496,34.98107752292804,296.455218559131
07:06:48,32.10514885493382,34.981330699820006,350.2063451707363
07:06:49,32.10514885493382,34.98159273022725,297.6150606852025
07:06:50,32.10515138708985,34.981814772493514,298.5644376594573
07:06:51,32.10515391924587,34.98205149900783,311.05313326139003
07:06:52,32.10520935897812,34.98385871545074,315.18370604515076
07:07:11,32.105293245328234,34.985683451105466,363.8270461736247
07:07:12,32.10540393153776,34.987519081503955,352.69283831771463
07:07:13,32.10553502076272,34.98796954257357,350.42227832693607
07:07:14,32.10567289696716,34.988402141886304,178.35348394792527
07:07:15,32.105843134244026,34.98885109453058,194.36436388175935
07:07:16,32.10597222211646,34.98909462550163,158.18923268467188
07:07:17,32.10608351778603,34.98937765371766,178.94746213406324
07:07:18,32.10618147235869,34.98962331458778,158.62266009114683
07:07:19,32.106294327103875,34.989872140105284,142.87946854624897
07:07:20,32.10643513456635,34.990093921457124,153.01590063981712
07:07:21,32.10658591673252,34.990335691079615,160.4352979194373
07:07:22,32.10673447393967,34.99057014681923,150.3984538083896
07:07:23,32.10687493985426,34.9908067130994,156.42742708325386
07:07:24,32.10701455454146,34.99104632074657,150.83911510836333
07:07:25,32.10716323675251,34.991298024760205,144.52633304614574
07:07:26,32.107312221051394,34.99154431633545,154.9418958602473
07:07:27,32.107453666962414,34.99178744949865,158.70781065616757
07:07:28,32.107585292526316,34.9920415960122,159.96998581290245
07:07:29,32.10772562997496,34.9923036408785,160.83906086627394
07:07:30,32.10788278252906,34.992551273537806,152.9855430368334
07:07:31,32.108032030557034,34.9927847925124,171.28022219333798
07:07:32,32.10818823851392,34.99300520830408,161.3240689728409
07:07:33,32.10831775246581,34.99323381242345,167.72841689921916
07:07:34,32.108474947711606,34.993450452165334,148.318293412216
07:07:35,32.10860006390575,34.9936893317971,182.29832741245627
07:07:36,32.10872072407029,34.99393633476744,185.66557432617992
07:07:37,32.108825757026075,34.9942287380279,185.88830516580492
07:07:38,32.10894072287523,34.99449140026653,154.8072905736044
07:07:39,32.109078168814925,34.994747002372,159.58390641305596
07:07:40,32.109178690767315,34.994955372699614,163.38774010259658
07:07:41,32.10929057419682,34.99517712906454,184.51926799491048
07:07:42,32.10939340376533,34.99541265317174,195.96811693441123
07:07:43,32.10948850442219,34.99569797946794,171.35537234973162
07:07:44,32.10956996285968,34.99596124920536,160.43014783598483
07:07:45,32.10961666915862,34.996198494316424,169.37754858192056
07:07:46,32.10968076313324,34.996334157082146,177.25574127957225
07:07:47,32.109730632432,34.99648605723789,202.37803389970213
07:07:48,32.109774372966186,34.9965806982074,345.7232674956322
07:07:49,32.10979505187992,34.996751238098206,342.16630771011114
07:07:50,32.10981435728066,34.996942029696754,352.9594183443114
07:07:51,32.109912515569995,34.997401108539,347.0009855348617
07:07:52,32.11002156428592,34.997856998485,155.28211837634444
07:07:53,32.11012242216775,34.99832262659936,164.03213865403086
07:07:54,32.11014124599001,34.99859066826732,167.30148688703775
07:07:55,32.110162376150605,34.99891692048378,177.14533117040992
07:07:56,32.110198347966076,34.999196605011214,185.24251759704202
07:07:57,32.110234782757935,34.99946757686916,170.99801386520267
07:07:58,32.11028227951588,34.99969631258292,186.89155505411327
07:07:59,32.11032231213212,34.99997623302862,171.55595518276095
07:08:00,32.11036156197769,35.00026565795954,177.66434880904853
07:08:01,32.11038572021101,35.000540641999606,178.44129136018455
07:08:02,32.110399939214375,35.00080888396921,187.30582063738257
07:08:03,32.11041205599289,35.00109211224784,175.30697678402066
07:08:04,32.11041456720385,35.001346128919984,181.06646814197302
07:08:05,32.11041541930254,35.00166908745958,207.86004091519862
07:08:06,32.11043019547352,35.001939632994144,204.29091443493962
07:08:07,32.11044497164451,35.00215783712551,181.65851701423526
07:08:08,32.11045959869076,35.00229757035634,236.3162312125787
07:08:09,32.110462361570995,35.002399361753085,360.49968163575977
07:08:10,32.110473825136346,35.00258532788226,358.1339002493769
07:08:11,32.11048459785834,35.002849369272774,357.786184691824
07:08:12,32.11050162943493,35.003204661374475,224.29331627581269
07:08:13,32.11052560550497,35.00348480145579,404.1078103883192
07:08:14,32.11055849078153,35.00368367002317,390.30085298325866
07:08:15,32.1105855833621,35.00385033454845,381.2062412770465
07:08:16,32.110597030764126,35.00409188655143,385.1754962345585
07:08:17,32.11060370090678,35.00433203828047,389.7176337335259
07:08:18,32.110609200631124,35.004611156530935,423.71338667627424
07:08:19,32.11063673247343,35.00488635044584,406.7903667818755
07:08:20,32.110663347579305,35.005163677512435,410.056529709138
07:08:21,32.110693026714564,35.005436424947476,412.68957490939647
07:08:22,32.110703293800526,35.00569227678147,404.928757911548
07:08:23,32.11072911242329,35.00595774890207,404.876348557882
07:08:24,32.110756638779435,35.0062100441689,387.3761277226731
07:08:25,32.11080722620173,35.00645760859274,388.5836580703035
07:08:26,32.11083971429648,35.00670293164211,382.86392577178776
07:08:27,32.11088763550298,35.00694200172723,388.14381930511445
07:08:28,32.11091869030786,35.00719341393751,373.012185940519
07:08:29,32.11095994800939,35.00743468060878,385.8102023731917
07:08:30,32.11099147570176,35.007679554417145,385.8917745575309
07:08:31,32.11101553821985,35.007948386687,386.9907768154517
07:08:32,32.11104541801504,35.00821574906504,380.80826465412974
07:08:33,32.11106591757919,35.008484517012825,386.98801695834845
07:08:34,32.11111285453824,35.008819855005044,380.770473619923
07:08:36,32.11115661764439,35.00925468749597,386.3988257739693
07:08:38,32.111214493842745,35.00968614361583,383.360316821374
07:08:39,32.111267057175844,35.010124134544036,388.4254042208195
07:08:41,32.11132004647886,35.0104816043812,399.08359949383885
07:08:42,32.1113612523761,35.01092707292013,394.9777033319697
07:08:44,32.11137998418477,35.011375336997936,395.9515087418258
07:08:46,32.1113847762827,35.012009550306566,400.4008592236787
07:08:49,32.1113847762827,35.013485638772,393.1980955814943
07:09:00,32.1113847762827,35.01483249282938,420.40167570486665
07:09:01,32.11138424585898,35.01599984467052,447.9863474499434
07:09:02,32.11137229817097,35.0162600402175,444.7812268966809
07:09:03,32.11135127167686,35.01654965811676,414.55396845191717
07:09:04,32.11132443770649,35.01684313667999,438.33362674806267
07:09:05,32.111271595227244,35.01711424698675,423.3543257275596
07:09:06,32.11122178597881,35.01741909466025,437.3441890850663
07:09:07,32.111152205217515,35.017679624929116,420.1570037910715
07:09:08,32.1111197988922,35.01796592853208,417.3443322852254
07:09:09,32.11107578852872,35.01819961336107,423.99561299104244
07:09:10,32.11104308614563,35.01846847395589,460.3566638492048
07:09:11,32.11100735558541,35.018703014868024,439.3717961879447
07:09:12,32.110974596957554,35.019014638206436,456.875291608274
07:09:13,32.11094487753524,35.01928852428201,431.0886535560712
07:09:14,32.11089986675137,35.01958780322091,432.51149863097817
07:09:15,32.110850572703576,35.01995084723836,434.37539351545274
07:09:16,32.11079725391161,35.020287549987955,282.18274165596813
07:09:17,32.11075427033378,35.020580471414156,440.1106418017298
07:09:18,32.11070430110268,35.02076595383564,477.69907108694315
07:09:19,32.110670118842705,35.02100108959456,428.2578412219882
07:09:20,32.11063762392522,35.02126342712459,444.9016127632931
07:09:21,32.110629409090905,35.0215189286338,447.6243035122752
07:09:22,32.11061115087008,35.02192553650192,455.2955258144066
07:09:23,32.110589434662195,35.0222803326213,306.7326381644234
07:09:24,32.11054898120042,35.02268577664496,255.3967109527439
07:09:25,32.11049891294716,35.02304520727109,489.1563542028889
07:09:26,32.11044314448139,35.023459378832285,265.484692171216
07:09:27,32.110387038146904,35.02381875811924,279.07385042123497
07:09:28,32.110283210388324,35.02414402451533,293.0898327520117
07:09:29,32.11018154543951,35.02446924916158,271.36086121667176
07:09:30,32.110079744673435,35.0247330640797,291.43523131869733
07:09:31,32.10999398493969,35.02493657251954,288.8151621054858
07:09:32,32.10987361158641,35.02512098373632,296.23487529251724
07:09:33,32.1097379456185,35.0253816761692,298.79390494246036
07:09:34,32.109611481097666,35.02560252652868,284.2623395072296
07:09:35,32.10948216657141,35.02583940223805,308.4586809948087
07:09:36,32.10936320882967,35.02609082249942,304.65596150420606
07:09:37,32.109232034647704,35.026369415998396,286.0045011052862
07:09:38,32.109109464220076,35.02662886384254,286.0939359627664
07:09:39,32.10896204306048,35.02686905240503,292.3775927564129
07:09:40,32.10883756554764,35.02711578772105,293.5542941717431
07:09:41,32.108717917662666,35.027396268841585,284.6123636495322
07:09:42,32.10860593735747,35.02766534294876,270.7891679536551
07:09:43,32.10847366774163,35.027923811809245,271.051577010192
07:09:44,32.10834295265556,35.0281591374245,269.29538584593683
07:09:45,32.10821138107377,35.028378435886154,270.85404425673187
07:09:46,32.10808586155502,35.02863327324088,288.50792373809963
07:09:47,32.107951717735624,35.02888754813831,274.99110369291157
07:09:48,32.107810597092545,35.02917381598636,280.21235896553844
07:09:49,32.1076769463694,35.0294363130507,278.82454656716436
07:09:50,32.107538367786454,35.02966968513074,271.0295921480283
07:09:51,32.10739305130247,35.02989350402185,310.6371140666306
07:09:52,32.10725515847079,35.03011300221403,313.33709035348147
07:09:53,32.107107182767315,35.03039751677838,315.2336540510878
07:09:54,32.106974386291135,35.03068391720887,286.9330207807943
07:09:55,32.106833621894765,35.030974377794074,291.51394946780056
07:09:56,32.10670465051174,35.031249635600034,280.4389298213646
07:09:57,32.106568924442094,35.031524396502675,283.51759127527475
07:09:58,32.1064298504978,35.031785377154385,279.88842144422233
07:09:59,32.10629720420712,35.0320456252868,285.55241858493537
07:10:00,32.10615801891251,35.03229382483239,275.8045346038416
07:10:01,32.10603149336209,35.03255013484566,288.02473925147206
07:10:02,32.105898778687646,35.03278832166498,296.6130602695048
07:10:03,32.10578493925393,35.03304421491079,290.0738189704716
07:10:04,32.10565426778509,35.03327959540303,289.4474926320836
07:10:05,32.105521187829005,35.03353298367418,298.6439141500741
07:10:06,32.105359181383356,35.03370331055071,291.71683403942734
07:10:07,32.10524089319469,35.033944972371465,352.3028083881363
07:10:08,32.105124445385364,35.03417511520042,291.6282751914114
07:10:09,32.10503820797525,35.03446941664103,300.6876436462626
07:10:10,32.104918862238634,35.03468556591853,295.3843583362177
07:10:11,32.10481501796161,35.03489938983635,319.0569430794567
07:10:12,32.10469930169699,35.03514720077924,328.84449677634984
07:10:13,32.1045910496048,35.0354055884789,315.19208097364753
07:10:14,32.104480609311764,35.03560208790526,303.5191069031134
07:10:15,32.104386817849836,35.035742201041195,318.4728254368529
07:10:16,32.10423980245288,35.03585472435873,349.8754791337997
07:10:17,32.10409085192867,35.035964948259654,508.4777210718021
07:10:18,32.10395553043,35.03608421431724,490.36259897146374
07:10:19,32.103895822294334,35.03624318884378,494.00589628331363
07:10:20,32.103845818101156,35.036572235912935,495.43075214792043
07:10:21,32.10377699967638,35.03693306895709,318.1207123240456
07:10:22,32.1037134358016,35.037244068465576,482.37083011027426
07:10:23,32.10367308472148,35.03741759981852,490.26034829579294
07:10:24,32.10366210265038,35.03757470979436,459.15909351967275
07:10:25,32.103651644175635,35.037802830492986,475.65832723863423
07:10:26,32.103645081851525,35.038062131458254,467.28564023878425
07:10:27,32.103645081851525,35.03832166358678,465.726563452743
07:10:28,32.103651644175635,35.03856718599755,506.51896247267723
07:10:29,32.103667264102285,35.03897429199239,496.8910350073129
07:10:30,32.10369637487067,35.03937597891588,364.6634638644755
07:10:31,32.10372846752085,35.03977373014646,367.5827549463138
07:10:32,32.10377043316959,35.039955913298336,375.35668392293155
07:10:33,32.10380119594507,35.040114619043536,374.731309434399
07:10:34,32.103824182871655,35.04022602713316,519.8162451740354
07:10:35,32.103837996648224,35.04038922087124,509.47247112635523
07:10:36,32.10389894263736,35.04067636837286,503.98727418575436
07:10:37,32.103963179795386,35.04096301534177,398.5298784999177
07:10:38,32.10404027341654,35.04120831723663,516.3400205587968
07:10:39,32.10413812171189,35.04157339750046,515.7329933140427
07:10:40,32.104259050230816,35.04198397918031,347.8579323384911
07:10:41,32.104393554924854,35.04243793354103,343.22716718912125
07:10:42,32.10448142920634,35.042679417034016,340.2458153385669
07:10:43,32.104563363741725,35.04291768952421,345.5357093978673
07:10:44,32.104649548383435,35.043151771852415,337.5325353182852
07:10:45,32.104738551862475,35.043391772764245,346.44216720946133
07:10:46,32.104838974767986,35.04366869708144,341.793286065571
07:10:47,32.104924454176974,35.043907345059516,314.16206391435117
07:10:48,32.10500240811789,35.04414305054769,350.0438163653016
07:10:49,32.105073235834105,35.04436265017947,338.6145942462608
07:10:50,32.10515796331242,35.04461673819224,325.425841903314
07:10:51,32.10525580260474,35.044872413636575,354.81987442355603
07:10:52,32.105341312528545,35.045125863227035,355.86863889265805
07:10:53,32.105425090237084,35.04537493032473,341.4654393978417
07:10:54,32.10549219615135,35.0456466246939,362.19710476510227
07:10:55,32.10555785462051,35.0458224892872,339.12115053925663
07:10:56,32.10559393398358,35.04595031259711,400.0703085195273
07:10:57,32.10563637178402,35.04602803508485,417.6237178603187
07:10:58,32.10570962865163,35.04629882520671,608.3904447285458
07:10:59,32.10577525471337,35.04660686795466,408.68852559570223
07:11:00,32.10582173789617,35.04689979691329,409.37196330633014
07:11:01,32.10582468562027,35.04704868968307,541.3530336124822
07:11:02,32.10582717901037,35.04723792652884,550.5741242645308
07:11:03,32.10582717901037,35.04749257794887,551.8859360683709
07:11:04,32.10582423128627,35.04781264163909,524.9435275495052
07:11:05,32.10581206609686,35.04860697602511,544.8152831597254
07:11:09,32.10576844746415,35.04932777251005,326.83787269424647
07:11:11,32.10570232806464,35.050012905687424,526.4671783652157
07:11:12,32.105635056170705,35.05021838521724,593.6809894070029
07:11:13,32.10557000827936,35.050394566702295,586.6603094795719
07:11:14,32.105497085258584,35.05056582769334,581.2374358810484
07:11:15,32.10542181191769,35.05074957435238,612.2102771727368
07:11:16,32.10535900295152,35.051014502260294,607.5441976282746
07:11:17,32.10529950811053,35.05129597947589,615.0793273104355
07:11:18,32.105248595332604,35.05157458353321,613.7631417997181
07:11:19,32.10517210249487,35.05185093867714,609.698747058399
07:11:20,32.10511063556538,35.05214439340776,605.8094188589603
07:11:21,32.10502981920255,35.05237210665506,607.7409251127392
07:11:22,32.1049819983609,35.05263315656554,629.1821118658409
07:11:23,32.104930550126205,35.052904838082746,610.37038253434
07:11:24,32.10488759408002,35.053259550447535,595.1946706706658
07:11:25,32.10483727686622,35.053575459917504,567.0173891857266
07:11:26,32.10479161580309,35.05388137560493,568.5721356635913
07:11:27,32.10473487275893,35.05413664863842,564.1671907529235
07:11:28,32.104671321241476,35.05443833523491,590.5084765898064
07:11:29,32.1046124635638,35.05470432161989,564.9343140311539
07:11:30,32.1045671678152,35.055020985958784,560.8470227383077
07:11:31,32.10452747336711,35.05533517871141,550.7805536286905
07:11:32,32.10446941525086,35.05566008513424,538.9727206006646
07:11:33,32.10440627589916,35.05593896074274,543.3021402740851
07:11:34,32.10434599386095,35.05620113857929,575.2908678725362
07:11:35,32.104290708971725,35.05652022034864,574.855551882647
07:11:36,32.104241722364826,35.05683431444863,546.2007975559682
07:11:37,32.10418055873029,35.05714856633811,557.2563668899238
07:11:38,32.10413644849108,35.0574019160895,552.6689542094246
07:11:39,32.10407491491713,35.05783632688564,591.5463975090533
07:11:40,32.10404044794408,35.05825971249779,429.22171218600124
07:11:41,32.103990833151805,35.058694578008705,415.2396601885557
07:11:42,32.1039592856791,35.05897415570005,427.09827223140746
07:11:43,32.10389570589624,35.0592587091596,432.8229363989085
07:11:44,32.10384371911818,35.05954908775852,428.97490546200424
07:11:45,32.10376784694952,35.059853171482764,434.34479304309934
07:11:46,32.103710126838294,35.060172246607856,431.7570676859468
07:11:47,32.10365777586909,35.06057897699298,415.5817882698029
07:11:48,32.10362411072052,35.060983272128915,348.15143760479987
07:11:49,32.103551036668385,35.06128936502579,342.60858412925154
07:11:50,32.103473654972085,35.06151400840014,433.6041501108557
07:11:51,32.10340135642178,35.06173721485833,431.8009643163532
07:11:52,32.10333516630222,35.062018905611616,341.3194273142144
07:11:53,32.10321081741301,35.06220653884466,428.9909958941862
07:11:54,32.10307195846155,35.062322024348,622.8852919451892
07:11:55,32.102970333684276,35.06248662204313,612.2977102212608
07:11:56,32.10291789036546,35.06269962922508,578.2883419431746
07:11:57,32.10287131974426,35.06301478730072,586.8867180803791
07:11:58,32.10280391398086,35.063260812139866,570.2601649127901
07:11:59,32.10275143102254,35.063505862551956,639.0691110622138
07:12:00,32.10270327305387,35.06390333220758,614.4996263971552
07:12:01,32.10267975093197,35.06436525786865,438.92695045564324
07:12:02,32.10264737454861,35.06477070879182,434.64364733267576
07:12:03,32.10256902308772,35.064964851312936,443.7607924696058
07:12:04,32.1024809688638,35.06505724713569,630.7972735017538
07:12:05,32.10236098985022,35.06519827345694,611.8581748753786
07:12:06,32.102290329533304,35.06543396656809,643.6199895404279
07:12:07,32.10221770610054,35.06569208709916,601.5703132040799
07:12:08,32.10215928611377,35.065959030096884,634.4683877648786
07:12:09,32.10210752955146,35.06619465070472,658.895399463363
07:12:10,32.10204908178859,35.066512917235094,595.3949211267754
07:12:11,32.10198420960917,35.06678867510319,602.1735663320869
07:12:12,32.101900990393524,35.067033071281514,654.5994972446933
07:12:13,32.10181237728466,35.06719228084833,639.2175821755081
07:12:14,32.101735596792004,35.067489514025816,665.0387221034616
07:12:15,32.10166980717358,35.06776348980421,618.2458433881402
07:12:16,32.10160808797274,35.06811861286758,628.7508105663583
07:12:17,32.101553938252366,35.06840648208591,613.9253759905696
07:12:18,32.10149769523843,35.06861903442873,598.2590339900926
07:12:19,32.10144352352256,35.0688116671278,624.4170393915847
07:12:20,32.1013804153793,35.06898662086033,599.5044617000967
07:12:21,32.101316186210894,35.06917778181397,604.2068667979911
07:12:22,32.10125292377591,35.069440776923294,622.7647026795894
07:12:23,32.10119870013838,35.06967416069666,579.1730650374666
07:12:24,32.10113750666262,35.06995623198023,613.9018969535828
07:12:25,32.101097364566925,35.07017820566012,609.6781123373657
07:12:26,32.101068755916664,35.07046709388681,608.6653588730842
07:12:27,32.10105225984286,35.070929640738235,570.8995588580146
07:12:28,32.10102352793612,35.071314654417165,384.49623211473227
07:12:29,32.10098577760789,35.07166127957686,416.49000617768615
07:12:30,32.10088151905904,35.07181606383333,401.57234149612486
07:12:31,32.10077699376109,35.07202816644104,621.217247158289
07:12:32,32.100665134583096,35.07231592564488,313.6052342867479
07:12:33,32.1005936549648,35.07267816684095,374.7357409670949
07:12:34,32.10050741167202,35.07297592919602,629.077882678248
07:12:35,32.10041847485645,35.07316032114762,597.7288112072274
07:12:36,32.100348755179084,35.073214631497706,574.9068015841767
07:12:37,32.100270333503296,35.0732441088539,598.7856082180515
07:12:38,32.10019548516238,35.07340318699088,661.5316677000374
07:12:39,32.100127355636204,35.07365223104847,597.4410398276523
07:12:40,32.100082848620524,35.07415036946585,600.0222712401301
07:12:41,32.10005671514197,35.074513953029594,450.5056152753532
07:12:42,32.100027896097025,35.07488830069599,428.6188864596188
07:12:43,32.09993112121271,35.075063245186584,453.6843632524833
07:12:44,32.09981036334983,35.075222288982694,632.624913180247
07:12:45,32.099688935125414,35.075323625554965,612.7235028548166
07:12:46,32.099610660255834,35.07548392938957,631.3956482252106
07:12:47,32.09952360267278,35.075644725259984,642.3173989085481
07:12:48,32.099440550258926,35.07590626031857,693.6299163429067
07:12:49,32.09938038758514,35.07608127529448,665.2143945256248
07:12:50,32.09932308025322,35.07639555000597,695.3701226059347
07:12:51,32.099234412618465,35.0767163581418,662.5597082134336
07:12:53,32.099141143342926,35.077079810622756,681.2305405745283
07:12:54,32.09904209295917,35.077393764019824,691.742577476427
07:12:55,32.098958900157136,35.07757434763838,681.1306610545143
07:12:56,32.098871893965125,35.07789466647358,724.5680310018361
07:12:57,32.0988004521945,35.078134021312536,645.8148441538215
07:12:58,32.09874480059966,35.078553798118385,692.9194207582623
07:12:59,32.09865543863924,35.07879195003919,628.3809352172539
07:13:01,32.09854991865443,35.079044435101714,725.9450072813779
07:13:02,32.09844081704315,35.079321255365834,752.7077187746763
07:13:03,32.09835535812428,35.079629627197086,660.1021433444694
07:13:04,32.098293690372564,35.080000100089286,705.0829560756683
07:13:05,32.098212829228736,35.08025120556142,694.4650490852073
07:13:06,32.098152131538164,35.08051712405365,685.928073214367
07:13:07,32.098076344616366,35.0807692966628,693.4953854549676
07:13:08,32.09800499137845,35.08102659578818,704.0318371327594
07:13:09,32.09793040736733,35.081266184879645,695.637372976169
07:13:10,32.09786259590538,35.08149534554479,713.5266300207004
07:13:11,32.097804768703035,35.08174263381691,745.752791389823
07:13:12,32.09772870441693,35.08203545863921,669.7580655412748
07:13:13,32.09765259609441,35.082388238962665,706.8519754521549
07:13:14,32.097577861166975,35.08268324773983,689.7507015708834
07:13:15,32.09750841723081,35.082989141611314,661.994782814756
07:13:16,32.097455682434706,35.08328201147565,644.0786681137979
07:13:17,32.0974069251395,35.08360067911313,639.0719024725258
07:13:18,32.097329405133074,35.0839788155039,468.40695900004357
07:13:19,32.0972332109954,35.0842428208012,692.038365107961
07:13:20,32.09712099229639,35.084415763700996,679.9540213812143
07:13:21,32.097034160400334,35.08456506640837,750.0341428928077
07:13:22,32.09694949486845,35.08481781974197,717.8673310317099
07:13:23,32.09686924571812,35.0850856233942,690.8057530131191
07:13:24,32.096778359851065,35.085381894535004,766.8709618924186
07:13:26,32.09666844473128,35.08573603508807,766.5160880321637
07:13:27,32.09656075738021,35.08613001196741,707.6718811951578
07:13:28,32.096478637674686,35.086455804723215,734.6514245821163
07:13:29,32.0964133075317,35.086703749664565,729.9408923555166
07:13:30,32.096342184267044,35.08698160130907,718.7398764491081
07:13:31,32.09625853561292,35.08733795239078,722.5165734644979
07:13:33,32.09617661142651,35.0876731094418,730.1356888627633
07:13:34,32.096106550064064,35.08803907951539,757.05598406028
07:13:35,32.09603655140568,35.0883133062015,731.2999354535714
07:13:36,32.09597847955765,35.0886203546865,764.0628936318681
07:13:37,32.09591711462918,35.08888392022504,751.852082866244
07:13:38,32.09587694372323,35.08922047581147,753.6904444945976
07:13:39,32.09583868723073,35.08953209999009,705.4985568625852
07:13:40,32.09578777606945,35.08983919240145,715.907718594186
07:13:41,32.09574724120433,35.09016739573922,723.029707734473
07:13:42,32.095715095955406,35.09044589682051,680.6637385217473
07:13:43,32.09571497533532,35.09079218881015,759.2654404630885
07:13:44,32.09571471930913,35.09103727107626,692.4912241566926
07:13:45,32.095714583903025,35.09142557174551,679.0234560994431
07:13:46,32.09571444849692,35.09183693479304,489.1043080165982
07:13:47,32.09573419117935,35.09235718255106,713.8953324100003
07:13:48,32.09575393386178,35.092824560482754,492.0638740872964
07:13:49,32.095773676544205,35.09319674454762,492.4385339729488
07:13:50,32.09575393386177,35.09350044414127,488.5939886746928
07:13:51,32.09573419117935,35.09369537242086,470.3340022750199
07:13:52,32.09570225477088,35.09391261818565,471.2887818645686
07:13:53,32.09568612596957,35.094006211757744,670.5337171591818
07:13:54,32.09566999716826,35.09420848349341,688.2296325396746
07:13:55,32.09566606209298,35.09441218653703,669.0260589420795
07:13:56,32.09566606209298,35.09472961310041,679.3002381175756
07:13:57,32.09566999716825,35.09502059402201,683.3691859524697
07:13:58,32.095737144485554,35.09551037034774,692.3979815272614
07:13:59,32.09580429180286,35.09602194870782,466.66802331153303
07:14:00,32.09587332305252,35.09658584279086,457.3496614517644
07:14:01,32.095881260942,35.096889249609426,476.1799924308434
07:14:02,32.095892290843175,35.097219667497676,477.942983831279
07:14:03,32.095897501736694,35.09749041732274,479.3918425794691
07:14:04,32.095904038993744,35.097859595750435,491.7120040440932
07:14:05,32.09592950714098,35.09814952334557,482.4743693107739
07:14:06,32.09595895345716,35.09846196657154,496.62769237626344
07:14:07,32.09598957616558,35.09874368191701,465.7391282133758
07:14:08,32.095998175972106,35.099071081259005,438.94214500300586
07:14:09,32.0960030958395,35.09938224455313,459.04718363657594
07:14:10,32.09600741366646,35.0997014233673,484.2006294094026
07:14:11,32.09601279611304,35.09992500619264,455.0869461018592
07:14:12,32.09601788032981,35.100170291813434,435.2907504281029
07:14:13,32.096030712832146,35.10053686994294,666.8687796602026
07:14:14,32.09604550091776,35.100947294479305,440.18546157795936
07:14:15,32.09606028900338,35.10136149975266,462.77270383015275
07:14:16,32.09606480732743,35.101627390754366,454.71656350325793
07:14:17,32.09606837731152,35.1019604703151,458.5945862820372
07:14:18,32.09607260834259,35.102260424454755,452.4188406979665
07:14:19,32.09607976669334,35.10256933927544,453.2884523989633
07:14:20,32.09609302674707,35.10284957470433,489.8105842554942
07:14:21,32.096107148410255,35.103177684380285,460.4845716971904
07:14:22,32.09612004534052,35.10346458979465,465.83879201859236
07:14:23,32.09612476870492,35.103769219057575,500.594563562423
07:14:24,32.09613144304675,35.10396291504489,456.90505251288414
07:14:25,32.09613669737845,35.104181864448414,524.8273575138301
07:14:26,32.09615143743897,35.10431624813956,536.2574619306251
07:14:27,32.09617169948334,35.10448399511064,531.272858094424
07:14:28,32.09621415192385,35.10475553293288,719.2126618837938
07:14:29,32.0962595490596,35.10523836887792,524.7657044120133
07:14:30,32.09630408219778,35.1056881440841,436.3827585913241
07:14:31,32.09633061677945,35.106064171956994,481.20719326660037
07:14:32,32.09635226166173,35.1062040054027,469.82054420374334
07:14:33,32.09637470735213,35.10636970287288,444.1689415490255
07:14:34,32.09641611105119,35.10649975869981,692.8774542948231
07:14:35,32.096471704291766,35.10679637344849,725.413790544495
07:14:36,32.0965491617134,35.10707978032574,525.7511097723618
07:14:37,32.09664375649856,35.10745537857426,447.6641790671274
07:14:38,32.096730809980386,35.10772078471499,724.3563106767833
07:14:39,32.09680136692853,35.10806147289117,549.6833448931575
07:14:40,32.09686101486278,35.10828428470635,533.8215178800747
07:14:41,32.09690956396083,35.108464540327944,537.2870996473357
07:14:42,32.09705733508657,35.10884091290268,677.820846952498
07:14:43,32.09717398464101,35.1092548633163,432.5797362141311
07:14:44,32.097335162185594,35.10969063945132,472.5136079657823
07:14:45,32.09741474102981,35.10993854642033,477.3621452078223
07:14:46,32.0975223472256,35.11011702123565,443.5268813678995
07:14:47,32.097587236075505,35.11031841177985,452.68499280512333
07:14:48,32.09764900575149,35.1105094453227,441.3923533204943
07:14:49,32.097765763396225,35.110771632616185,723.8172963727266
07:14:50,32.097900332860384,35.1110473632015,444.52837680466473
07:14:51,32.09802638553917,35.11122800202151,451.61152579728514
07:14:52,32.09808616893437,35.111391689450066,720.6231366954744
07:14:53,32.09815897036168,35.11146228064985,697.4724062792957
07:14:54,32.0983042841319,35.111683848963395,719.4329275209457
07:14:55,32.09845488577728,35.1120077460304,464.7150033265352
07:14:56,32.09863017334678,35.11233024080544,698.3635667441413
07:14:57,32.098737859097604,35.11257535687293,478.0849860906601
07:14:58,32.09883636380357,35.112698785651276,701.914821117185
07:14:59,32.09895374239279,35.112925684836334,715.5875075962394
07:15:00,32.099067016776715,35.113211533514374,495.3117943117395
07:15:01,32.099259455278265,35.113647346148845,717.0042927265167
07:15:02,32.0994155765699,35.114060398211194,475.6537106577307
07:15:03,32.099597320358534,35.114409479367815,471.07006762642413
07:15:04,32.09972287181248,35.11464784782474,473.97731671947986
07:15:05,32.099861182434715,35.114895097953784,485.9416462285444
07:15:06,32.09998164440209,35.115153319109844,487.2028793906793
07:15:07,32.10011489117135,35.11540636337906,476.15692010708153
07:15:08,32.1002293862854,35.11565699555746,488.74437898769975
07:15:09,32.10034934171049,35.11588460879981,484.3361978447065
07:15:10,32.10048129105134,35.11613856247765,491.5870465748012
07:15:11,32.100610734758675,35.116372569374725,466.1132886512205
07:15:12,32.10074932084368,35.116612299661476,482.75512097775936
07:15:13,32.10085393013326,35.11683258605857,485.8738489430398
07:15:14,32.1009942235351,35.11706635588323,485.43012614455074
07:15:15,32.101110909342104,35.11734157937876,479.35232230462134
07:15:16,32.10126283179448,35.11758642065697,475.85700754635036
07:15:17,32.10138027121507,35.117773574127575,474.1964104678482
07:15:18,32.101482742578604,35.11789917585113,479.0618779528886
07:15:19,32.10154877287271,35.117986691668705,480.27130129840225
07:15:20,32.10160397642074,35.11813684738475,711.4155456665903
07:15:21,32.10174747481137,35.118454261494755,738.8975210553035
07:15:22,32.10190854643103,35.11884946330532,488.8190648024902
07:15:23,32.102091297838065,35.11921990184708,485.71916368883103
07:15:24,32.1022298505039,35.11943112585083,496.04445307981223
07:15:25,32.102359015642016,35.119676537095835,476.6511355722323
07:15:26,32.10248263903368,35.11991059677904,468.00720695592463
07:15:27,32.10258826764309,35.12018866699836,484.5230305790901
07:15:28,32.102692312293016,35.120400069643935,462.6465805368498
07:15:29,32.10283145999583,35.12062726472673,461.07256705500185
07:15:30,32.10295029301366,35.12085688793189,479.68530546687543
07:15:31,32.10308268373252,35.12109929291276,461.8025908768177
07:15:32,32.10318807496676,35.121356159062856,472.3589057615027
07:15:33,32.10330538411799,35.12157937841021,467.8285736255348
07:15:34,32.103425538212925,35.12179088165811,479.27474006451666
07:15:35,32.103539718274696,35.122005633311375,504.1793952602893
07:15:36,32.103687814227726,35.12222828695156,504.15660645533353
07:15:37,32.10381410959181,35.12248871964544,482.34380547888577
07:15:38,32.10394854633245,35.12273195881945,464.4143674708903
07:15:39,32.10406816689908,35.12297818807583,495.3620623163879
07:15:40,32.10421028432943,35.12321059188316,497.4496696861461
07:15:41,32.10431648633327,35.123438323883704,494.5739299375564
07:15:42,32.10442984755573,35.12367275552945,491.9286050628871
07:15:43,32.104527732462344,35.123917091440084,480.1699335426092
07:15:44,32.1046624866406,35.12418069925722,481.9054236402735
07:15:45,32.104804951581116,35.12442619112023,478.8654528465122
07:15:46,32.104957600917025,35.12465818463114,483.03740549460053
07:15:47,32.10510224826678,35.12489153076201,483.79684215504676
07:15:48,32.10524528466765,35.1251341353618,474.4546750979498
07:15:49,32.105401599453025,35.1253552333562,478.436947687529
07:15:50,32.10556001691302,35.12557057496901,490.4129131762311
07:15:51,32.10568782690569,35.12579222409417,483.3063627118245
07:15:52,32.105825438017995,35.12600638874514,465.3845999734476
07:15:53,32.10595758136991,35.126226385904154,492.30664017703384
07:15:54,32.10611666902026,35.126439356311415,481.79817678406835
07:15:55,32.106261721670855,35.12667024471389,497.8542130701244
07:15:56,32.10638883963433,35.12690220373369,505.05569808371365
07:15:57,32.1065463782468,35.12709345133524,475.05052306875587
07:15:58,32.10667244197737,35.12728229590141,509.4936236953363
07:15:59,32.10681487298117,35.12745618153776,500.08232604991645
07:16:00,32.106958067866415,35.12766181732726,503.65623498056084
07:16:01,32.10709143435762,35.12788216231184,527.7258091829717
07:16:02,32.10722992766819,35.128111754067575,489.05286742094904
07:16:03,32.107335587844204,35.12831823077317,486.0042198142037
07:16:04,32.107488690325674,35.12852233689057,497.93615765776485
07:16:05,32.107629899684184,35.12873215175861,497.89938309509307
07:16:06,32.10776227346494,35.128967617440445,504.39604575932026
07:16:07,32.10787620976097,35.12918328543389,490.14280453231186
07:16:08,32.10802200016113,35.12939058776987,482.6532935258001
07:16:09,32.10816643799124,35.129614378237115,506.0322804497555
07:16:10,32.10830670113419,35.129848126799665,488.8947056289762
07:16:11,32.10841642465085,35.130074149913646,502.279567675665
07:16:12,32.10855951852185,35.13029205481097,527.2702107299119
07:16:13,32.10868733738532,35.130535050048266,523.0410903748125
07:16:14,32.10882263026309,35.130793679974076,514.1345930574462
07:16:15,32.1089128948014,35.131047302721136,501.4461160330102
07:16:16,32.10902468786019,35.131289506613335,505.08366402145475
07:16:17,32.10912435216901,35.13152890304742,498.42269034683704
07:16:18,32.109246985874144,35.13177088154197,511.99898333568126
07:16:19,32.10935370884253,35.13201718719213,502.2005518563092
07:16:20,32.10948003003734,35.13227220870437,507.75805852748454
07:16:21,32.10959931986586,35.13251868567074,501.5213126251474
07:16:22,32.10971078758834,35.13276678479784,514.5129073616117
07:16:23,32.10981241205716,35.133008498326404,510.9380770837888
07:16:24,32.109901343674345,35.13328322462522,509.3321913778782
07:16:25,32.110023810551944,35.13352638108497,503.14173510856926
07:16:26,32.11013600453446,35.13378637061501,508.69180682953447
07:16:27,32.110269819755636,35.13402539518354,502.4355197548866
07:16:28,32.110399346656855,35.13427528866128,508.90599424857646
07:16:29,32.11051581379314,35.13452665090074,518.7930940100923
07:16:30,32.11061422007034,35.13477291049151,512.7749656150118
07:16:31,32.11071012056508,35.13504385938885,510.08443018607795
07:16:32,32.11082863209224,35.135287501732655,509.022084611468
07:16:33,32.110961442212016,35.13552727084089,510.1697665024549
07:16:34,32.11107258719052,35.135772316446,528.3216878976673
07:16:35,32.11118470761281,35.13600573708374,517.1824970915914
07:16:36,32.11127228985637,35.136256114286375,513.1125754285604
07:16:37,32.111367200092495,35.13648311949318,518.5482885027304
07:16:38,32.11148077661866,35.13671691663758,510.6353501137346
07:16:39,32.11160084743123,35.13694019896938,530.1002968316898
07:16:40,32.111714170383436,35.1371685560456,517.1610668627545
07:16:41,32.11180682006171,35.137395987280065,513.1491076163948
07:16:42,32.11191318199297,35.13760911558444,517.9721631687135
07:16:43,32.11200876707574,35.1378312361628,523.7501429766417
07:16:44,32.11211080341182,35.13805590081302,514.9346937658265
07:16:45,32.112174713305436,35.138275896986364,507.68915107659996
07:16:46,32.11224880488408,35.13846006105481,516.8442126335576
07:16:47,32.11230368826445,35.13863947658617,560.3357692863792
07:16:48,32.11236868059228,35.13877947353328,522.7135329050943
07:16:49,32.11241742467894,35.13890920347907,549.0749501753598
07:16:50,32.11246422460625,35.1390730320469,515.2313765138388
07:16:51,32.11249997340033,35.13922157317747,574.6791511904448
07:16:52,32.112542574051595,35.13935145440848,814.9000364122912
07:16:53,32.1125647364406,35.139426382037904,548.5840383609757
07:16:54,32.112590554891476,35.13953041808788,505.1049280818552
07:16:55,32.11260844622128,35.13964797384674,837.6525458060205
07:16:56,32.11264986913713,35.13983504194275,819.8804387366399
07:16:57,32.11272472834749,35.14013074743837,833.4788849921897
07:16:58,32.112798713322285,35.14043689060262,571.4112753849477
07:16:59,32.11284794512704,35.140655534794725,535.7053968114778
07:17:00,32.112856359471856,35.14074736344221,553.8294584993273
07:17:01,32.11286074861447,35.14080650226192,544.4156624991447
07:17:02,32.11286652592771,35.14084633486138,551.7560567324981
07:17:03,32.1128729570278,35.140871691857576,531.9532337617129
07:17:04,32.11287758983968,35.14089108793664,553.0765852946788
07:17:05,32.11288002244204,35.140908150708896,568.0949249137193
07:17:06,32.112881253385304,35.14093140598434,563.2371274484321
07:17:07,32.11288370255747,35.14094526733505,549.8690409017727
07:17:08,32.11288882652145,35.14095474435336,562.6686929883435
07:17:09,32.11289271954217,35.14095869664099,541.7641249950975
07:17:10,32.11289701352137,35.14098132531717,552.7742618108168
07:17:11,32.11290497723926,35.14101646205114,537.2330113137141
07:17:12,32.11291506278523,35.14105953842054,538.9118629116565
07:17:13,32.11292736112975,35.1410946247865,556.4784511337057
07:17:14,32.11293361456137,35.141155258457445,569.3861145880073
07:17:15,32.11294056217344,35.14123918201053,546.2093987092376
07:17:16,32.1129462867537,35.14135223192469,553.7918721344322
07:17:17,32.112951925497384,35.14144893498947,545.3413308188319
07:17:18,32.11295474823254,35.14155198126179,553.2105340696871
07:17:19,32.11295474823254,35.14167346168292,560.1096376804635
07:17:20,32.11295453445149,35.14183144623828,543.4340709885582
07:17:21,32.11295453445149,35.14196407034868,542.589068424888
07:17:22,32.11295192549739,35.142208548194084,576.0047658607364
07:17:23,32.11295213927844,35.142487863342616,570.6477232947946
07:17:24,32.1129507621761,35.14276360225603,538.684864519164
07:17:25,32.112952207808895,35.142958338054086,518.670622901991
07:17:26,32.11295083070656,35.14308732843997,531.6849840488285
07:17:27,32.11295404460651,35.14324542434471,530.299927209504
07:17:28,32.112963530981204,35.14336266753882,560.6815807987005
07:17:29,32.11297301735589,35.143460962741166,575.2643772158772
07:17:30,32.112973017355884,35.14360434133977,552.1081788009033
07:17:31,32.112966744881156,35.14376355047316,541.9701330335811
07:17:32,32.11295764410918,35.143914542228316,558.5181379588321
07:17:33,32.11295481581194,35.144101561711004,561.8407592996955
07:17:34,32.112949320036755,35.14429323733907,560.3623013244942
07:17:35,32.11294248851536,35.14455036298087,561.2638384597376
07:17:36,32.11293244115178,35.14473053335332,564.7429692959413
07:17:37,32.112916363001794,35.144933124438005,579.6036146450788
07:17:38,32.11290336860151,35.145154931808484,558.8796789189801
07:17:39,32.11288536877948,35.14542616880496,544.7899259887636
07:17:40,32.11287184122376,35.14563712999757,582.1004433864728
07:17:41,32.11284036633454,35.145891021437905,569.5123656978831
07:17:42,32.1128093892008,35.14612129132197,574.693155746907
07:17:43,32.11277806396243,35.14642664185809,575.1452070986852
07:17:44,32.1127624170822,35.146665281632835,572.9234759323299
07:17:45,32.1127520103505,35.146898448422974,573.9591975267977
07:17:46,32.11274361287476,35.1471460172203,596.1087820185348
07:17:47,32.11273021919033,35.147395046350994,545.6251944517717
07:17:48,32.1127186657591,35.147667611996184,565.6899587400258
07:17:49,32.11270804402488,35.14791921636412,571.0393104497343
07:17:50,32.11269924862317,35.14817490461905,569.8016751306131
07:17:51,32.112677827047214,35.14842308613648,585.380731142126
07:17:52,32.11264847989665,35.14864949415881,562.0982666900381
07:17:53,32.11262500943998,35.14894272668129,582.9623550409451
07:17:54,32.11261008697583,35.149258790666636,569.068982405588
07:17:55,32.11260472323598,35.14956557458962,579.1482963915914
07:17:56,32.11259668524033,35.14981695205832,580.4018361708149
07:17:57,32.11259113852318,35.149973519513416,569.0033355653286
07:17:58,32.11258492400209,35.15013970472407,600.3469896093011
07:17:59,32.11258202618822,35.15034834913414,568.0446189222857
07:18:00,32.11258135838429,35.15069849267806,848.2015179339796
07:18:01,32.11257856955498,35.15106104576521,598.5229198727757
07:18:02,32.11257856955498,35.15141885506686,589.6772874230519
07:18:03,32.11257856955498,35.15169193788744,569.5907823899761
07:18:04,32.11258135838429,35.151982406478766,599.4790125899017
07:18:05,32.112583406828406,35.152235057326784,579.3836246700957
07:18:06,32.112590165478764,35.15251158890812,607.024807471782
07:18:07,32.11260511276116,35.15277488891952,591.7257275395095
07:18:08,32.11261952672618,35.15298627186052,569.2233251258731
07:18:09,32.11263594807991,35.15325874091644,684.2482904233038
07:18:10,32.1126444337053,35.15350080090152,592.438046480529
07:18:11,32.11265292811766,35.15382843251947,619.2446412993595
07:18:12,32.112654704935075,35.154104515286626,589.2353183142841
07:18:13,32.11265945006421,35.154378659096054,597.7189028598368
07:18:14,32.112662671279615,35.15467317797836,600.9175578318536
07:18:15,32.11266589249502,35.154914261432964,594.062838120386
07:18:16,32.11266589249502,35.15523666545315,586.066357653588
07:18:17,32.11266505365652,35.155486373728,578.9676610790193
07:18:18,32.11266421481803,35.155699561156126,598.6453153239563
07:18:19,32.11266337597953,35.155899004693325,686.8299217419699
07:18:20,32.11265907553724,35.156076248888105,611.3505346830934
07:18:21,32.11265477509496,35.15635407087502,702.1100691389292
07:18:22,32.11264661233965,35.156530220946735,697.792239700444
07:18:23,32.11264661233965,35.156839979492354,711.090444563888
07:18:24,32.112642750026644,35.15707889646385,610.0074816541746
07:18:25,32.11263886942067,35.15732818687267,718.7403708584607
07:18:26,32.11263294728118,35.15755990422782,848.6742235245183
07:18:27,32.1126308874547,35.157833123109754,714.3521679406986
07:18:28,32.11263088745469,35.15809293182805,716.9855762999505
07:18:29,32.112628395186086,35.158501869961135,584.6590059632435
07:18:30,32.1126265744066,35.158881111125844,881.9245424317196
07:18:32,32.112628395186086,35.15926557603593,818.3600585721433
07:18:34,32.1126308874547,35.15956036197049,888.9258797299117
07:18:35,32.112635415269246,35.159972890094956,583.9529772046953
07:18:36,32.11264013478794,35.16044237344706,847.6936622168869
07:18:37,32.11264934207689,35.16085387775254,725.2555838292465
07:18:38,32.11268136609872,35.16122940569422,841.244175074622
07:18:39,32.11271399849836,35.16174416262046,480.1306656822562
07:18:40,32.112742982194284,35.162129480336226,637.9114627512172
07:18:41,32.11275645370006,35.16245090040366,781.5679561384022
07:18:42,32.11279056540497,35.16259058680125,616.0784443775192
07:18:43,32.11282489648232,35.1627766463273,603.0241671307012
07:18:44,32.112849705782196,35.16296367002325,654.9076251396909
07:18:45,32.1128516005754,35.16316242340661,643.9305375758559
07:18:46,32.112852436929614,35.16334683302188,630.3090610522777
07:18:47,32.112859548091734,35.16353114559177,642.3825910501182
07:18:48,32.11288528008467,35.16370788898769,618.43235322088
07:18:49,32.11291101207761,35.163885831767004,654.4595069661736
07:18:50,32.11292997946235,35.164078004318775,653.0687658591196
07:18:51,32.11292997946235,35.164230654137704,621.771354958415
07:18:52,32.112926381886844,35.16446353506681,645.3146292325109
07:18:53,32.11292278431134,35.16465318054689,635.3127906117588
07:18:54,32.11291918673583,35.1649408359498,648.0976630365476
07:18:55,32.11291918673583,35.16514297089848,634.8469927702099
07:18:56,32.11291834739282,35.16530620814104,610.1468161698431
07:18:57,32.112916177819244,35.1653797614074,635.7221601773053
07:18:58,32.11291400824567,35.16544733619478,645.8683235999197
07:18:59,32.11291267801509,35.165547605249195,657.7779573593289
07:19:00,32.112907884047075,35.165640167730025,645.2608513385057
07:19:01,32.11289434436083,35.165694723672,628.0102450624108
07:19:02,32.11286354278471,35.1657385143289,642.277987155132
07:19:03,32.11281298022276,35.16577934023132,634.1246084114537
07:19:04,32.11273527874715,35.165809866622986,645.2096802545711
07:19:05,32.11266528952053,35.16583760287986,683.3764936756343
07:19:06,32.11259910269812,35.165862618369836,629.5722591802478
07:19:07,32.11255950348957,35.16590336951551,632.884107677266
07:19:08,32.1124990880121,35.16594437687971,650.676696642302
07:19:09,32.112428141306985,35.1659902115892,648.0842528901994
07:19:10,32.11235473191824,35.16606444414628,626.3733531627804
07:19:11,32.11230776514406,35.16613434395338,623.1956542069092
07:19:12,32.11226681117017,35.16622158215379,627.7069436535239
07:19:13,32.1122342735087,35.16626571490463,630.3232457656413
07:19:14,32.112190829022104,35.16630381002006,641.0680456217378
07:19:15,32.112138515064224,35.16631520305534,636.8930007256567
07:19:16,32.11207273563735,35.16632457084065,631.7871061274782
07:19:17,32.11199427958713,35.16632457084065,619.1831381199881
07:19:18,32.11192027693889,35.166333015590396,645.0160842919722
07:19:19,32.11182872190009,35.16635524021557,625.572399802506
07:19:20,32.11174256308822,35.166381449910965,629.4399678008631
07:19:21,32.11164219655672,35.166381449910965,638.8643439840525
07:19:22,32.11150892051804,35.166367670035534,628.050775106065
07:19:23,32.1113315792365,35.166401797085,647.7974145868793
07:19:24,32.11117751157456,35.16645368908012,612.1883233580738
07:19:25,32.11108057964534,35.16650558107523,592.3771371422336
07:19:26,32.1109611110875,35.16650558107523,613.4004232697189
07:19:27,32.110810275723516,35.166459503290504,636.3084112657234
07:19:28,32.11063337687522,35.16639687966756,595.5061661722139
07:19:29,32.11049026651427,35.166216099928626,623.5026836106554
07:19:30,32.110386757206165,35.16606062685435,620.3191856099293
07:19:31,32.11027378464963,35.16585574726538,631.8594296602532
07:19:32,32.11016481605444,35.16576132309004,634.5185652980581
07:19:33,32.110017593681,35.165682569992285,634.8391140187159
07:19:34,32.10985367546802,35.165650336308886,616.5676567004994
07:19:35,32.10968723720284,35.16560305221548,613.0147488163784
07:19:36,32.10953171561038,35.1655434078211,657.6850390154868
07:19:37,32.10938595018345,35.16550319636528,644.6827693358064
07:19:38,32.10927766250726,35.16548573602184,657.8546251617372
07:19:39,32.10913964079373,35.16548573602184,643.6332908160985
07:19:40,32.109030046002765,35.16550319636528,604.644927768968
07:19:41,32.108843131945356,35.165520656708715,639.1155579248443
07:19:42,32.1086662785639,35.16554763816011,620.0793603826314
07:19:43,32.10847978577684,35.16557272936581,619.7506279228255
07:19:44,32.108352724776914,35.16559782057151,626.2018238855526
07:19:45,32.10827561326881,35.16561339066925,613.6269736401737
07:19:46,32.10813694121165,35.16559782057151,624.8004743326455
07:19:47,32.10799335986959,35.165541756260836,607.7458397941664
07:19:48,32.10780943272831,35.16546140990019,630.0718009676784
07:19:49,32.10766489711611,35.16539615047281,616.6538290511817
07:19:50,32.10752367355848,35.16537138525836,600.790135178715
07:19:51,32.10741190846942,35.165348274181106,614.4214389007539
07:19:52,32.10727550139604,35.16530195123401,583.8104265742004
07:19:53,32.10713227038769,35.16522593159652,619.4913738891482
07:19:54,32.107000926152246,35.16516689389443,580.1229974646121
07:19:55,32.106913142751885,35.16506783045529,625.939123602584
07:19:56,32.10686115475017,35.16492989198776,600.5778462579474
07:19:57,32.106798279030414,35.1647975994976,616.5217179069296
07:19:58,32.106729297870004,35.164729027778804,622.563912756741
07:19:59,32.106650562897435,35.16470864400768,594.1185798021033
07:20:00,32.10655029492062,35.16466836706265,633.4175941636786
07:20:01,32.10646955467247,35.16464798329154,595.1291312407702
07:20:02,32.106390264121536,35.16464798329153,589.0781629998237
07:20:03,32.10634971408021,35.16466787646545,608.5369123751298
07:20:04,32.10631840618427,35.16467250965863,650.6739551723003
07:20:05,32.1062887444445,35.164678240814645,632.6141142304987
07:20:06,32.10624675331666,35.16468397197065,633.0876085497439
07:20:07,32.10620355693083,35.16468506993349,645.4856316987425
07:20:08,32.10617277328973,35.16470364115481,613.8727598879486
07:20:09,32.10613000552323,35.164740878709374,637.4282614421099
07:20:10,32.10607932334861,35.16477811626395,623.0554214576259
07:20:11,32.10600575429152,35.164801103135865,641.3667308641598
07:20:12,32.1059194405889,35.164810377576124,640.3470939081162
07:20:13,32.10582066000858,35.164821970817194,643.1161245759577
07:20:14,32.10569536099266,35.164839127679926,630.5370666962117
07:20:15,32.1055693994982,35.164904028346946,862.2428241390735
07:20:16,32.105473564376275,35.164982087169015,611.1592007288709
07:20:17,32.10535346920174,35.165072957876966,602.8452897015959
07:20:18,32.10521138044957,35.16514654287031,595.155458919704
07:20:19,32.10501927989643,35.16525663595714,580.1660458417609
07:20:20,32.104878200791084,35.16534403299776,559.9289073981345
07:20:21,32.104788629499865,35.16542924588221,537.3539436673746
07:20:22,32.10472560722237,35.165485739097356,612.6155219785869
07:20:23,32.10466362462353,35.16558735723542,599.1462629847229
07:20:24,32.10451993375346,35.165688084509036,613.2926531080157
07:20:25,32.10440072526239,35.16587011872212,860.578729766421
07:20:26,32.10428763685783,35.16603180332614,619.3078481703997
07:20:27,32.10423604663163,35.166218001391265,629.4943513320759
07:20:28,32.104152994098335,35.16639268638637,622.3681111279875
07:20:29,32.10406006373258,35.16656553945054,607.2708467496559
07:20:30,32.103965425221595,35.16675579898398,634.9964562030509
07:20:31,32.10388104806572,35.16692852006112,609.0757168689743
07:20:32,32.10379170285497,35.167140612026785,617.401584119536
07:20:33,32.10369519874721,35.167343076691076,616.4671410173178
07:20:34,32.103622064394784,35.16752887822306,615.2398454668
07:20:35,32.10355763025378,35.16772590216887,618.503062531352
07:20:36,32.10348978790598,35.167931893952634,624.3017781460658
07:20:37,32.1034208817912,35.16814927408358,600.6628361316398
07:20:38,32.10336984334568,35.16835004073459,591.6213811310008
07:20:39,32.103349021664975,35.168548745971584,634.7015509866178
07:20:40,32.10332859012271,35.16875014695817,626.9311367375776
07:20:41,32.10331264144586,35.168965338095234,625.3460195446387
07:20:42,32.103300992907975,35.16916505659384,642.5675665028393
07:20:43,32.10328663931291,35.16933210734049,623.394700168632
07:20:44,32.10327228571786,35.169531381137936,594.6763356784359
07:20:45,32.10326623560708,35.16972804885218,833.7772531947121
07:20:46,32.103277913070905,35.16997585791447,612.3940624510869
07:20:47,32.103277913070905,35.17018322811531,619.994774736464
07:20:48,32.103289590534736,35.170429013692086,861.8821725677699
07:20:49,32.10329939200033,35.170612248103076,659.6648343671113
07:20:50,32.103330500181706,35.17086911832761,591.9052974451333
07:20:51,32.10338691801841,35.17106893011803,654.3840404693037
07:20:52,32.10346137235329,35.17141840054615,975.7409592308104
07:20:53,32.10354112415806,35.17169740003941,620.269066571258
07:20:54,32.103604296972236,35.1719943899802,644.9633175153285
07:20:55,32.103678858882915,35.17221834468086,657.9027695059776
07:20:56,32.1037654371594,35.17244797238976,612.0947495857254
07:20:57,32.10385245444204,35.1726891591533,630.1196605134755
07:20:58,32.103940898090414,35.17287845185465,640.4008930856362
07:20:59,32.104012939386294,35.173052442011475,646.6331831840798
07:21:00,32.104120625759016,35.17321786889824,656.4895095080137
07:21:01,32.104205433081496,35.17342596864868,657.0683941394091
07:21:02,32.1042986003304,35.173614245458424,639.9234200846404
07:21:03,32.10435937920821,35.17382100493041,655.3738556262106
07:21:04,32.10443175427235,35.1739825622322,637.1557794818655
07:21:05,32.10452032035391,35.17414176903035,635.4374066367745
07:21:06,32.104595048214584,35.17427033383523,645.2743894634768
07:21:07,32.104641568170884,35.17438172413748,643.365602071397
07:21:08,32.10465452337653,35.17450705824939,662.4397413386032
07:21:09,32.10466987898631,35.17460243318184,632.919031505473
07:21:10,32.10468481939884,35.17468581192889,633.7934123016894
07:21:11,32.104701340875295,35.17477717657939,667.2664156826213
07:21:12,32.10472628484608,35.1748856723451,626.8335991380736
07:21:13,32.10478814237851,35.17499535978427,628.838618976064
07:21:14,32.10486342958617,35.17505442584539,661.4587239148095
07:21:15,32.10492616002848,35.17510081173336,651.0846454938874
07:21:16,32.104966448921196,35.17515742365217,635.8594805570319
07:21:17,32.10499598651598,35.175219820557494,630.8886607671157
07:21:18,32.10501819660191,35.1753180076198,677.2513460842893
07:21:19,32.105066051327725,35.175412700702005,637.1489181574434
07:21:20,32.105120514913374,35.17555155797978,636.4999696062878
07:21:21,32.105174861572124,35.17565751318974,650.429653394036
07:21:22,32.10519921049786,35.17581322816219,666.2343211406842
07:21:23,32.105228241312325,35.175920548946685,599.3125816620886
07:21:24,32.10527714588267,35.17607499550793,629.8567753434181
07:21:25,32.10531843960488,35.176236895992055,639.3725361637771
07:21:26,32.105368120563845,35.176428635023356,662.7127394806594
07:21:27,32.1054340258924,35.17656093107221,655.7710808683187
07:21:28,32.10554325061985,35.176629204276075,654.4863832276314
07:21:29,32.10564286914266,35.17673143680094,680.1640166211873
07:21:30,32.105722228110544,35.17685389557935,653.9802212826908
07:21:31,32.10577682885764,35.17704327462588,674.1323756352067
07:21:32,32.10584216576279,35.177201527301186,656.7539257574826
07:21:33,32.10589057678049,35.17734429749941,653.4061571471393
07:21:34,32.10593366241457,35.177412859000945,679.5233515826985
07:21:35,32.10596004935787,35.1774816423986,697.8105560615659
07:21:36,32.10598918598645,35.17762751573871,649.1701631350443
07:21:37,32.10600766157574,35.1777578090423,692.2557985279709
07:21:38,32.10601805764705,35.177974996423835,907.3335314020514
07:21:39,32.10602886396813,35.17813755457238,681.367359412834
07:21:40,32.10603384000275,35.178305925418606,680.4917832892388
07:21:41,32.10603699993781,35.17839921033296,702.0892988406122
07:21:42,32.10603699993781,35.17848577311464,698.8490699222311
07:21:43,32.10603664104496,35.17858566298021,704.9099405808374
07:21:44,32.10603166501033,35.178703918451895,736.0615102313459
07:21:45,32.106021894220845,35.17880829520765,700.7202030103654
07:21:46,32.10601139155779,35.17891347719626,716.7264388399199
07:21:47,32.106000913175414,35.179027057026104,745.8829992376268
07:21:48,32.10598621558905,35.17917511781019,714.1229077503085
07:21:49,32.10596563400458,35.17932605359178,702.809273429215
07:21:50,32.10594571615791,35.17943280113269,720.1849063793197
07:21:51,32.105921428485445,35.179508435373634,699.757430255413
07:21:52,32.10590371288841,35.17958161789993,695.5174456108361
07:21:53,32.105879573697216,35.1796673551495,707.2340064719319
07:21:54,32.10586881829062,35.17975355340508,685.7143455957994
07:21:55,32.105858465573114,35.17983448287469,673.4544840203598
07:21:56,32.105858465573114,35.17988516505258,685.4726333813742
07:21:57,32.1058564594777,35.17992795975387,712.3502020230517
07:21:58,32.10584986057143,35.179968988005875,732.1063097659498
07:21:59,32.105843261665164,35.18001395125783,729.3422938501462
07:22:00,32.10583866885431,35.18008712056852,727.788646524772
07:22:01,32.10583866885431,35.18016069130228,704.9952759258449
07:22:02,32.105833203218715,35.18026323670579,707.1686823451892
07:22:03,32.10582140105632,35.180360569071304,686.8966410970315
07:22:04,32.105809598893906,35.18046262360736,702.3502868935466
07:22:05,32.10580326236709,35.18052423171205,723.4933016132563
07:22:06,32.10580268542964,35.180599501710105,711.224182818085
07:22:07,32.10579661527166,35.18066213268049,702.5187818091363
07:22:08,32.10579054511367,35.18074565013125,702.8441667333245
07:22:09,32.10578505189314,35.180804416063985,681.9554497385398
07:22:10,32.10578505189314,35.18089516366283,683.0026066498831
07:22:11,32.10578915280754,35.180996346731774,693.8132692594081
07:22:12,32.10579350061449,35.18110715376903,705.086518144235
07:22:13,32.105797601528884,35.18121998034895,707.6368011543527
07:22:14,32.10579680119795,35.18129499722388,701.7576993890107
07:22:15,32.10579655430538,35.18138175629023,739.7247957047075
07:22:16,32.10579680119795,35.18143639330398,748.2700259070843
07:22:17,32.105797848421446,35.18153829566288,728.9089435720816
07:22:18,32.10580064173812,35.1816143540687,746.312622686848
07:22:19,32.10582186030248,35.18180711740863,873.6104331798851
07:22:20,32.10584436252244,35.18203724186403,729.6913185780868
07:22:21,32.10586932847854,35.18228071071619,689.975033601746
07:22:22,32.105889730904984,35.18242820795245,710.428137849085
07:22:23,32.10591292893829,35.182532853848755,729.8956264834851
07:22:24,32.105954617687225,35.18265618531728,741.908809363842
07:22:25,32.10598478865425,35.18277269072372,726.0276808142662
07:22:26,32.106029659155766,35.18295662063184,761.6259782267734
07:22:27,32.10607580690934,35.18317775337261,732.2377674337476
07:22:28,32.1061408672571,35.18339267168033,679.7341804364696
07:22:29,32.10619637300459,35.18353796329512,732.5382388532162
07:22:30,32.106234222611576,35.18361662960916,710.0546793518588
07:22:31,32.106283284362505,35.183720981569365,741.042629417032
07:22:32,32.106324409991,35.183785327607865,805.3252551006153
07:22:33,32.106402177222556,35.18397149924178,730.367384089157
07:22:34,32.1064501446069,35.18424727236239,1050.2624764675274
07:22:35,32.106533514420214,35.18458878633742,703.6409966303036
07:22:36,32.10659335200844,35.18484680426247,711.799281232059
07:22:37,32.10666623557419,35.185036416960024,713.5610888069496
07:22:38,32.10670820271341,35.18522002205415,705.4804512485862
07:22:39,32.10673266773173,35.185399624292096,726.7099500829354
07:22:40,32.1067411710529,35.185534472067545,685.3158671176061
07:22:41,32.10674409833422,35.185661370009086,715.6337112430483
07:22:42,32.106748616657725,35.18579272126456,708.9745262013748
07:22:43,32.10675520910357,35.1859084644592,773.9171080198139
07:22:44,32.10678109084508,35.186031095587936,1017.6178029794246
07:22:45,32.106811165684285,35.18610011720687,858.4237348260358
07:22:46,32.10683916640115,35.186376264313246,939.7332342257723
07:22:47,32.10687237991681,35.18664845664053,736.599666220136
07:22:48,32.10690400894419,35.18694783197757,730.9024137072265
07:22:49,32.10693563797157,35.18710333175357,732.309536064975
07:22:50,32.10694256686765,35.1872375807615,770.8319206768647
07:22:51,32.10694256686765,35.18749182568018,971.8983279205859
07:22:52,32.106922167652115,35.18770243064517,746.0758357485756
07:22:53,32.106887052801945,35.187937283807344,740.8195796068758
07:22:54,32.10685193795178,35.18807687931851,758.8517118822783
07:22:55,32.1068449408892,35.18823271542436,731.142888693139
07:22:56,32.10685265946124,35.1883399563743,719.0144265061244
07:22:57,32.10686037803329,35.18841501674115,746.6647193739191
07:22:58,32.10686722638766,35.188470083706235,733.9924760265276
07:22:59,32.10686722638766,35.1885141823847,750.2001874297857
07:23:00,32.10686722638766,35.18856285118617,717.0426005395129
07:23:01,32.10686037803329,35.188606938899994,770.0203333441168
07:23:02,32.10686037803329,35.18872877595762,726.3076380221173
07:23:03,32.10685300958503,35.188849046803654,736.5687053035945
07:23:04,32.10683340218222,35.188963926740065,1125.4460818963125
07:23:05,32.10678881829593,35.18905350694002,791.6852481905371
07:23:06,32.106699890179364,35.18916590267211,740.7133544012904
07:23:07,32.106614216348795,35.18933715299569,985.405130630359
07:23:08,32.10655351900173,35.189503946309586,701.5547597920522
07:23:09,32.10652834486384,35.18962995675772,985.5910680918023
07:23:10,32.106506603442824,35.189769551968745,950.4755713911727
07:23:11,32.106481364984226,35.189977544294116,982.2533514667302
07:23:12,32.106454879711045,35.19020293649641,715.3337876237929
07:23:13,32.106421997626484,35.19042922177034,990.8085776353255
07:23:14,32.106391506563796,35.19059758474162,958.9568684017286
07:23:15,32.106356949032886,35.19074651549513,741.2398208640516
07:23:16,32.10632835960286,35.19097946374101,1245.8221653262153
07:23:17,32.106299714598066,35.191361242890885,1252.1421016501263
07:23:18,32.106281054249415,35.19181473157714,728.7862857002765
07:23:19,32.10623927057734,35.19214672536057,745.5823782533407
07:23:20,32.106198648495734,35.19235458768242,728.3038275549188
07:23:21,32.106169544510145,35.19257727022025,730.2765574427322
07:23:22,32.1061665923543,35.19279850478939,728.4105636226013
07:23:23,32.106156872532615,35.192972353456476,738.3681133184582
07:23:24,32.10611973572947,35.19312878059299,753.7240341631696
07:23:25,32.106080750073836,35.19330513038742,733.8911264473572
07:23:26,32.10602891915851,35.19351768830118,717.4924390185624
07:23:27,32.10598057184894,35.1937360731363,716.6392302988097
07:23:28,32.10591228869214,35.193925654591844,726.5151310991496
07:23:29,32.10581066280207,35.19417459789881,729.3933525541797
07:23:30,32.10572339078363,35.19439605580513,726.5464081969112
07:23:31,32.105645467824516,35.19460395249913,731.301156998612
07:23:32,32.105570246827234,35.19476271280748,720.7401520386338
07:23:33,32.10547290793064,35.19489303548861,729.770690719597
07:23:34,32.10533176303303,35.195207528153496,705.2493036882952
07:23:36,32.10523850265765,35.19551952930272,753.9049145272002
07:23:37,32.10514562763452,35.195884965512036,691.9309596512467
07:23:38,32.10500571985699,35.19604633283887,480.5780179705471
07:23:40,32.10485330864257,35.19624266578432,1119.9417988238856
07:23:43,32.10467856051196,35.19635735442208,682.7116155214608
07:23:44,32.104594632991386,35.19640679462078,528.2170699406415
07:23:45,32.10451715695614,35.196341546181706,932.8157457187772
07:23:46,32.104493329888236,35.19633269644475,974.6171213043854
07:23:47,32.104488972105095,35.196389095146856,745.3132891962305
07:23:48,32.10449303544822,35.19644549384897,989.9250455191359
07:23:49,32.10449303544822,35.19658474592445,990.6482982570305
07:23:50,32.10449303544822,35.19680423372537,975.5801328783855
07:23:51,32.10449303544822,35.197023721526314,766.7587461359799
07:23:52,32.10449709879135,35.19716797151269,745.0042098993436
07:23:53,32.10449709879135,35.19724081209724,772.7810542862862
07:23:54,32.10450079201737,35.19733422877005,1003.7187712863088
07:23:55,32.10450542549962,35.1973871788916,788.172722694464
07:23:56,32.104510058981866,35.1974583917163,771.5980210695416
07:23:57,32.10451257910705,35.19758849955208,953.4075482366607
07:23:58,32.10451552620978,35.19770520383019,997.9765928778797
07:23:59,32.104524447175486,35.19796344684326,747.5341925676912
07:24:00,32.10453178827223,35.198145743356264,761.8025556337088
07:24:01,32.10455637986266,35.19835338378731,1098.1509483130649
07:24:02,32.10459147261074,35.19846209872785,774.2469534287229
07:24:03,32.104649735699155,35.19859385028508,716.7986326459795
07:24:04,32.104701254836,35.19877747087346,1071.285576408729
07:24:05,32.10475627775863,35.19893023481615,742.9930078629404
07:24:06,32.1048124779482,35.19911580475729,1102.2504738727584
07:24:07,32.104858737861036,35.19923349603126,979.8674603998661
07:24:08,32.10489090314685,35.199315659303444,952.187146387063
07:24:09,32.10490783977179,35.199350727574014,966.7431525262073
07:24:10,32.10496054811319,35.19944652055949,1118.2569243926555
07:24:11,32.105045107586804,35.19963360666291,1042.9813982741907
07:24:12,32.105127888935606,35.1998392467888,959.6364213079214
07:24:13,32.10522860704728,35.20004405101489,824.4918070025742
07:24:14,32.1052967446538,35.20025351706341,1096.7941115107387
07:24:15,32.1053576478352,35.20044487464789,1032.927460083738
07:24:16,32.10540904187875,35.20067330745752,977.654635717161
07:24:17,32.10547338957478,35.20083153228186,886.3678242797032
07:24:18,32.1055417852229,35.2010493934885,804.3377344124019
07:24:19,32.10559610243102,35.20120776803024,1011.943002092652
07:24:20,32.105635948638415,35.201337374305695,980.893400141038
07:24:21,32.10573289657237,35.20158925547873,770.2552761556581
07:24:22,32.105838164911525,35.20192911111955,1131.6046624416485
07:24:23,32.10595360374315,35.20233347413167,773.488939599134
07:24:24,32.106017852176485,35.2025963171942,778.0755344964564
07:24:25,32.10604172580394,35.20279716796005,773.239697130397
07:24:26,32.10607263750384,35.202986812155025,775.3236142816022
07:24:27,32.10609875355695,35.203174399891644,774.4462570529431
07:24:28,32.10614218529985,35.20333766471196,761.4865325987339
07:24:29,32.106172820712175,35.203539156325455,776.2877860693261
07:24:30,32.10619818609448,35.20372132320945,685.0871325982735
07:24:31,32.106206235787,35.203850222045276,722.2410798408091
07:24:32,32.10620597211003,35.20391894052654,777.1970061473548
07:24:33,32.10620570843306,35.20398647418187,768.245539710857
07:24:34,32.10620570843306,35.20408004077955,796.7976978113875
07:24:35,32.106209006795154,35.20417187163838,770.3410092415288
07:24:36,32.10622078054393,35.20426434308021,769.6597986277193
07:24:37,32.10623229061572,35.204328058242645,771.8129387963563
07:24:38,32.106252918715875,35.20440630200702,815.3579473001882
07:24:39,32.106272335339035,35.2044838948462,793.2380954371765
07:24:40,32.1062917519622,35.2046036616813,808.0226709330454
07:24:41,32.10629901587188,35.20470948822388,801.2815731279552
07:24:42,32.10629901587188,35.20483527475873,782.2495674015954
07:24:43,32.106296799797114,35.20494607847311,795.8430418092757
07:24:44,32.10628953588744,35.205096498098946,820.026846894063
07:24:45,32.10627661447631,35.20525819936233,816.2558950502425
07:24:46,32.10623017773466,35.20544542578493,817.1502993358299
07:24:47,32.10617784785479,35.20563464800386,824.2257444988936
07:24:48,32.106119810748766,35.2058382755051,819.3017871873453
07:24:49,32.106092633147576,35.20605288276935,825.109149386175
07:24:50,32.10607547265292,35.20625756786015,825.3729461142793
07:24:51,32.10604480617641,35.206429984862986,821.739024057053
07:24:52,32.10600323157373,35.206617028727095,838.9437416475266
07:24:53,32.105955505130275,35.206751197022776,849.1427481202409
07:24:54,32.10592453456774,35.20696318937732,842.1701266923919
07:24:55,32.10590477034078,35.20714246796278,817.9284120956436
07:24:56,32.105875483802144,35.20736467662008,803.1773257469758
07:24:57,32.10585118829769,35.20751817792902,837.1486981818452
07:24:58,32.10581199851331,35.207792392102675,869.1074549769983
07:25:02,32.105787508386726,35.208058834628254,778.8405075399205
07:25:03,32.10573573978217,35.20830187593689,810.653840710409
07:25:04,32.1056858541423,35.2084386279065,809.995768263936
07:25:05,32.105636192819475,35.20853091136423,741.9547881931067
07:25:06,32.10559988209844,35.208593567758705,819.5474680755287
07:25:07,32.10556919678888,35.20860245689565,792.9634701823816
07:25:08,32.105507308841744,35.208629701058584,822.1347062941641
07:25:09,32.10545580664209,35.20867454035518,813.0477093923837
07:25:10,32.10541313480266,35.20871403121338,1176.1905160490423
07:25:11,32.105399380394765,35.20888399380714,1002.2503050081432
07:25:12,32.10537882525254,35.2091047631011,808.5113650755957
07:25:13,32.10535753966615,35.20935650422156,774.5755426678807
07:25:14,32.10534021333001,35.2094706263885,784.8589223539457
07:25:15,32.10531497124915,35.20952213943627,790.9901498779655
07:25:16,32.10528890167057,35.209608745679255,785.6009777793661
07:25:17,32.105241535721,35.20972074931672,801.6045332523063
07:25:18,32.105159551347704,35.20986818016931,795.9090839168057
07:25:19,32.10506403764452,35.210018844210985,998.3976340787485
07:25:20,32.10498201378836,35.21015562328152,793.2069690283388
07:25:21,32.10493220055469,35.21029380314827,803.4897405831143
07:25:22,32.104833796981026,35.21039391856632,807.7698144996539
07:25:23,32.10469345432922,35.21053443188292,797.2785053169355
07:25:24,32.10455835323526,35.2106523069443,738.9182641832158
07:25:25,32.1044793761376,35.21073916606579,746.6050039352849
07:25:26,32.10444349296192,35.210772630403845,800.2724520815536
07:25:27,32.10441263271476,35.21078675664567,794.9695760654286
07:25:28,32.10437984081343,35.21080727286589,793.2045491049066
07:25:29,32.10435251532291,35.210824845815694,831.5069553833455
07:25:30,32.10433451588181,35.210841774390936,800.3321871915832
07:25:31,32.104329130944976,35.2108906450695,795.4599076183513
07:25:32,32.104324931277425,35.21094974201824,783.678601289168
07:25:33,32.104324931277425,35.21102059707661,800.9687557248399
07:25:34,32.104329130944976,35.211068897976126,800.8198670418933
07:25:35,32.104341105904815,35.211107887768705,1035.2414657426998
07:25:36,32.10435483372346,35.211142520585604,800.7987092863768
07:25:37,32.10436524583639,35.21118372165785,835.1416205093265
07:25:38,32.10436864097607,35.21124286963589,808.4724826440215
07:25:39,32.10440094388857,35.21131155806018,839.1359435655177
07:25:40,32.104448093313096,35.21138457271686,813.5378493983299
07:25:41,32.10452006292832,35.21147067401662,828.4229880105704
07:25:42,32.10457341148226,35.21155342443455,817.2217743359506
07:25:43,32.104622754188426,35.21162836938414,791.6557444203645
07:25:44,32.10467671074631,35.21170713563583,827.2382399355993
07:25:45,32.10473166124962,35.21177373048673,807.7309096222743
07:25:46,32.10482994624065,35.21182399031028,799.4074081489816
07:25:47,32.1049480829789,35.21184603179861,804.0871921880171
07:25:48,32.105068951124466,35.21187421462772,821.728558643721
07:25:49,32.10517552191963,35.21189942139022,805.4588970793411
07:25:50,32.105281713738385,35.2119195278158,802.2815143112093
07:25:51,32.10538339741289,35.211968318957965,833.2405951470137
07:25:52,32.105461166728084,35.21202777911293,826.3699568770826
07:25:53,32.105540513958914,35.212079407209636,826.7270074626431
07:25:54,32.105642187752885,35.212095020533084,817.672135701403
07:25:55,32.105762506734585,35.212112592847426,822.4200054528192
07:25:56,32.10585309914805,35.21212960262326,819.3224032847211
07:25:57,32.10594328059606,35.21217156675072,829.6772435372695
07:25:58,32.10600262147393,35.21222807839769,828.1991670299321
07:25:59,32.106070526561666,35.21231323475374,805.8893989827484
07:26:00,32.106145825958315,35.21239989591653,819.5241090878844
07:26:01,32.10622266940312,35.21249669559754,844.352403643541
07:26:02,32.106286145318954,35.21260447984091,839.1861608112231
07:26:03,32.10633110246369,35.212740096500454,829.317682934925
07:26:04,32.106372565583776,35.21286669977693,736.9795388542116
07:26:05,32.10646834808791,35.21295757555297,769.9468580735847
07:26:06,32.10654951563246,35.21300456773681,842.02323078271
07:26:07,32.106656899819264,35.21307841185773,846.0835802406073
07:26:08,32.1067278985667,35.213168730709434,786.2586459163576
07:26:09,32.106814487500124,35.21328289661392,818.8019342236221
07:26:10,32.10687961238977,35.21336069983693,817.2574211573228
07:26:11,32.10692676821612,35.21345891367929,813.3439109586179
07:26:12,32.106977364930756,35.213530969273116,810.1261817365885
07:26:13,32.107030774070886,35.213608182186526,822.6126177702099
07:26:14,32.107067505169034,35.21370801682452,822.5967057524249
07:26:15,32.10709985354436,35.21380365861202,738.2074394989759
07:26:16,32.10716092632353,35.21388394053606,805.0104413442314
07:26:17,32.10725357629409,35.213899976792966,779.1694356510416
07:26:18,32.10734673639685,35.213911878532095,841.1459879400209
07:26:19,32.10741301356471,35.213911878532095,514.1165300672874
07:26:21,32.10745416615314,35.21391902932905,714.5520149795339
07:26:22,32.10764895325493,35.21392618012599,751.6715539442375
07:26:43,32.1078406578698,35.21393333092294,826.0136668058112
07:26:44,32.1080259098727,35.21393333092294,823.5572182871401
07:26:45,32.10806793639932,35.213926180125995,780.9633789472282
07:26:46,32.10818405543143,35.213703768745894,-4282.18530203402
07:26:47,32.10830653474141,35.21347896465003,-4066.137540895492
07:26:48,32.10842874897341,35.213194656608756,-4291.174052942544
07:26:49,32.10846784464877,35.21312560915064,-2915.3568580849096
07:26:50,32.10847396568436,35.21305156239251,836.9671571971849
07:26:51,32.10844387847554,35.21303387608725,818.4252725588158
07:26:52,32.108413791266734,35.213016189782,825.7122352169827
07:26:53,32.10841031841982,35.21300264491284,816.5648342203349
07:26:54,32.10841031841982,35.21299471722109,805.8912246776745
07:26:55,32.10841031841982,35.212986789529346,811.6248117098585
07:26:56,32.10839827705174,35.2129821124173,821.4603009773418
07:26:57,32.10834823444319,35.2129821124173,-4780.828047703952
07:26:58,32.108291453433736,35.2129650625644,795.8351395651698
07:26:59,32.10816555607465,35.21293453685768,825.3137076869607
07:27:00,32.1080713708071,35.21278233062126,829.1806021081284
07:27:01,32.10798392394046,35.21264717423774,766.3629134567454
07:27:02,32.10797763479152,35.21252549370806,737.7610040223226
07:27:03,32.10797226115917,35.21250575281681,727.2765704225749
07:27:04,32.10797226115917,35.212486011925556,746.0000589853153
07:27:05,32.107972261159176,35.212486011925556,744.4199127741158
07:27:06,32.107972261159176,35.2125057528168,-643.1471109632403
07:27:08,32.10794146106909,35.21252549370806,-807.7445529997349
07:27:15,32.107907602971586,35.21248928783975,769.5743499416858
07:27:23,32.107716217315065,35.21240596449843,-1244.3176488624886
07:27:33,32.10755025811628,35.21232264115711,-2581.7057956298813
07:27:38,32.107023798129106,35.21169760811899,779.6732196826488
07:27:40,32.10661045960189,35.211119692553865,753.083872561343
07:27:41,32.10618767280328,35.21053511543284,726.0646333433688
07:27:42,32.10611899652906,35.21052179232103,719.5188639750704
07:27:43,32.10608514142381,35.210515130765124,-2815.7015028884634
07:27:44,32.10604577602752,35.21052179232103,723.2375774746761
07:28:02,32.10602333818386,35.21053178465489,777.9048846652731
