<?xml version="1.0" encoding="UTF-8"?>
<kml xmlns="http://www.opengis.net/kml/2.2" xmlns:gx="http://www.google.com/kml/ext/2.2">
    <Document id="1">
        <Style id="4">
            <LineStyle id="5">
                <color>ff00ffff</color>
                <colorMode>normal</colorMode>
                <width>4</width>
            </LineStyle>
        </Style>
        <Placemark id="3">
            <name>Kalman Smoothed Path</name>
            <styleUrl>#4</styleUrl>
            <LineString id="2">
                <tessellate>1</tessellate>
                <coordinates>34.813304466666665,32.168822383333335,0.0 34.81330455396448,32.16882192065495,0.0 34.81330471890894,32.16882170783723,0.0 34.81330493565495,32.16882117246079,0.0 34.81330554261069,32.16882047840723,0.0 34.813306737486386,32.16881880233212,0.0 34.81330771411616,32.16881627612655,0.0 34.8133072347327,32.16881440349319,0.0 34.81330628104104,32.16881308152574,0.0 34.81330543599951,32.16881169368093,0.0 34.81330452363792,32.16881030988031,0.0 34.81330346683934,32.168809558850754,0.0 34.81330261523984,32.16880915546232,0.0 34.81330185441839,32.16880890625602,0.0 34.81330123625252,32.16880873343468,0.0 34.813300596030444,32.168808755922555,0.0 34.81329994419077,32.168808965956046,0.0 34.813299418940716,32.16880915976545,0.0 34.81329901758861,32.16880931922338,0.0 34.81329871566268,32.16880944010393,0.0 34.813298495305396,32.16880951932201,0.0 34.813298329976966,32.16880957713863,0.0 34.81329820931327,32.168809614833044,0.0 34.8132981167451,32.16880964234405,0.0 34.813298044682234,32.16880965792017,0.0 34.813297987585,32.1688096692883,0.0 34.81329794591295,32.168809673082656,0.0 34.813297915498865,32.16880967585194,0.0 34.81329789330133,32.168809677873085,0.0 34.813297872598,32.16880968385081,0.0 34.813297857487804,32.168809688213614,0.0 34.81329784645972,32.168809695900386,0.0 34.81329783390834,32.168809701510526,0.0 34.81329782474779,32.16880971010765,0.0 34.813297818062026,32.16880971638221,0.0 34.81329781318246,32.16880972096166,0.0 34.81329780511853,32.16880973330915,0.0 34.813297799233126,32.16880974232089,0.0 34.813297794937704,32.16880975340066,0.0 34.81329778730011,32.16880976598976,0.0 34.81329778172586,32.16880977968044,0.0 34.813297777657525,32.168809789672494,0.0 34.81329777468827,32.16880980146774,0.0 34.81329777252119,32.168809810076425,0.0 34.813297770939556,32.16880982086203,0.0 34.813297765282606,32.16880983323644,0.0 34.81329775665131,32.16880984226782,0.0 34.813297750351815,32.16880985336192,0.0 34.81329774125156,32.168809865961485,0.0 34.81329766707075,32.16881027138631,0.0 34.81329757240691,32.16881050874926,0.0 34.813297467296266,32.168810632458495,0.0 34.813297633722506,32.16881084881981,0.0 34.81329784523973,32.16881106076101,0.0 34.813298134692374,32.16881139104652,0.0 34.81329837746581,32.1688115780721,0.0 34.813298586170724,32.1688116425299,0.0 34.8132987294875,32.16881169407663,0.0 34.81329882508115,32.16881172269249,0.0 34.81329889484958,32.16881173457239,0.0 34.813298941267036,32.16881175224806,0.0 34.81329735870985,32.16881197677091,0.0 34.81329334903969,32.168812095611486,0.0 34.813287153716665,32.168812393968906,0.0 34.81327955231782,32.168812431619074,0.0 34.81327148752872,32.1688120628687,0.0 34.813262742339255,32.168811253426114,0.0 34.813254941396934,32.168810410513665,0.0 34.81324910384433,32.16880941259795,0.0 34.813245122504235,32.16880769370259,0.0 34.813244742708484,32.168803129763894,0.0 34.813245654204245,32.16879537724492,0.0 34.81324552249294,32.168786328656644,0.0 34.81324391799208,32.1687778109942,0.0 34.81324197701189,32.168771234222895,0.0 34.81324038029542,32.168767141115964,0.0 34.81323862059815,32.16876532896682,0.0 34.81323702111178,32.168766325221846,0.0 34.81323558358038,32.16876997001947,0.0 34.81323490812311,32.16877507056349,0.0 34.81323500948848,32.16877996384078,0.0 34.813235164516236,32.16878357569224,0.0 34.81323180615495,32.16878495555321,0.0 34.81322401949065,32.16878494955037,0.0 34.81321152850553,32.16878448590368,0.0 34.8131944514346,32.168783886363016,0.0 34.81317345540676,32.16878345779719,0.0 34.81314882920738,32.16878340165949,0.0 34.8131211212999,32.1687838244559,0.0 34.8130907725004,32.16878496151028,0.0 34.81305755972073,32.16878657933798,0.0 34.81302140118826,32.16878838596136,0.0 34.812982372299835,32.16879037990475,0.0 34.81294044703652,32.16879264564058,0.0 34.81289581803092,32.168795375396044,0.0 34.81284840524717,32.16879858789667,0.0 34.81279856451113,32.168801801522775,0.0 34.812746132275336,32.168804772829716,0.0 34.81269159252459,32.168807936495014,0.0 34.81263522194791,32.16881097940085,0.0 34.81257673620388,32.16881357396287,0.0 34.81251701739775,32.16881696695482,0.0 34.81245604744583,32.16881981252241,0.0 34.81239429943103,32.168823312164946,0.0 34.8123317674269,32.16882671284678,0.0 34.81226839307681,32.16882953701116,0.0 34.812204246354646,32.16883293548324,0.0 34.81214373685061,32.16883606421188,0.0 34.812088164767616,32.16883870340072,0.0 34.81203582701721,32.168840336927076,0.0 34.81198491778542,32.168841812810165,0.0 34.8119322775453,32.168841975945746,0.0 34.81187848650459,32.16884043354854,0.0 34.81182370697329,32.16883691695704,0.0 34.81176820599829,32.16883091941069,0.0 34.81171088173226,32.16882262037107,0.0 34.811650592303515,32.16881259657484,0.0 34.81158800369108,32.168801678686606,0.0 34.81152311567442,32.168790382909684,0.0 34.811456270290456,32.168779207562174,0.0 34.811387807224776,32.16876862890351,0.0 34.811318177011955,32.168759390757806,0.0 34.81124786606297,32.16875154971929,0.0 34.81117677912151,32.168745872012074,0.0 34.81110547252724,32.16874256115438,0.0 34.811034617974805,32.16874097772712,0.0 34.81096405732146,32.16874217243161,0.0 34.81089450812938,32.16874495798576,0.0 34.81082798897121,32.168749111731415,0.0 34.81076614869121,32.16875302132457,0.0 34.810712086284184,32.16875687879743,0.0 34.81066632552731,32.16875883865537,0.0 34.81062627697774,32.16875594204352,0.0 34.81059073514247,32.16874514694974,0.0 34.81055969820758,32.16872803788037,0.0 34.810531859094176,32.16870481222295,0.0 34.81050704278927,32.16867522231304,0.0 34.81048393737597,32.16864069932636,0.0 34.81046245886498,32.168601968112775,0.0 34.810441730986,32.16855967476713,0.0 34.81042089807361,32.16851383157219,0.0 34.81039995698501,32.16846521743765,0.0 34.81037854972078,32.1684152788536,0.0 34.81035614033844,32.16836485990949,0.0 34.810333643438724,32.168314392052004,0.0 34.81031045680311,32.16826398305007,0.0 34.81028560959892,32.16821255438906,0.0 34.81025775840288,32.16816037703361,0.0 34.810226589111146,32.16810827911006,0.0 34.810192075094164,32.16805658585986,0.0 34.81015462016125,32.16800548062722,0.0 34.81011435693639,32.16795490361283,0.0 34.810070432165034,32.16790456803193,0.0 34.81002391608357,32.167854912951356,0.0 34.80997490089906,32.16780559243599,0.0 34.809923246788465,32.167756214426525,0.0 34.80986924793193,32.16770664586944,0.0 34.80981415913643,32.16765782975785,0.0 34.8097591213452,32.16760973841547,0.0 34.809703440886004,32.167562878447555,0.0 34.809647336405604,32.16751775017229,0.0 34.80959155732307,32.16747311581694,0.0 34.80953517824588,32.16742731106078,0.0 34.809477415719584,32.16738060256621,0.0 34.80941785103333,32.16733277972083,0.0 34.8093570701091,32.167284445247866,0.0 34.80929643261735,32.16723538166101,0.0 34.80923662472807,32.16718638478117,0.0 34.80917812922776,32.16713795438645,0.0 34.80912073564969,32.16709047774979,0.0 34.809065091849476,32.16704574589214,0.0 34.809013480707115,32.1670052010571,0.0 34.80896798711053,32.16697000842232,0.0 34.80893175363948,32.166941414614556,0.0 34.80890046856692,32.16691846990135,0.0 34.80886843653203,32.16690155274601,0.0 34.80883322080567,32.16689247025284,0.0 34.8087934526931,32.16689189295076,0.0 34.808747588445975,32.166898806351576,0.0 34.808694672468064,32.16691177663643,0.0 34.80863701055996,32.166928717240125,0.0 34.808576434181816,32.16694878518914,0.0 34.80851413593014,32.16696964074734,0.0 34.80845071605786,32.16699120171271,0.0 34.808386009306986,32.167014209554054,0.0 34.808319800510326,32.16703757098269,0.0 34.80825235137156,32.167061429112806,0.0 34.80818318200557,32.1670859019032,0.0 34.80811231138469,32.16711088183343,0.0 34.80803864121267,32.167136596607406,0.0 34.807961833672984,32.167163270947256,0.0 34.80788283540227,32.16719164970088,0.0 34.80780097300853,32.16722148403269,0.0 34.807716736588375,32.16725228615451,0.0 34.80762936719009,32.16728481220026,0.0 34.80753943204575,32.16731842984485,0.0 34.80744691289624,32.167352704605364,0.0 34.80735152625903,32.167388300944715,0.0 34.80725303822056,32.16742467272082,0.0 34.80715184088588,32.16746127725196,0.0 34.80704857163352,32.16749770495745,0.0 34.80694534810574,32.167533481305824,0.0 34.80684266674396,32.16756855713508,0.0 34.806740520659375,32.16760242379125,0.0 34.80663983236055,32.16763515579417,0.0 34.80654163084034,32.1676671092061,0.0 34.806449121021686,32.16769867897498,0.0 34.806364943672136,32.16773220203571,0.0 34.80629034624634,32.167768001686426,0.0 34.806224384118686,32.16780534132191,0.0 34.80616258117045,32.16784222899447,0.0 34.80610076100828,32.16787382493562,0.0 34.80603857707956,32.167893836774404,0.0 34.80598063476422,32.16789919844558,0.0 34.80593419902744,32.1678892255987,0.0 34.80590251446913,32.16786807445687,0.0 34.805889335942275,32.167842497564244,0.0 34.80589261763543,32.16781730615552,0.0 34.80590944810571,32.167795471368045,0.0 34.8059374232932,32.16777613141577,0.0 34.805973843062965,32.16775838267069,0.0 34.8060163720274,32.16774280384149,0.0 34.80606230163779,32.167726273746126,0.0 34.80611176679772,32.167709540158846,0.0 34.80616306942695,32.16769355857496,0.0 34.80621939625142,32.16767555935207,0.0 34.80628558553603,32.16765495741439,0.0 34.80635508262646,32.167633595060195,0.0 34.80642729107026,32.167611258978596,0.0 34.80650073995148,32.16758837432183,0.0 34.80657540934051,32.167565318923664,0.0 34.806652946152525,32.16754095022361,0.0 34.80673176076415,32.1675159607136,0.0 34.80681151247249,32.16748950502351,0.0 34.80689301523209,32.16746271317537,0.0 34.80697579148297,32.16743525724223,0.0 34.80706022210271,32.16740719506049,0.0 34.80714479753886,32.16737855983647,0.0 34.8072299064157,32.16734891203744,0.0 34.807315661269314,32.167318493698595,0.0 34.80740191009808,32.16728763455635,0.0 34.807488591493204,32.167256174535076,0.0 34.807576214456084,32.16722406434359,0.0 34.80766392577007,32.16719221805641,0.0 34.807751030678645,32.1671606409224,0.0 34.80783790913096,32.1671291881865,0.0 34.80792467183422,32.16709800634593,0.0 34.80801161571236,32.1670673509067,0.0 34.808098543233946,32.167036868035844,0.0 34.808184040497686,32.16700521886573,0.0 34.80826746730302,32.16697266895071,0.0 34.80834801870828,32.166938565614515,0.0 34.80842399959131,32.166904395640564,0.0 34.80849393864237,32.16687170341405,0.0 34.808555028532815,32.166842286982856,0.0 34.8086060218147,32.16681690031821,0.0 34.808647412858186,32.166796755584045,0.0 34.80868050802302,32.16678079234596,0.0 34.80870638682065,32.16676911916279,0.0 34.80872519775608,32.16676049600268,0.0 34.80873862962863,32.16675449060947,0.0 34.80874833824269,32.16675007158971,0.0 34.80875542401435,32.16674694095027,0.0 34.80876195980966,32.16674343136435,0.0 34.80876911629913,32.166737119246136,0.0 34.808778738462166,32.16672565492069,0.0 34.808789246153225,32.16670951626028,0.0 34.808794452202136,32.166679587564396,0.0 34.80878940869126,32.16664179156731,0.0 34.808773791314216,32.166598996598886,0.0 34.80874933551836,32.1665507746339,0.0 34.80871898287766,32.16649955086373,0.0 34.80868030563643,32.166445150174525,0.0 34.808636075039225,32.166389669046666,0.0 34.80858637754215,32.166329882834006,0.0 34.80853367162974,32.16626825583437,0.0 34.8084796930778,32.166205082730635,0.0 34.808424200359354,32.1661413800587,0.0 34.80836816536133,32.1660789478428,0.0 34.80831387332059,32.16601630820525,0.0 34.80825896677553,32.165954179065025,0.0 34.808202472579616,32.16589202627899,0.0 34.80814676477131,32.165830491102305,0.0 34.80808790274739,32.16577067191556,0.0 34.80802874679997,32.165710641787264,0.0 34.80796673330604,32.165653888688475,0.0 34.80790362482232,32.165597339044,0.0 34.80783826732877,32.16554155474608,0.0 34.80777255165136,32.165483704013724,0.0 34.80770627738386,32.165425434737095,0.0 34.807639595432846,32.16536572082983,0.0 34.80757535802211,32.16530488502882,0.0 34.80750859575233,32.16524081252252,0.0 34.80743929732892,32.16517426065929,0.0 34.80736650896184,32.165106327000146,0.0 34.80729298352769,32.16503641228346,0.0 34.80721802413159,32.16496680771962,0.0 34.807142639526575,32.164897803235,0.0 34.80707024499386,32.164828412738025,0.0 34.807000609080085,32.16475951496014,0.0 34.80693697583394,32.16468801407709,0.0 34.806877246321505,32.16461686463568,0.0 34.806821415031486,32.164546827186435,0.0 34.80676902317855,32.16447773189327,0.0 34.80671985749137,32.16441019773195,0.0 34.80667410451305,32.16434301949999,0.0 34.806631693271164,32.16427647475696,0.0 34.806592103696154,32.16421120283053,0.0 34.806555329934575,32.16414762530398,0.0 34.80652146677161,32.164085045786685,0.0 34.80649020966955,32.164023608899754,0.0 34.80646047186354,32.1639640190403,0.0 34.80643255882028,32.16390595282391,0.0 34.806405842490676,32.16384980459498,0.0 34.80637947277049,32.163795722582606,0.0 34.8063535811512,32.16374365737975,0.0 34.806327997947456,32.163693509890535,0.0 34.806303661929874,32.163644793550944,0.0 34.80628021365036,32.16359745942228,0.0 34.80625816071314,32.163553547487155,0.0 34.80623885065498,32.16351411436429,0.0 34.80622215032153,32.16348069666288,0.0 34.806208718968335,32.16345340278182,0.0 34.80619879460834,32.16343270356186,0.0 34.8061914838368,32.163417825997534,0.0 34.806186269685895,32.16340719733241,0.0 34.80618269830563,32.16340003441086,0.0 34.80618021782883,32.16339514879493,0.0 34.806178502022924,32.1633918487121,0.0 34.80617742085157,32.163389462680165,0.0 34.80617671731484,32.16338777978342,0.0 34.80617619934033,32.16338657854731,0.0 34.80617577177121,32.16338569732999,0.0 34.8061754011787,32.163385040671194,0.0 34.806175112693644,32.16338456141285,0.0 34.80617489764201,32.16338422963954,0.0 34.806174740687915,32.163383996502056,0.0 34.80617462613594,32.16338383085072,0.0 34.8061745425309,32.16338370995112,0.0 34.80617448151227,32.1633836262159,0.0 34.80617443697821,32.16338356960487,0.0 34.8061744044753,32.16338352828766,0.0 34.806174380753255,32.16338350263516,0.0 34.80617436794247,32.163383483912845,0.0 34.8061743585926,32.16338347475108,0.0 34.806174351768654,32.163383468064424,0.0 34.80617434678824,32.16338346768681,0.0 34.806174343153316,32.163383467411215,0.0 34.80617434050039,32.16338346721007,0.0 34.806174334061566,32.16338346706326,0.0 34.80617432936223,32.16338346695612,0.0 34.806174325932446,32.163383466877924,0.0 34.80617432342924,32.163383466820854,0.0 34.80617432160229,32.1633834667792,0.0 34.8061743202689,32.1633834667488,0.0 34.806174319295735,32.16338346672661,0.0 34.80617431858548,32.16338346220781,0.0 34.8061743180671,32.16338345890979,0.0 34.806174317688765,32.16338345650276,0.0 34.80617431741264,32.163383450243394,0.0 34.80617431721111,32.16338344567504,0.0 34.80617431706403,32.16338344234085,0.0 34.80617431695668,32.16338343990741,0.0 34.806174316878334,32.16338343362878,0.0 34.80617431682115,32.16338342904636,0.0 34.80617431677942,32.16338342570191,0.0 34.806174312246355,32.16338341875838,0.0 34.806174308937926,32.16338341369069,0.0 34.806174302020686,32.16338340548946,0.0 34.80617429697218,32.16338339950384,0.0 34.80617429328756,32.16338339513528,0.0 34.80617429059836,32.163383387444306,0.0 34.80617384287792,32.16338277848222,0.0 34.8061724444923,32.16338043843894,0.0 34.806168591751614,32.16337367414913,0.0 34.80616119620237,32.16336033991864,0.0 34.80615026940955,32.16334101746783,0.0 34.80613615750907,32.16331612235646,0.0 34.806118248626206,32.16328279254799,0.0 34.80609669053164,32.163240708725986,0.0 34.8060709697156,32.163188899412376,0.0 34.80604115715393,32.163127029296,0.0 34.80600713354897,32.16305539846714,0.0 34.80596844261857,32.16297527955402,0.0 34.80592541323076,32.16288645321256,0.0 34.805877848655285,32.1627892141188,0.0 34.80582707315855,32.1626852586968,0.0 34.80577416581323,32.16257654999025,0.0 34.80571993668686,32.1624655112872,0.0 34.80566649437957,32.16235285760015,0.0 34.805614481821976,32.16223759790173,0.0 34.80556448982327,32.16211954920921,0.0 34.80551705764437,32.16199783504419,0.0 34.80547172336684,32.161872410058024,0.0 34.80542807782072,32.161743623874585,0.0 34.80538584939147,32.161612307997935,0.0 34.80534322340824,32.16147960060337,0.0 34.80529788937461,32.161346152276906,0.0 34.80524848517658,32.16121223973017,0.0 34.80519349888429,32.161078199997505,0.0 34.80513350199366,32.160943306498986,0.0 34.80506986165675,32.1608088524992,0.0 34.80500409348043,32.16067580889489,0.0 34.80493706498296,32.16054392523445,0.0 34.80486911214533,32.160412825115394,0.0 34.80480001641301,32.16028203120555,0.0 34.80472968131178,32.16015113659313,0.0 34.80465888742259,32.160019443564394,0.0 34.80458721837745,32.15988705975399,0.0 34.804514707988005,32.159753253249754,0.0 34.80444112428309,32.159618385888244,0.0 34.80436655911099,32.15948381138368,0.0 34.804291228092524,32.159349531665804,0.0 34.80421532912064,32.15921591285391,0.0 34.80413972704283,32.15908342027244,0.0 34.80406442720079,32.15895185772574,0.0 34.80398923988117,32.15882080736281,0.0 34.80391424725042,32.15869122494667,0.0 34.803839477759,32.15856413222251,0.0 34.80376608682738,32.158439698571414,0.0 34.80369451700032,32.15831710657101,0.0 34.80362372247486,32.158195466961416,0.0 34.80355322814486,32.15807379302657,0.0 34.80348234055656,32.15795158524544,0.0 34.80341086427671,32.15782779915259,0.0 34.80333835949771,32.157702226271645,0.0 34.80326481590837,32.15757505214267,0.0 34.80319073477733,32.15744787102447,0.0 34.80311664404612,32.15732199956547,0.0 34.80304294704,32.15719793494516,0.0 34.80296931226151,32.15707554924313,0.0 34.80289606509734,32.15695398815747,0.0 34.802823564599244,32.15683300639992,0.0 34.80275141994139,32.15671328494565,0.0 34.80268034095736,32.15659487504241,0.0 34.80261109786058,32.156478156290916,0.0 34.80254557204937,32.15636359034714,0.0 34.80248088619287,32.15625402660059,0.0 34.80241877650724,32.156148960166085,0.0 34.80235945654983,32.156048594386945,0.0 34.80230299663467,32.15595371253914,0.0 34.80225048818146,32.155865413096365,0.0 34.80220233152694,32.15578560991592,0.0 34.802161065653586,32.15571554222352,0.0 34.80212650394257,32.155657303147706,0.0 34.802099590816155,32.15561282107705,0.0 34.80207931357092,32.15558047768439,0.0 34.802062609748155,32.155557732057446,0.0 34.80204687501789,32.155544445219114,0.0 34.802031518883716,32.15553788621735,0.0 34.802017888903876,32.1555367237665,0.0 34.802009246902784,32.155534628137794,0.0 34.80200293959197,32.1555330986562,0.0 34.80199833624035,32.15553198237356,0.0 34.801994976512766,32.15553116766161,0.0 34.80199252443646,32.15553057304915,0.0 34.801990734803795,32.15553013907494,0.0 34.80198942865152,32.15552982234156,0.0 34.80198847536439,32.15552959117567,0.0 34.801987779613704,32.15552942246068,0.0 34.80198727182439,32.155529299325096,0.0 34.801986901217504,32.15552920945535,0.0 34.80198663073237,32.15552914386448,0.0 34.80199406973607,32.155520180838394,0.0 34.801999494544106,32.15551363022428,0.0 34.80200344480134,32.155508822283636,0.0 34.8020063864059,32.155505376274476,0.0 34.80200982106232,32.15550074049983,0.0 34.80201321033527,32.15549757773608,0.0 34.802016566485364,32.15549528292041,0.0 34.80202000202084,32.15549496334712,0.0 34.80202283811512,32.15549500926995,0.0 34.802024750429794,32.155494867184906,0.0 34.80202592999581,32.1554948625423,0.0 34.80202693948065,32.15549465203416,0.0 34.80202783834062,32.15549445337006,0.0 34.8020283818029,32.155494425444,0.0 34.80202870190121,32.155494405062335,0.0 34.80202853929386,32.15549380034584,0.0 34.80202833056382,32.15549298528117,0.0 34.80202797110374,32.15549186360667,0.0 34.80202493965286,32.15548620916331,0.0 34.802018048962196,32.15547256830169,0.0 34.80200843168142,32.15545123002184,0.0 34.80199952147531,32.15542449895929,0.0 34.80199493202323,32.15539445336708,0.0 34.80199716116591,32.155361286279835,0.0 34.80200977894707,32.15532619219189,0.0 34.80203560256329,32.15529137566819,0.0 34.802076481008264,32.1552569823506,0.0 34.80213241297746,32.155220335925954,0.0 34.80220192967004,32.15518222068665,0.0 34.80228499018704,32.15514239407239,0.0 34.80237975463199,32.15510113381501,0.0 34.802484848649655,32.15505862910754,0.0 34.8025972385012,32.15501548179953,0.0 34.80271357987771,32.15497295512354,0.0 34.80283172462532,32.15493112455258,0.0 34.80295098293497,32.15489065302162,0.0 34.80307114402303,32.154850097255306,0.0 34.80319139667025,32.15480851195059,0.0 34.80331211687308,32.15476554487917,0.0 34.80343346198248,32.15472106954491,0.0 34.80355714526434,32.154674223680196,0.0 34.80368390834092,32.154625057857494,0.0 34.80381409436607,32.15457393317425,0.0 34.80394839054103,32.154520802495554,0.0 34.804086019675964,32.15446636984728,0.0 34.80422737810085,32.154410406128726,0.0 34.80437122869205,32.15435347355396,0.0 34.80451492603501,32.15429618506859,0.0 34.8046574759319,32.15423863682407,0.0 34.80479899025782,32.154181421297956,0.0 34.804938965325704,32.154124849336014,0.0 34.805078015090224,32.15406876958841,0.0 34.805215601572215,32.154013391278255,0.0 34.80535110700074,32.153958745535434,0.0 34.805482779247114,32.153904580421084,0.0 34.80560947010659,32.15384823562726,0.0 34.80573014345451,32.15378744985987,0.0 34.805841715235715,32.15371995587079,0.0 34.80594100253276,32.153644116933485,0.0 34.806023313943676,32.15355990466756,0.0 34.80608486076698,32.15346880222934,0.0 34.80612367930586,32.15337190559908,0.0 34.80614060568058,32.15327029383257,0.0 34.80613806467755,32.153164173636114,0.0 34.80611724517619,32.15305249367789,0.0 34.806081405755265,32.15293479282694,0.0 34.80603315880361,32.15281068049845,0.0 34.805974955772015,32.15267961948072,0.0 34.80590889201366,32.152541938109714,0.0 34.80583587544976,32.15239700701688,0.0 34.80575576725753,32.152245803192045,0.0 34.80566974035484,32.15208876952894,0.0 34.80557918209571,32.151928881304286,0.0 34.80548582544845,32.151767301422126,0.0 34.80539565844028,32.15160565757116,0.0 34.80529540569247,32.15144271530918,0.0 34.805193190551854,32.151278460699096,0.0 34.80509120463174,32.15111280702476,0.0 34.80498873763189,32.15094585759325,0.0 34.804886928102164,32.15077869188319,0.0 34.804786386378545,32.15061171502404,0.0 34.80468815675722,32.15044506510591,0.0 34.804591574085975,32.15027894197028,0.0 34.80449710745952,32.150113014194226,0.0 34.80440465798858,32.1499463960185,0.0 34.804314473184284,32.14977939102655,0.0 34.80422754866234,32.14961195513327,0.0 34.804144552532826,32.14944509626483,0.0 34.80406919627587,32.14928371946075,0.0 34.80400069016924,32.14913473656027,0.0 34.8039395114483,32.14900014386374,0.0 34.803885711248476,32.1488800475775,0.0 34.803838511919416,32.148772962812174,0.0 34.803795941085525,32.14867504573449,0.0 34.8037567708431,32.148584188850194,0.0 34.80372082092822,32.14849883150464,0.0 34.80368657747708,32.14841797424446,0.0 34.80365369204299,32.148340171710856,0.0 34.80362271177773,32.14826519299414,0.0 34.803592865339695,32.14819217616535,0.0 34.8035647064157,32.14812082984627,0.0 34.803539071360554,32.14805137362625,0.0 34.8035147515308,32.14798270253962,0.0 34.80348620010825,32.147908989731114,0.0 34.803454929497484,32.147830804795,0.0 34.80342119702811,32.147748275279476,0.0 34.80338547417457,32.14765932401991,0.0 34.80334944231281,32.147564299088465,0.0 34.803312991311365,32.14746357609373,0.0 34.803275838174315,32.147357312103615,0.0 34.80323793845257,32.147246369185346,0.0 34.803198827455304,32.14713077316445,0.0 34.803158517233875,32.14701084456398,0.0 34.80311722820626,32.146886713755805,0.0 34.80307490962078,32.14675796709682,0.0 34.80303150192363,32.146624928554075,0.0 34.8029869391368,32.14648777153646,0.0 34.802941281169154,32.14634686574595,0.0 34.80289488242443,32.146202859225944,0.0 34.80284788449432,32.14605541898087,0.0 34.80280016108584,32.14590534207738,0.0 34.802752552063794,32.145752741978846,0.0 34.80270462129166,32.14559741332919,0.0 34.802656212551625,32.145438958607365,0.0 34.802606865128624,32.14527845197395,0.0 34.80255652193405,32.14511608305474,0.0 34.80250478559646,32.144951742603716,0.0 34.8024521765654,32.14478579664612,0.0 34.802398678458644,32.14462043493491,0.0 34.802343648955215,32.14445512591619,0.0 34.802286020414876,32.14428971127145,0.0 34.802225211741586,32.14412365671077,0.0 34.802159542599625,32.143957013541126,0.0 34.80208821885634,32.14378985072681,0.0 34.802009999036244,32.14362265985614,0.0 34.80192571506111,32.14345570965971,0.0 34.80183660897098,32.143289340352204,0.0 34.80174365480011,32.143124610705826,0.0 34.801647851607996,32.14296139744078,0.0 34.80155118928098,32.142799714141965,0.0 34.801454944523705,32.142639138474294,0.0 34.80136093614403,32.142480496855214,0.0 34.80127383251939,32.14232262741979,0.0 34.801196581570494,32.14216411486005,0.0 34.801132892719785,32.14200418287069,0.0 34.8010861261437,32.14184263858618,0.0 34.80105819393371,32.141680021137965,0.0 34.8010497036623,32.14151680955722,0.0 34.80106140043688,32.14135406937585,0.0 34.80109351738984,32.14119331669268,0.0 34.80114709367389,32.141037747231046,0.0 34.80122211326036,32.14088957179949,0.0 34.801318051154034,32.140750953260515,0.0 34.801434024401416,32.1406236142492,0.0 34.80156849256628,32.14051021683236,0.0 34.80171931828503,32.14041278945239,0.0 34.801882762356,32.14033209664141,0.0 34.80205591113935,32.14026940329718,0.0 34.80223713341951,32.1402234668452,0.0 34.80242340610431,32.14019266448621,0.0 34.802612892022196,32.14017456911168,0.0 34.802803295772975,32.14016637371272,0.0 34.80299493672643,32.14016624573628,0.0 34.80318810650646,32.14017241545499,0.0 34.80338365282006,32.14018292936158,0.0 34.80358121279334,32.14019615007854,0.0 34.803781624722916,32.14021162550566,0.0 34.80398471698135,32.14022820170395,0.0 34.804190940640666,32.14024468527514,0.0 34.804400273709916,32.14026039883687,0.0 34.80461313689168,32.140274672404296,0.0 34.80482951754827,32.140287345683184,0.0 34.80504937493792,32.14029772985314,0.0 34.80527253073961,32.14030612814892,0.0 34.80549920600989,32.14031213152003,0.0 34.805728981249686,32.14031548644953,0.0 34.80596211311563,32.14031572424566,0.0 34.80619775783077,32.14031189048254,0.0 34.80643581286654,32.14030417108869,0.0 34.80667626192694,32.14029221998428,0.0 34.80691736862129,32.1402755009211,0.0 34.80715822586393,32.14025321728738,0.0 34.80739840125679,32.14022598537353,0.0 34.8076363815243,32.14019281864475,0.0 34.807872084302666,32.140152434259285,0.0 34.80810474707306,32.14010393196389,0.0 34.808333835828854,32.140045862256116,0.0 34.808558456537035,32.13997822984001,0.0 34.8087796676825,32.139903298455785,0.0 34.808998160747024,32.13982251766301,0.0 34.80921437736782,32.13973786394485,0.0 34.809428648876285,32.139651432702784,0.0 34.80964119007695,32.13956406435421,0.0 34.809852261303455,32.13947601206428,0.0 34.810063439360576,32.13938722196601,0.0 34.8102748754915,32.13929783034646,0.0 34.81048785525965,32.13920813929104,0.0 34.81070319085261,32.13911877901185,0.0 34.810921326454505,32.13903016894184,0.0 34.81114396404707,32.138943776873234,0.0 34.81137163890232,32.13886153406237,0.0 34.8116051964482,32.13878496258977,0.0 34.81184387591832,32.13871539846661,0.0 34.81208971106913,32.13865346106669,0.0 34.81234152068382,32.138598553329494,0.0 34.81259869480446,32.13854909133022,0.0 34.81285994627015,32.138506485535196,0.0 34.81312442120401,32.13847060819541,0.0 34.81339092908123,32.138442676331664,0.0 34.81365829933025,32.13842410048104,0.0 34.813925853218215,32.13841498708153,0.0 34.81419329799334,32.13841530575378,0.0 34.8144611223987,32.138423282812816,0.0 34.81472979120286,32.138437223013966,0.0 34.815000080366836,32.13845507862481,0.0 34.8152725021897,32.138474450097235,0.0 34.81554569706739,32.138494099432776,0.0 34.81582048274796,32.13851165073458,0.0 34.816096825695226,32.13852628399761,0.0 34.816374440282026,32.138538801055965,0.0 34.81665277584728,32.13854881456094,0.0 34.816932353528145,32.13855674871724,0.0 34.81721102321014,32.138562102659385,0.0 34.81748869700215,32.138564812508264,0.0 34.81776613023121,32.138565137819135,0.0 34.81804378411602,32.13856289881331,0.0 34.81832150449038,32.13855668103843,0.0 34.818599579568755,32.13854611404793,0.0 34.818878147661046,32.13853053124458,0.0 34.819156850446305,32.13850904088221,0.0 34.819435701065025,32.138480708461415,0.0 34.81971535298002,32.13844623874548,0.0 34.81999541861719,32.138406735942574,0.0 34.820275813222544,32.13836386144685,0.0 34.82055669556648,32.13831853064466,0.0 34.82083831210208,32.13827129455738,0.0 34.82112089673285,32.13822278947989,0.0 34.82140480928115,32.13817359237318,0.0 34.821689965660624,32.13812302569335,0.0 34.8219760838738,32.138072319436375,0.0 34.82226259789829,32.13802035414077,0.0 34.8225495223735,32.13796747894885,0.0 34.82283773248379,32.13791451150541,0.0 34.82312697546154,32.13786085987608,0.0 34.82338837173356,32.13780664135888,0.0 34.823657675584506,32.1377522927661,0.0 34.82388482051824,32.13770721015123,0.0 34.82412550164687,32.13766477487313,0.0 34.824378425950115,32.13761982316505,0.0 34.82623493693011,32.13709175156473,0.0 34.82762426380661,32.13670110075704,0.0 34.8287046868096,32.13637955612655,0.0 34.829558766723885,32.13610770528062,0.0 34.83024849803036,32.135869137908536,0.0 34.8308179968623,32.135654889288695,0.0 34.831299271996215,32.13545768265036,0.0 34.83171649981002,32.13527349933482,0.0 34.83208483984582,32.13509962247396,0.0 34.832416639443245,32.134931894420944,0.0 34.83272351723889,32.1347707657582,0.0 34.83300995020794,32.13461521455943,0.0 34.8332813355744,32.13446361697042,0.0 34.833538303055086,32.134312360927936,0.0 34.83378947546512,32.13416496524909,0.0 34.834034504772326,32.1340201664051,0.0 34.83427301989991,32.133875200652476,0.0 34.83450788383182,32.1337310991528,0.0 34.83474046117995,32.13358714214157,0.0 34.83497219365555,32.13344504659973,0.0 34.835204178508675,32.13330506157455,0.0 34.835437297607314,32.13316957060476,0.0 34.83567246473355,32.13303800346568,0.0 34.83591005413632,32.13291133528686,0.0 34.83615124398222,32.13278959786743,0.0 34.836394917505864,32.132671625728435,0.0 34.836640111057044,32.13255689694237,0.0 34.83688711639703,32.13244541780758,0.0 34.83713577274988,32.13233628339496,0.0 34.837383882571444,32.13222859460966,0.0 34.837631706075626,32.132122397659,0.0 34.83787917652954,32.1320174065823,0.0 34.838125758947406,32.131913340631236,0.0 34.838371382558044,32.13181018851537,0.0 34.83861645497509,32.131707500739275,0.0 34.838861539346446,32.13160467008011,0.0 34.83910538972401,32.13150252309424,0.0 34.839348632148095,32.13140122628615,0.0 34.839590989605966,32.131300932696334,0.0 34.83983283175225,32.13120186658553,0.0 34.8400738340334,32.13110256168657,0.0 34.84031470062017,32.13100228554873,0.0 34.84055564377279,32.130900589146876,0.0 34.84079666982213,32.13079815784858,0.0 34.8410374501961,32.13069503259956,0.0 34.841277704564945,32.130591499932194,0.0 34.841518142360265,32.13048709808243,0.0 34.84175727319513,32.130383511703634,0.0 34.84199473874166,32.13028138048853,0.0 34.84222972815886,32.130180351839044,0.0 34.84246107332621,32.130081109457784,0.0 34.84268900682565,32.12998322930714,0.0 34.84291481054875,32.12988737897087,0.0 34.843137929714324,32.12979326673041,0.0 34.843358130517714,32.12970166124435,0.0 34.84357673718242,32.12961181325576,0.0 34.84379419388271,32.12952243299454,0.0 34.844011284061985,32.12943293933829,0.0 34.84422906129013,32.129342899153194,0.0 34.84444715084727,32.12925309045193,0.0 34.844666130238515,32.12916368483308,0.0 34.84488574556183,32.12907427172699,0.0 34.8451066805109,32.12898337630243,0.0 34.84532852905198,32.1288907191238,0.0 34.845550684164245,32.12879651498891,0.0 34.84577299098391,32.128701776161265,0.0 34.84599486821387,32.12860662908103,0.0 34.84621663903021,32.128511048962054,0.0 34.846438773436375,32.12841477007115,0.0 34.846661695508324,32.12831799019111,0.0 34.84688587234639,32.12822050246938,0.0 34.84711127564735,32.12812237656351,0.0 34.847338452082326,32.12802369933343,0.0 34.847567539484835,32.12792454768115,0.0 34.84779767039205,32.12782486066542,0.0 34.848029900167944,32.12772472888677,0.0 34.848264062521814,32.12762388977935,0.0 34.84849994603536,32.127522755060006,0.0 34.848737743106724,32.12742103087404,0.0 34.84897751761223,32.12731804348786,0.0 34.849218442666526,32.12721472850653,0.0 34.849461157491056,32.12711070165854,0.0 34.84970512903964,32.12700611473565,0.0 34.849950630154545,32.12690148375647,0.0 34.850198116616404,32.12679671256059,0.0 34.85044729971461,32.12669225777056,0.0 34.85069677104296,32.12658815547765,0.0 34.850945655773465,32.12648426992916,0.0 34.85119359908238,32.126381573666436,0.0 34.851441418126036,32.12627934466483,0.0 34.851689196004095,32.12617766831322,0.0 34.85193689881167,32.126076823057105,0.0 34.852184002014496,32.12597628269644,0.0 34.85243080718023,32.12587683836691,0.0 34.85267711116141,32.125778081403816,0.0 34.85292268464528,32.1256790246474,0.0 34.85316791859217,32.125580068773544,0.0 34.853412404941125,32.12548197898643,0.0 34.853656615816575,32.12538372434651,0.0 34.85390069317845,32.12528538991324,0.0 34.854145037807164,32.12518668206103,0.0 34.85438851038188,32.12508825098895,0.0 34.85462996869672,32.12499109354278,0.0 34.854870091994606,32.12489469454564,0.0 34.85510969570162,32.12479852941295,0.0 34.855349735159706,32.12470199915496,0.0 34.85559037631202,32.12460454953503,0.0 34.85583201943258,32.12450591562769,0.0 34.85607429477616,32.12440567444596,0.0 34.856316644319875,32.12430377842642,0.0 34.856558894929584,32.12420046301143,0.0 34.85680187929895,32.12409542276114,0.0 34.857046025060136,32.12398881297087,0.0 34.85729131112515,32.12388109818504,0.0 34.857537686082246,32.12377226174281,0.0 34.85778549963276,32.12366208886721,0.0 34.85803358868394,32.12355078301291,0.0 34.858281293469105,32.12343893392516,0.0 34.858527619164846,32.123326598309774,0.0 34.85877303739802,32.123213718495876,0.0 34.859018860442305,32.123099815640174,0.0 34.85926522657867,32.12298554884507,0.0 34.859511795475456,32.12287039056917,0.0 34.85975690942882,32.12275582887272,0.0 34.860000268099824,32.122641576513175,0.0 34.860242458253985,32.122528139762316,0.0 34.8604839396567,32.122414969588334,0.0 34.86072500283886,32.122302898997134,0.0 34.86096639114984,32.12219241888522,0.0 34.861209106384116,32.12208479255366,0.0 34.86145285310157,32.12198092850708,0.0 34.86169701944795,32.12188145829371,0.0 34.86194075813353,32.12178768032937,0.0 34.86218520678452,32.1216990473904,0.0 34.86243043475036,32.121615700401435,0.0 34.86267721756448,32.121538075408104,0.0 34.86292564396916,32.121465243434436,0.0 34.86317623799796,32.12139674710065,0.0 34.86342828798085,32.12133304955177,0.0 34.863681711262444,32.12127369185051,0.0 34.86393684824892,32.12121705129972,0.0 34.864193695237816,32.12116271352918,0.0 34.864453226591884,32.121110218522226,0.0 34.86471507281888,32.12105937462186,0.0 34.864979297439845,32.121009483625585,0.0 34.8652458072345,32.12096000443643,0.0 34.86551427751821,32.120909835229355,0.0 34.86578284137942,32.12086054471628,0.0 34.86605112683713,32.120811359702735,0.0 34.86631955580423,32.12076137818228,0.0 34.866587044906765,32.12070891523752,0.0 34.8668528619848,32.12065366867829,0.0 34.86711623854059,32.12059554402585,0.0 34.867375217883726,32.12053422918492,0.0 34.867629547115385,32.12046996914804,0.0 34.86787946040108,32.12040260952885,0.0 34.8681267495823,32.12033103807145,0.0 34.86837156075174,32.12025582079943,0.0 34.86861451833364,32.12017663689724,0.0 34.86885644727363,32.12009394111798,0.0 34.86909816577814,32.12000844357906,0.0 34.86933936598675,32.119920667057876,0.0 34.86958011587864,32.11983245644641,0.0 34.86981958255773,32.119743748912704,0.0 34.870057230181644,32.11965536309913,0.0 34.87029168610157,32.11956799104139,0.0 34.87052379456575,32.11948130483583,0.0 34.870754018655,32.119395128200416,0.0 34.870982642314736,32.11930940001587,0.0 34.87121058869472,32.11922357588568,0.0 34.871437950714224,32.119137587175466,0.0 34.87166467461948,32.119051320756434,0.0 34.871891495626464,32.1189644149008,0.0 34.87211865315615,32.118878023923905,0.0 34.8723467677062,32.118790662449605,0.0 34.872575823872204,32.11870290784605,0.0 34.87280603103893,32.11861438454097,0.0 34.873037451972465,32.11852566041214,0.0 34.873270686302504,32.11843696531488,0.0 34.87350594203227,32.11834898030447,0.0 34.873743542070535,32.11826303992913,0.0 34.873984095806385,32.11818009568759,0.0 34.87422796695177,32.11810034223627,0.0 34.87447556954553,32.118024597034484,0.0 34.87472657540684,32.11795373586126,0.0 34.87498080805141,32.117887596435054,0.0 34.87523903018879,32.117826339477105,0.0 34.87550096999873,32.11777063160644,0.0 34.87576574920181,32.11772101788466,0.0 34.87603229904389,32.11767720272065,0.0 34.876300402326855,32.11763904692332,0.0 34.87657050838147,32.11760707926943,0.0 34.8768425309095,32.117581163381395,0.0 34.877115871116885,32.117561776058125,0.0 34.877389173446375,32.11754922476492,0.0 34.87766096677435,32.11754246867183,0.0 34.87793033950412,32.11754097326575,0.0 34.87819935489022,32.11754734716957,0.0 34.87846952779138,32.11756022087772,0.0 34.8787394963911,32.117579454862366,0.0 34.87900885211451,32.11760449252701,0.0 34.87927568483373,32.11763489162232,0.0 34.879538987677684,32.11767082916439,0.0 34.87979935855843,32.11771278555036,0.0 34.88005789123847,32.117760598098315,0.0 34.880314118762,32.11781438671385,0.0 34.880567416660185,32.117874171370275,0.0 34.880818351259336,32.11793995763976,0.0 34.881066723535106,32.11801166854227,0.0 34.88131253231413,32.118089013759025,0.0 34.88155564166194,32.11817172737141,0.0 34.88179583079729,32.11826045278465,0.0 34.882033163714546,32.118355096758584,0.0 34.882267961778425,32.118455753336214,0.0 34.88250030194383,32.11856202288346,0.0 34.882731145399134,32.11867269970136,0.0 34.882960531778984,32.11878703889611,0.0 34.8831894085416,32.11890458686368,0.0 34.88341826006371,32.11902451725759,0.0 34.88364745337249,32.11914624048181,0.0 34.883877359900296,32.119269258684284,0.0 34.88410829125818,32.119393708299775,0.0 34.88434016419389,32.11951897299038,0.0 34.88457298548531,32.119644629941334,0.0 34.88480622426946,32.11977059569409,0.0 34.88503982178932,32.11989640860523,0.0 34.88527338846098,32.12002195687734,0.0 34.885508364446196,32.12014609630134,0.0 34.885744278958086,32.12026828445258,0.0 34.885981486299315,32.12038789131041,0.0 34.886219542649336,32.12050433548787,0.0 34.88645942534089,32.12061736376226,0.0 34.8866994072631,32.120726012370106,0.0 34.886940812389255,32.12083095571135,0.0 34.88718399465894,32.12093296965659,0.0 34.88742871260378,32.12103273753789,0.0 34.88767579407017,32.12113133891673,0.0 34.887925397498904,32.121227810191606,0.0 34.88817820135245,32.121321610177645,0.0 34.888433696721854,32.12141313185007,0.0 34.888692552284475,32.12150230181111,0.0 34.88895503094016,32.121587954348804,0.0 34.88922132006213,32.12166976548011,0.0 34.889491313262965,32.121747170057965,0.0 34.88976451415436,32.1218198681784,0.0 34.89004133489817,32.12188838388793,0.0 34.8903220808108,32.12195199201818,0.0 34.89060621828811,32.12201085220788,0.0 34.89089399274956,32.122064788299106,0.0 34.89118489441465,32.122113631200676,0.0 34.891478812374274,32.122157761794035,0.0 34.8917749092447,32.12219700780278,0.0 34.892073339309235,32.1222309057968,0.0 34.89237380543365,32.122259239114776,0.0 34.89267635190739,32.12228229988817,0.0 34.89298027262785,32.12230020227002,0.0 34.893285479997765,32.12231205701186,0.0 34.89359101406671,32.122318246197416,0.0 34.893897007202476,32.12231881905536,0.0 34.89420353800248,32.1223135368561,0.0 34.89451038016652,32.1223026981377,0.0 34.894816972301705,32.12228615607544,0.0 34.895122945202324,32.12226435733043,0.0 34.89542792584603,32.12223959103065,0.0 34.89573136732594,32.1222128524914,0.0 34.896033325248446,32.122183873062006,0.0 34.89633221025503,32.12215319509641,0.0 34.89662883,32.12212248866506,0.0 34.8969239900698,32.122091554338404,0.0 34.89721829642711,32.12206151179559,0.0 34.89751057489537,32.12203190849333,0.0 34.89780139583441,32.12200258974721,0.0 34.89809106745535,32.12197326255767,0.0 34.89837976067289,32.12194306470585,0.0 34.89866737509791,32.12191149748222,0.0 34.898953873482846,32.1218780708338,0.0 34.899240813559246,32.121843759869115,0.0 34.89952749066296,32.12180944736401,0.0 34.89981407489497,32.12177515174504,0.0 34.90010073542846,32.12174092698417,0.0 34.900387771334955,32.12170565530337,0.0 34.90067479754109,32.12166957450854,0.0 34.900961330386295,32.12163345250448,0.0 34.90124733205616,32.121597782202706,0.0 34.9015324507646,32.12156210387777,0.0 34.901816002015416,32.1215259244108,0.0 34.902096441629276,32.12148944222486,0.0 34.90237318290891,32.12145272559357,0.0 34.90264705838596,32.12141613952822,0.0 34.902918581123785,32.121380062995144,0.0 34.903187963484775,32.12134423226813,0.0 34.90345494171816,32.1213085269099,0.0 34.90372019232957,32.121272768967984,0.0 34.90398400194268,32.12123660793731,0.0 34.90424675534952,32.12120018423303,0.0 34.90450994909113,32.12116430724504,0.0 34.90477463488524,32.121128919326594,0.0 34.90504058074355,32.12109377128483,0.0 34.905305366049056,32.12105941967487,0.0 34.90556889009278,32.121025883471084,0.0 34.90583148910982,32.120992789297915,0.0 34.90609353907478,32.12095960349852,0.0 34.90635580517418,32.12092630580026,0.0 34.90661856221061,32.12089294894633,0.0 34.906882474515214,32.12085961645704,0.0 34.90714754066476,32.12082588300802,0.0 34.907414439513644,32.12079201000954,0.0 34.907683045160255,32.12075760741442,0.0 34.90795340079417,32.12072239505175,0.0 34.90822531730947,32.12068705095083,0.0 34.90849813888897,32.12065139907919,0.0 34.908770697990235,32.12061598635118,0.0 34.909043146570255,32.12058110836894,0.0 34.909316297940045,32.1205453824516,0.0 34.909590286424034,32.12050856490073,0.0 34.90986533613097,32.120469964557735,0.0 34.910141439526306,32.120429000440545,0.0 34.91041777613976,32.120385171978754,0.0 34.91069385972127,32.12033901435486,0.0 34.910969587530055,32.1202900356582,0.0 34.91124480353452,32.12023786336301,0.0 34.91151878600452,32.12018186537539,0.0 34.911792579598405,32.120122498896684,0.0 34.9120651772304,32.12005962033644,0.0 34.91233668587208,32.11999339505229,0.0 34.91260692244496,32.11992392121646,0.0 34.912876050502184,32.119851522625126,0.0 34.913144310982304,32.11977613392449,0.0 34.913411582560975,32.119698373801796,0.0 34.91367839354708,32.11961890992708,0.0 34.913945323135515,32.11953789189988,0.0 34.9142119250456,32.11945555497741,0.0 34.914479048741676,32.119372183425746,0.0 34.91474540509611,32.11928879518338,0.0 34.915010242356466,32.119205664915626,0.0 34.91527370526184,32.11912282648891,0.0 34.91553624164702,32.119040862943294,0.0 34.915797354385006,32.118959348814855,0.0 34.9160578963537,32.118878122167324,0.0 34.91631808028382,32.118797713187426,0.0 34.916578092953785,32.1187176803496,0.0 34.916837575396265,32.11863787250808,0.0 34.91709628363161,32.11855855756878,0.0 34.91735431875419,32.11847932320969,0.0 34.91761241642985,32.11840023321103,0.0 34.91787028059806,32.1183213431276,0.0 34.91812793381887,32.11824240083651,0.0 34.918385739258085,32.11816334840032,0.0 34.918643966472594,32.118085062064885,0.0 34.918902735652566,32.11800710973315,0.0 34.91916154467698,32.11792929761206,0.0 34.91942071597428,32.11785187598946,0.0 34.919680250731474,32.11777504104419,0.0 34.919939852643054,32.11769894045877,0.0 34.92019978272827,32.11762379458346,0.0 34.920459983847195,32.1175489852891,0.0 34.92072085104916,32.11747543022945,0.0 34.92098278072095,32.11740386218485,0.0 34.92124645388949,32.11733446476742,0.0 34.92151146707736,32.11726663806092,0.0 34.921777962561606,32.1172004169936,0.0 34.92204561193232,32.11713526423218,0.0 34.92231386932451,32.11707186823215,0.0 34.92258415089125,32.117010762976705,0.0 34.92285597282565,32.11695189693501,0.0 34.92312909008676,32.11689502537783,0.0 34.92340379210372,32.11684060455818,0.0 34.92368040267968,32.116789782440705,0.0 34.92395863133575,32.11674293309211,0.0 34.924238914442626,32.11670065371012,0.0 34.92452102566771,32.11666240759341,0.0 34.92480481783399,32.116627956122386,0.0 34.925090368131976,32.116597044095144,0.0 34.9253772511201,32.1165688909105,0.0 34.92566565157888,32.11654336810667,0.0 34.92595531714531,32.11651954444236,0.0 34.926245788975,32.11649712297821,0.0 34.92653671417283,32.11647574291154,0.0 34.9268282539226,32.11645458258994,0.0 34.92712048984247,32.11643391133796,0.0 34.92741276558701,32.11641388519703,0.0 34.927704291446915,32.11639414527966,0.0 34.9279946531515,32.116374866406574,0.0 34.928283741959824,32.11635604109148,0.0 34.9285716180887,32.116337762927834,0.0 34.92885816339325,32.11632005970082,0.0 34.92914302599259,32.11630242488466,0.0 34.929424512738095,32.116284934552404,0.0 34.929703278989244,32.11626733354586,0.0 34.92997990211337,32.116250525269464,0.0 34.930255069152025,32.11623506100484,0.0 34.93052906991588,32.116220964882764,0.0 34.93080201236154,32.116208164462854,0.0 34.93107341245504,32.1161967869791,0.0 34.9313436778672,32.116186191368065,0.0 34.93161239922525,32.116176026821265,0.0 34.93187962895413,32.11616607332413,0.0 34.93214642290423,32.11615605323272,0.0 34.932412115350886,32.11614669144664,0.0 34.93267731455174,32.11613747242535,0.0 34.9329402401537,32.11612796587355,0.0 34.93320086701394,32.11611805585745,0.0 34.93345951447737,32.116108013469145,0.0 34.93371699194915,32.116097770909946,0.0 34.93397397121547,32.11608716162968,0.0 34.93423131178881,32.116076388260204,0.0 34.93448946087484,32.116065337540114,0.0 34.934748195546256,32.11605461120202,0.0 34.93500779435605,32.11604367135175,0.0 34.93526794730762,32.116033043941705,0.0 34.93552908553198,32.116022743621514,0.0 34.935790636674525,32.116012105692555,0.0 34.936052961956214,32.116001824710814,0.0 34.93631629349369,32.11599167366928,0.0 34.93658054404745,32.11598210824758,0.0 34.93684571298273,32.11597237139061,0.0 34.93711175481021,32.11596285161054,0.0 34.93737855528294,32.115953508273115,0.0 34.93764628316429,32.11594438376333,0.0 34.93791466089343,32.11593522535158,0.0 34.93818338233445,32.11592589811338,0.0 34.93845070667856,32.11591601991092,0.0 34.93871669617791,32.115905523465635,0.0 34.93898256244118,32.11589365276594,0.0 34.939248145149406,32.11588002263782,0.0 34.93951301661515,32.11586468065445,0.0 34.939777598617766,32.11584727431291,0.0 34.940042383597046,32.11582736623702,0.0 34.94030669986089,32.11580446160893,0.0 34.940568256137595,32.11577889268986,0.0 34.94082683900028,32.11575056878593,0.0 34.9410834903732,32.11571912653294,0.0 34.941339997291905,32.11568509769262,0.0 34.941597492914255,32.11564899644086,0.0 34.94185608835451,32.11561065773331,0.0 34.94211549549525,32.11556963692594,0.0 34.942374454949125,32.11552559148763,0.0 34.942633254257856,32.115479009851164,0.0 34.94289148642529,32.11542809174908,0.0 34.94314853472297,32.115372765985924,0.0 34.94340384547558,32.115313543425586,0.0 34.943657852070885,32.11525100854126,0.0 34.94391027647059,32.115184741417615,0.0 34.94416056454709,32.115115628771996,0.0 34.94440829836599,32.115044016095105,0.0 34.94465324494213,32.11497053826249,0.0 34.944895157688464,32.11489650962619,0.0 34.94513353695013,32.114822277103805,0.0 34.945368639416415,32.114749142997596,0.0 34.94560105766471,32.114676788050595,0.0 34.94583055779863,32.11460622197366,0.0 34.94605687005307,32.114537443271004,0.0 34.9462798740859,32.11446958184846,0.0 34.9464990002876,32.114402984240776,0.0 34.94671560245538,32.114336795723716,0.0 34.94692965556391,32.11427074818778,0.0 34.94714160511681,32.11420498365018,0.0 34.94735209144435,32.11413992994876,0.0 34.94756099204655,32.11407488625252,0.0 34.947768388616474,32.11401021006676,0.0 34.94797475951945,32.1139461172885,0.0 34.948180084673936,32.113882990619,0.0 34.94838472764226,32.11382076266993,0.0 34.9485890753384,32.1137585737897,0.0 34.9487931129773,32.113695967665876,0.0 34.94899780233053,32.11363264277987,0.0 34.94920368324738,32.11356909498419,0.0 34.94941136135588,32.11350505130662,0.0 34.94962053123766,32.11344065021532,0.0 34.94983147877926,32.113375844184525,0.0 34.95004441263316,32.11330988261388,0.0 34.9502589672837,32.11324312720829,0.0 34.95047515062035,32.113175765411576,0.0 34.95069327908083,32.11310816366123,0.0 34.95091317387833,32.11304042730565,0.0 34.95113505122686,32.112971741717196,0.0 34.95135896086642,32.11290249841514,0.0 34.951583903500605,32.11283309571247,0.0 34.95180951451003,32.112762613115095,0.0 34.952034870399395,32.11269145492837,0.0 34.95225988700245,32.11261971811748,0.0 34.95248493514091,32.11254798674868,0.0 34.95270978566772,32.11247532731282,0.0 34.95293336181541,32.11240270644694,0.0 34.953155201899385,32.11233105927787,0.0 34.95337621618319,32.11225878548212,0.0 34.95359671781393,32.11218457749281,0.0 34.953817259527554,32.11210771962839,0.0 34.95403776745896,32.11202700065476,0.0 34.95425901617724,32.11194212189871,0.0 34.954480913616685,32.11185283835982,0.0 34.9547030954119,32.1117583723798,0.0 34.95492550275283,32.11165859764472,0.0 34.955147930623575,32.11155372814217,0.0 34.955369198298364,32.11144347879453,0.0 34.955589407588974,32.1113281863547,0.0 34.95580877688541,32.111207830946064,0.0 34.956027479086075,32.111083222038275,0.0 34.95624554582512,32.110955166542674,0.0 34.95646297767751,32.11082385714939,0.0 34.95668033338573,32.11069052862477,0.0 34.95689765153101,32.110555933569465,0.0 34.95711523042784,32.11041980179051,0.0 34.957332905077884,32.11028199462312,0.0 34.957551266469515,32.1101433744208,0.0 34.95777017860386,32.11000338638219,0.0 34.95798972682974,32.10986303490385,0.0 34.958210040977505,32.10972206246561,0.0 34.95843043235003,32.10958125368032,0.0 34.958651051183494,32.109440577843934,0.0 34.95887250241324,32.109299395690606,0.0 34.959094052368044,32.10915800159613,0.0 34.959315867988664,32.10901617365629,0.0 34.95953819268608,32.108873704889675,0.0 34.95976067280506,32.108730687372734,0.0 34.95998335190697,32.108587692598526,0.0 34.960205964612975,32.108445223217146,0.0 34.96042919974826,32.10830225928277,0.0 34.960653037745615,32.108160010524216,0.0 34.9608755237019,32.10801840530258,0.0 34.96109594225455,32.10787830085858,0.0 34.96131699066219,32.10773852630521,0.0 34.96153820609634,32.10759946079124,0.0 34.96175789548087,32.10746104784337,0.0 34.961976592657855,32.1073234668725,0.0 34.962194345050754,32.10718610589097,0.0 34.96241100266454,32.107048414683504,0.0 34.962627023354315,32.10691065806423,0.0 34.96284299342858,32.10677250250148,0.0 34.96305871493907,32.1066336640458,0.0 34.963274831370086,32.106494466765675,0.0 34.96349183037505,32.10635526875076,0.0 34.96370896022433,32.10621615124643,0.0 34.96392687897047,32.106076858366855,0.0 34.964145215896956,32.10593682963928,0.0 34.96436381750634,32.10579698427418,0.0 34.96458252674342,32.105656498287225,0.0 34.96480145861522,32.10551598600154,0.0 34.965021039256776,32.10537519337089,0.0 34.96524148512541,32.1052339349812,0.0 34.96546314781311,32.105092683360645,0.0 34.965686283927106,32.10495107647221,0.0 34.9659105809616,32.10481081322058,0.0 34.966135873872624,32.10467287238978,0.0 34.966362537490255,32.104537373995576,0.0 34.96659006643148,32.10440433358909,0.0 34.96681822692375,32.10427347885617,0.0 34.967047510232355,32.10414583125559,0.0 34.967277117735094,32.104022167810925,0.0 34.9675087358747,32.103901380659465,0.0 34.96774182146514,32.10378367432031,0.0 34.96797665795857,32.10366934664637,0.0 34.9682118898274,32.10355916434136,0.0 34.96844781099021,32.103453133159,0.0 34.96868508171942,32.10335038379352,0.0 34.968924075848264,32.103250466394236,0.0 34.969165570508196,32.1031537640518,0.0 34.96940911079278,32.10306070945104,0.0 34.9696531039624,32.102971875032715,0.0 34.9698969864122,32.102886922151754,0.0 34.97014149946519,32.10280611694695,0.0 34.970386333179285,32.10272887470765,0.0 34.970632522074176,32.10265509737647,0.0 34.970879943179945,32.102584042498904,0.0 34.97112897952113,32.10251618128495,0.0 34.97138009074995,32.10245201973801,0.0 34.97163422919742,32.10239122925799,0.0 34.97189179274456,32.10233353849993,0.0 34.97215317984485,32.10227855581242,0.0 34.97241817701551,32.10222704445776,0.0 34.97268706519999,32.102179273331565,0.0 34.97295874819069,32.10213545669604,0.0 34.973233218385545,32.10209601208013,0.0 34.97351030814249,32.10206113615226,0.0 34.973789935632446,32.10203074281687,0.0 34.97407177547936,32.10200521049281,0.0 34.97435573429286,32.1019832619685,0.0 34.97463973575137,32.10196484308669,0.0 34.9749234126284,32.10194912186284,0.0 34.97520760904904,32.10193564866929,0.0 34.9754922206762,32.1019235505331,0.0 34.97577754957877,32.10191261806771,0.0 34.97606419443857,32.10190221667505,0.0 34.976351588119215,32.10189289628347,0.0 34.97663961387157,32.10188413972365,0.0 34.97692873580463,32.101876154881204,0.0 34.97721874332783,32.10186802186054,0.0 34.97750983394605,32.10185990676582,0.0 34.977800765005085,32.101852336061455,0.0 34.97809147605096,32.10184471241666,0.0 34.978381234063384,32.101837486886154,0.0 34.97867017493996,32.101830529403884,0.0 34.978957258706025,32.10182352891696,0.0 34.97924275743875,32.10181654206939,0.0 34.97952556845952,32.10180955617122,0.0 34.979805814521555,32.10180262049459,0.0 34.98008329254628,32.1017956719432,0.0 34.98035811997168,32.101788457346856,0.0 34.98063022942062,32.10178106208706,0.0 34.98090017506717,32.10177375559874,0.0 34.98116826681718,32.10176641484245,0.0 34.98143399692912,32.10175940928418,0.0 34.98169812948708,32.10175272941496,0.0 34.98196073136931,32.101746246724446,0.0 34.98222246824317,32.10174061034974,0.0 34.98248337568149,32.10173516390602,0.0 34.98274383084995,32.10172967147552,0.0 34.98300410902058,32.10172413647663,0.0 34.98326457769529,32.10171893962298,0.0 34.98352492875982,32.101713935531265,0.0 34.98378525702375,32.101708774953835,0.0 34.98404619450868,32.10170306341373,0.0 34.984307621655816,32.10169735048865,0.0 34.98456921256792,32.1016915690137,0.0 34.98483014405246,32.10168760158592,0.0 34.98508998640641,32.101687871313686,0.0 34.98535095197426,32.101696479036214,0.0 34.98561153962027,32.101712207791245,0.0 34.98587308965834,32.10173477273529,0.0 34.986133901259144,32.10176451529474,0.0 34.98639351203338,32.10180302193077,0.0 34.9866509676524,32.1018502753327,0.0 34.986906129928215,32.10190589815554,0.0 34.98715941580457,32.10196907468398,0.0 34.98741065681191,32.10203947522687,0.0 34.98766039637909,32.10211756156732,0.0 34.98790741468963,32.102204062461375,0.0 34.98815137979087,32.10229979345114,0.0 34.98839310752106,32.10240399897388,0.0 34.98863222075233,32.102516357219606,0.0 34.98886984905252,32.10263618755957,0.0 34.98910749222026,32.102761673978236,0.0 34.989345943199815,32.10289173420857,0.0 34.98958491621674,32.10302594307557,0.0 34.98982498615337,32.10316351749454,0.0 34.99006600525594,32.103303273581886,0.0 34.990308095320074,32.10344487859475,0.0 34.99055041770123,32.10358763491986,0.0 34.99079344094473,32.10373112796319,0.0 34.99103680460932,32.10387545136495,0.0 34.99128027264483,32.104020299751795,0.0 34.99152333507622,32.10416579694936,0.0 34.99176585383676,32.10431171364615,0.0 34.99200757507081,32.104457337665565,0.0 34.99224858816219,32.104601329756115,0.0 34.99248957520384,32.104743018650446,0.0 34.99273120061337,32.104881405634046,0.0 34.99297370617125,32.10501599143413,0.0 34.993217025198874,32.105146267576224,0.0 34.99346129814062,32.10527131363577,0.0 34.993707455978,32.105391245802245,0.0 34.993955615356626,32.10550528437593,0.0 34.99420604151374,32.10561383286019,0.0 34.99445892803108,32.10571729831456,0.0 34.99471446121912,32.105815680657045,0.0 34.99497303370379,32.10590851155706,0.0 34.99523502659538,32.105995530253296,0.0 34.995500236266274,32.10607625376149,0.0 34.99576867619385,32.10614997387292,0.0 34.99603957726408,32.10621676354688,0.0 34.99631248620636,32.10627735592543,0.0 34.996586919115416,32.106332105983576,0.0 34.996862666899325,32.10638172756059,0.0 34.99713975255518,32.10642718290278,0.0 34.99741804428133,32.10646962455998,0.0 34.997697396354546,32.106509664080754,0.0 34.997977193625424,32.10654763523493,0.0 34.99825732482625,32.10658412832282,0.0 34.99853689828034,32.10661900234079,0.0 34.998815835033675,32.10665273971667,0.0 34.99909409096994,32.10668590867239,0.0 34.99937171493799,32.10671814046817,0.0 34.999648729082054,32.10674977383306,0.0 34.999924892915544,32.10678078132753,0.0 35.0002005036942,32.10681053057094,0.0 35.00047537763656,32.10683965415686,0.0 35.000749110454656,32.10686906404012,0.0 35.00102223105787,32.10689843523253,0.0 35.00129427897795,32.10692825096003,0.0 35.00156546746266,32.106958165998535,0.0 35.00183596565736,32.106987824828494,0.0 35.00210567638415,32.10701841331191,0.0 35.00237485740842,32.10704927056022,0.0 35.002643269111296,32.10708015736857,0.0 35.00291139849115,32.10711106575115,0.0 35.00317976307444,32.1071415621322,0.0 35.003448384868975,32.10717144263425,0.0 35.00371723941356,32.10720072055231,0.0 35.00398619178768,32.107229153443875,0.0 35.00425574686929,32.10725633923361,0.0 35.00452348152624,32.1072823356724,0.0 35.00478882944574,32.10730704983127,0.0 35.00505155741204,32.10733035985533,0.0 35.005312256154085,32.10735318539276,0.0 35.005570784981074,32.107376413768016,0.0 35.00582724382786,32.107400336883664,0.0 35.006082651178005,32.10742445637164,0.0 35.00633693089158,32.10744907938901,0.0 35.00659082886175,32.10747448414372,0.0 35.00684426361214,32.107500824155444,0.0 35.00709749536254,32.10752800885243,0.0 35.00735155601962,32.10755644040219,0.0 35.00760649630792,32.10758561536338,0.0 35.007862096600014,32.107615296877945,0.0 35.00811802100065,32.10764542464161,0.0 35.00837472676492,32.10767544584748,0.0 35.0086321468859,32.1077060331551,0.0 35.00889070973498,32.10773705614158,0.0 35.00915057937042,32.1077685546967,0.0 35.00941156484951,32.10780037782961,0.0 35.009673684404994,32.107832527905686,0.0 35.009937266526194,32.107864822044526,0.0 35.010202366352246,32.10789736991259,0.0 35.01046893857665,32.10792950861969,0.0 35.01073673851036,32.10796164587504,0.0 35.011005862227414,32.107993939661945,0.0 35.01127588456047,32.10802677994239,0.0 35.011546796878214,32.10806094211147,0.0 35.01181788146978,32.10809637072719,0.0 35.01208980320569,32.108130728997764,0.0 35.012362493517315,32.1081622934198,0.0 35.01263633911282,32.108189612493106,0.0 35.01291138359076,32.10821259490904,0.0 35.01318686181046,32.10823030952669,0.0 35.013462318898625,32.1082426801075,0.0 35.01373781459531,32.10824952493635,0.0 35.01401350956911,32.108250432228154,0.0 35.01428905281225,32.10824528605089,0.0 35.01456435023761,32.10823433948754,0.0 35.01483939171012,32.10821835358241,0.0 35.015113363866746,32.10819704629469,0.0 35.01538608281644,32.1081710312525,0.0 35.01565852649055,32.1081408688736,0.0 35.01593075124606,32.108107517493025,0.0 35.01620303235017,32.10807200523573,0.0 35.01647556620232,32.10803492037858,0.0 35.016748721273586,32.10799637258695,0.0 35.017022775495526,32.10795673907127,0.0 35.01729708972789,32.1079163986961,0.0 35.01757196744334,32.107876114254566,0.0 35.017847544580036,32.10783552843798,0.0 35.018122920773635,32.107794911774036,0.0 35.0183985735549,32.10775392139326,0.0 35.01867477039981,32.10771262673936,0.0 35.01895048631851,32.10767146571928,0.0 35.0192263555278,32.1076301230696,0.0 35.01950176028202,32.107588589324834,0.0 35.019777037678956,32.10754760050625,0.0 35.020051699822965,32.10750711295853,0.0 35.020326372194006,32.10746660403633,0.0 35.02060098449013,32.107425615745946,0.0 35.02087633189136,32.107383165448596,0.0 35.02115244093466,32.10733814874756,0.0 35.021429074339466,32.10728958400423,0.0 35.0217060093994,32.1072366827341,0.0 35.021982971008505,32.10717871637812,0.0 35.0222598844553,32.107114743465104,0.0 35.02253652411315,32.10704405885771,0.0 35.02281231557293,32.106966084879396,0.0 35.02308656494689,32.10688035939309,0.0 35.02335864873768,32.10678559055897,0.0 35.02362753555638,32.10668324442866,0.0 35.023892801340246,32.10657362554822,0.0 35.02415342968097,32.10645862665463,0.0 35.02440939017062,32.10633968768404,0.0 35.02466243464194,32.106217909093566,0.0 35.02491295014368,32.106093891427825,0.0 35.025162349314456,32.10596900502951,0.0 35.02541113185257,32.105843038834365,0.0 35.025658689897355,32.10571683387385,0.0 35.02590602514122,32.105589779261386,0.0 35.02615358049651,32.10546226212684,0.0 35.026401553147174,32.10533418679586,0.0 35.02665063632429,32.10520480805057,0.0 35.0269004714784,32.10507501382627,0.0 35.027151490325345,32.104944114903766,0.0 35.027403206486824,32.10481220260437,0.0 35.02765522896182,32.10468008650797,0.0 35.02790815939357,32.10454739392426,0.0 35.028162238773106,32.10441424007143,0.0 35.028417201731074,32.10428015972314,0.0 35.02867374610481,32.10414518255032,0.0 35.02893137262336,32.104009775965864,0.0 35.02918977543078,32.10387356969681,0.0 35.02944948773738,32.10373672575168,0.0 35.029709854099394,32.10359955598333,0.0 35.02997055823898,32.10346228349304,0.0 35.03023178806484,32.103325161161955,0.0 35.03049228491389,32.10318832852777,0.0 35.030752201778334,32.10305267988944,0.0 35.03101084435255,32.1029185077372,0.0 35.03126659826142,32.10278592198337,0.0 35.031520072796894,32.102654336461434,0.0 35.03177184322243,32.10252346294212,0.0 35.03202122175001,32.10239371242237,0.0 35.03226708954514,32.10226533983971,0.0 35.032510332017544,32.10213814853742,0.0 35.03275052826099,32.10201262985391,0.0 35.03298900102214,32.101888939772294,0.0 35.033227066902505,32.10176666983388,0.0 35.03346561027127,32.10164715637271,0.0 35.03370548820215,32.10153028057122,0.0 35.03394756036046,32.10141628440122,0.0 35.03419071616261,32.10130563263094,0.0 35.03443439720189,32.10119837630198,0.0 35.0346783039911,32.101095097481746,0.0 35.03492250161539,32.100996792819174,0.0 35.03516725820433,32.100904612957024,0.0 35.03541313866411,32.100818465645844,0.0 35.035659326077244,32.10073867978705,0.0 35.03590600317198,32.1006653693544,0.0 35.03615423535033,32.10059848695544,0.0 35.03640379160614,32.10053825014687,0.0 35.03665508417687,32.100485569645876,0.0 35.03690835990022,32.10044088500358,0.0 35.03716322259589,32.100403792104466,0.0 35.037418829293934,32.10037386993442,0.0 35.037674731354294,32.10035122095586,0.0 35.03793197013128,32.1003362936664,0.0 35.03818931099752,32.10032801058696,0.0 35.0384474242765,32.10032653987808,0.0 35.03870515124678,32.10033240950498,0.0 35.03896324914957,32.1003444604068,0.0 35.03922018594722,32.10036247701467,0.0 35.0394758880956,32.10038742314526,0.0 35.03972959951282,32.10041917375513,0.0 35.039980642304315,32.100457732136775,0.0 35.04022964286123,32.100503469906705,0.0 35.04047640997634,32.10055647818276,0.0 35.04072128137422,32.10061521153468,0.0 35.04096428291346,32.10067870863612,0.0 35.041205451477225,32.10074687121787,0.0 35.04144609272387,32.10081924033489,0.0 35.04168628607493,32.10089519736495,0.0 35.041926638813365,32.10097384505271,0.0 35.0421671258901,32.10105431691956,0.0 35.042407900122164,32.10113647585787,0.0 35.04264924864364,32.10121995164428,0.0 35.042891205416026,32.101304636167285,0.0 35.0431337862207,32.10138996424119,0.0 35.04337732676306,32.10147528473076,0.0 35.04362228367797,32.10156111298175,0.0 35.04386897672973,32.1016476360067,0.0 35.044117342124515,32.10173479668363,0.0 35.04436807623237,32.10182212107245,0.0 35.0446216467712,32.10190904264337,0.0 35.044879322638366,32.1019944635224,0.0 35.045140859253785,32.10207709615185,0.0 35.045406289734586,32.10215547401112,0.0 35.04567591741251,32.10222876990986,0.0 35.04594937833388,32.1022948312327,0.0 35.04622652843967,32.10235319454717,0.0 35.04650639358681,32.10240273816694,0.0 35.04678905526125,32.10244300364449,0.0 35.047073721942944,32.10247440831954,0.0 35.04736015814376,32.102496770503706,0.0 35.04764686372612,32.102510245759476,0.0 35.04793330214677,32.102515510448605,0.0 35.04821969866961,32.10251094648847,0.0 35.04850542074131,32.102497430621334,0.0 35.04879023632949,32.10247423844321,0.0 35.04907447587578,32.10244234962454,0.0 35.04935704778029,32.10240274032271,0.0 35.04963810089237,32.10235784747728,0.0 35.04991764479153,32.102308981402686,0.0 35.050195600919814,32.10225695434046,0.0 35.05047262335358,32.10220353878217,0.0 35.050749248000216,32.102148686593914,0.0 35.05102527614735,32.10209261028867,0.0 35.051301521820534,32.102036059311374,0.0 35.05157647641542,32.1019789998039,0.0 35.051850551761284,32.101921528625404,0.0 35.05212390434584,32.10186421625693,0.0 35.05239738680766,32.10180705581579,0.0 35.05267114866635,32.10174925882569,0.0 35.0529465147508,32.10169087118139,0.0 35.053222966119996,32.10163178679817,0.0 35.053501726954906,32.10157283327409,0.0 35.0537826596202,32.10151390321508,0.0 35.05406578973649,32.101454720125695,0.0 35.05435115401324,32.101395338855845,0.0 35.0546395266748,32.10133564634889,0.0 35.05493017153158,32.101275420510426,0.0 35.055222303637,32.10121455778008,0.0 35.05551580486562,32.10115311315046,0.0 35.05581134093912,32.101091522986685,0.0 35.056108690821574,32.10102916472299,0.0 35.056406126285246,32.100966574556395,0.0 35.056703214472925,32.10090436895715,0.0 35.05699972951852,32.1008428222507,0.0 35.05729682133531,32.10078270648239,0.0 35.05759419452427,32.10072454460132,0.0 35.05789198469331,32.10066740351839,0.0 35.058189804533875,32.10061026903167,0.0 35.05848792519142,32.100551973184835,0.0 35.058787260473764,32.10049294679422,0.0 35.05908762632578,32.1004332926661,0.0 35.059389000981064,32.100372387929426,0.0 35.059690612116164,32.10030971044661,0.0 35.05999243636802,32.10024641002395,0.0 35.060295325687726,32.10018267296294,0.0 35.06059871317917,32.100118405601755,0.0 35.060901878919694,32.10005327392833,0.0 35.06120490983232,32.09998714673109,0.0 35.06150675721418,32.09991964908467,0.0 35.06180640803283,32.09985121426088,0.0 35.06210396491967,32.09978331564957,0.0 35.06239919209997,32.09971692953788,0.0 35.06269135917214,32.0996521020776,0.0 35.06298067598673,32.099588479728425,0.0 35.06326674638421,32.099526245716305,0.0 35.063549632433094,32.09946454769739,0.0 35.06382911828269,32.09940339395829,0.0 35.06410570377583,32.09934279504957,0.0 35.06437957811816,32.09928230841113,0.0 35.06465111803822,32.09922142193386,0.0 35.06491980603081,32.09915985191021,0.0 35.06518698889509,32.099098030647674,0.0 35.065452262782195,32.099035445184136,0.0 35.065716548648474,32.09897188323112,0.0 35.06598004137224,32.098907297913684,0.0 35.06624309030398,32.09884175407771,0.0 35.066505248008816,32.09877538460004,0.0 35.066765521543864,32.09870751651481,0.0 35.067023352812264,32.09863897792488,0.0 35.067278870300306,32.09856993196085,0.0 35.06753211375167,32.098500551713826,0.0 35.06778188296226,32.098431602882954,0.0 35.06802748207472,32.09836347321008,0.0 35.06826922719833,32.098296261079426,0.0 35.068505818158286,32.098230281436706,0.0 35.06873839974072,32.09816496718227,0.0 35.0689688475621,32.098100458242186,0.0 35.06919802623785,32.098037338519205,0.0 35.06942786355199,32.09797638987681,0.0 35.06965843371506,32.09791702128149,0.0 35.06989073193332,32.09785762619158,0.0 35.070124219320256,32.09779729773626,0.0 35.07035884927338,32.097735635192464,0.0 35.0705953982488,32.097672364105385,0.0 35.07083277598006,32.09760795955642,0.0 35.07107204181563,32.097542462103725,0.0 35.07131306389111,32.097475946374466,0.0 35.07155620523163,32.09740857489729,0.0 35.071801203984215,32.09734010608444,0.0 35.07204852191462,32.09727058424217,0.0 35.07229813583142,32.09719919071505,0.0 35.07254970462104,32.09712635460612,0.0 35.072803051365526,32.09705199736703,0.0 35.073058037937194,32.0969765839718,0.0 35.073314401430686,32.09690077346366,0.0 35.073570193950786,32.09682533500785,0.0 35.07382412441376,32.09675075793319,0.0 35.0740764167045,32.0966779667013,0.0 35.074327770033804,32.09660635728538,0.0 35.07457811838309,32.09653537177252,0.0 35.074827989902346,32.09646485962184,0.0 35.07507717571491,32.09639463892037,0.0 35.0753261132145,32.09632464894171,0.0 35.075574387705835,32.096254750810395,0.0 35.075822669088495,32.09618524390075,0.0 35.0760711491127,32.09611541467034,0.0 35.076319994741766,32.0960454717664,0.0 35.07656915673392,32.0959753738569,0.0 35.07681902239507,32.09590501423164,0.0 35.07707018507768,32.09583459867285,0.0 35.077322861711394,32.09576444846837,0.0 35.07757669732416,32.09569406418375,0.0 35.07783132928195,32.09562336047128,0.0 35.07808687563987,32.09555243713418,0.0 35.07834344507272,32.09548127245855,0.0 35.07860101783886,32.095409494890944,0.0 35.07885977764452,32.09533649105753,0.0 35.07911990359259,32.09526326312957,0.0 35.079381215720566,32.09518957897835,0.0 35.079643407082386,32.09511634530844,0.0 35.07990613658769,32.095042954138336,0.0 35.08016913278076,32.09496936246823,0.0 35.08043261178088,32.09489600718573,0.0 35.080696776347374,32.09482231563507,0.0 35.08096108556456,32.09474800944769,0.0 35.081226513439944,32.09467373645009,0.0 35.08149278027408,32.09459924903786,0.0 35.0817598485264,32.09452423592296,0.0 35.08202787990751,32.09444908677042,0.0 35.08229672678726,32.09437373477177,0.0 35.082566177858844,32.0942982887584,0.0 35.082836367067905,32.094222490464944,0.0 35.08310717604889,32.09414669621305,0.0 35.08337888762692,32.0940713146478,0.0 35.083651266965,32.093995959620514,0.0 35.083923989580285,32.0939207680451,0.0 35.08419700325775,32.09384569576403,0.0 35.084469860151636,32.09377090866375,0.0 35.084742454032096,32.09369670791959,0.0 35.085014306636204,32.093622174183814,0.0 35.085285330057744,32.09354770359321,0.0 35.08555587437844,32.09347310348718,0.0 35.08582565479084,32.09339849440458,0.0 35.08609506677885,32.09332430201523,0.0 35.08636451154906,32.093251714999276,0.0 35.086635155424666,32.09318086698317,0.0 35.0869069311083,32.09311185549334,0.0 35.08717969943133,32.09304527401086,0.0 35.087454344892556,32.09298074971818,0.0 35.08773046843392,32.09291860035778,0.0 35.088009507805126,32.09285854453522,0.0 35.088291580299945,32.09280110629832,0.0 35.08857595655326,32.09274715890388,0.0 35.0888627841356,32.09269652472174,0.0 35.08915069389646,32.09264968196108,0.0 35.089440469600824,32.092605646869266,0.0 35.08973289489708,32.092563832036056,0.0 35.09002738905963,32.092524983923255,0.0 35.09032229003351,32.09248995350841,0.0 35.09061780760098,32.09245917276285,0.0 35.09091388775053,32.0924319753906,0.0 35.091210396507535,32.09240896022713,0.0 35.09150785745073,32.092389695326304,0.0 35.09180604936193,32.09237417611456,0.0 35.09210580135919,32.092361917475344,0.0 35.092406854069296,32.0923531506878,0.0 35.092709612533994,32.09234770685432,0.0 35.093012647873316,32.09234566082058,0.0 35.093316376071655,32.09234699967318,0.0 35.0936212042925,32.092350772943234,0.0 35.093927465722444,32.09235659311395,0.0 35.09423524144191,32.09236415484558,0.0 35.094544919316995,32.09237266795979,0.0 35.09485665185387,32.09238197899455,0.0 35.095169753397386,32.09239196243873,0.0 35.09548329127646,32.0924026302487,0.0 35.09579683243007,32.09241400015595,0.0 35.09611063262199,32.092425936515774,0.0 35.09642432019698,32.092438443888625,0.0 35.09673855594369,32.0924512554467,0.0 35.097052430830125,32.092464293515064,0.0 35.09736639354801,32.09247764548648,0.0 35.09768109575966,32.092490920381046,0.0 35.09799667988411,32.09250396792262,0.0 35.098312146727146,32.092517178222074,0.0 35.098627361376735,32.09253075044995,0.0 35.0989423784567,32.092544019501005,0.0 35.09925678757353,32.09255619377524,0.0 35.09957036574834,32.092567762645366,0.0 35.09988317537155,32.09257889416767,0.0 35.10019519894198,32.09258993612717,0.0 35.10050614002247,32.09260083167294,0.0 35.10081623702315,32.092611516799685,0.0 35.10112537577957,32.092622255473174,0.0 35.10143324783931,32.09263351500599,0.0 35.101738777088244,32.09264554190867,0.0 35.102042380326296,32.092658169394895,0.0 35.10234288489834,32.092671271234124,0.0 35.10264066866269,32.09268541718049,0.0 35.1029361739932,32.09270068086765,0.0 35.10322903935798,32.09271700797417,0.0 35.103519622254474,32.09273521885118,0.0 35.10380864736816,32.09275674971111,0.0 35.10409607627819,32.09278143306171,0.0 35.104383402823316,32.09280974100349,0.0 35.10467048806173,32.092841554327904,0.0 35.104957577288076,32.09287793419522,0.0 35.10524409309174,32.092918943675336,0.0 35.10553051007127,32.092964624296805,0.0 35.10581666131267,32.09301469568935,0.0 35.106101528976694,32.09306917835662,0.0 35.10638505459542,32.09312860506252,0.0 35.10666773130623,32.093192072394224,0.0 35.10694887892096,32.093259339743646,0.0 35.10722844226364,32.093329754228485,0.0 35.107505980332725,32.09340421714333,0.0 35.10778174309662,32.09348249927955,0.0 35.10805499896471,32.093564028116326,0.0 35.10832588487804,32.0936491602507,0.0 35.10859375785261,32.09373836756517,0.0 35.108858851016684,32.09383196744464,0.0 35.10912146059037,32.09393033561381,0.0 35.10938156863271,32.09403305289209,0.0 35.10963937367196,32.09414010601233,0.0 35.10989466939966,32.09425156633848,0.0 35.110147638435514,32.09436686459576,0.0 35.11039848160245,32.094485157555205,0.0 35.11064788578226,32.09460641963242,0.0 35.11089589302576,32.094729569540384,0.0 35.11114328145571,32.09485352994185,0.0 35.111389749977654,32.09497873025187,0.0 35.11163543454537,32.095104646392095,0.0 35.11188049742032,32.095230972411464,0.0 35.112125012002004,32.09535768763065,0.0 35.11236873018613,32.09548460585804,0.0 35.112612065239,32.095611681254915,0.0 35.11285521972319,32.09573885335055,0.0 35.113098755717246,32.095866478742465,0.0 35.11334168764362,32.09599454753496,0.0 35.113583976077784,32.096122435649,0.0 35.113826551300555,32.096250299958484,0.0 35.1140688180348,32.096377448990815,0.0 35.114310972185706,32.096504683834034,0.0 35.11455331882717,32.096631603087104,0.0 35.1147957204072,32.09675779672227,0.0 35.115038045016114,32.09688387500925,0.0 35.11527982716696,32.0970099276439,0.0 35.11552212743667,32.09713638480111,0.0 35.11576406742523,32.09726326777209,0.0 35.11600587504034,32.09739042099717,0.0 35.11624839200953,32.09751740675465,0.0 35.11649050366268,32.09764446389888,0.0 35.11673220693334,32.097771262464654,0.0 35.11697269361746,32.09789744456121,0.0 35.1172117205528,32.098022969611776,0.0 35.117449056237675,32.09814803313182,0.0 35.11768456773283,32.09827252116869,0.0 35.117918603771145,32.09839667023961,0.0 35.11815053636284,32.098520337782944,0.0 35.11838062759006,32.098643978073824,0.0 35.11861012234102,32.098767931667325,0.0 35.118839298825186,32.09889180774576,0.0 35.11906759915202,32.099015276047226,0.0 35.11929620106499,32.0991383161597,0.0 35.119525527380326,32.0992611608288,0.0 35.11975529234416,32.09938310191477,0.0 35.119986512108966,32.099505018393295,0.0 35.12022045961453,32.09962461157923,0.0 35.12045667710616,32.099743738335256,0.0 35.120693898455514,32.09986332163114,0.0 35.120930848383594,32.09998416566613,0.0 35.12116685278436,32.100105623666686,0.0 35.12140284699103,32.100227516258386,0.0 35.12163888778884,32.100349982682125,0.0 35.12187480950238,32.10047198540334,0.0 35.122111018019105,32.10059442864454,0.0 35.12234884967486,32.10071857569581,0.0 35.12258706450512,32.10084524500167,0.0 35.12282480705812,32.10097477274778,0.0 35.1230618041908,32.10110735927111,0.0 35.12329719466863,32.10124288063015,0.0 35.123530669609835,32.101381313906,0.0 35.123762206196105,32.10152163378826,0.0 35.12399230557305,32.10166303792926,0.0 35.12422006826708,32.101805044300406,0.0 35.12444584188358,32.10194775585911,0.0 35.124669384833794,32.10209068492273,0.0 35.12489129074087,32.102232975770136,0.0 35.125110961760754,32.10237477380378,0.0 35.125328173183064,32.10251566284274,0.0 35.125542788019935,32.102655469715444,0.0 35.12575585895812,32.102794144577956,0.0 35.12596632623749,32.102931551994715,0.0 35.126175370528614,32.103068255001645,0.0 35.126383758981916,32.10320425929268,0.0 35.12659131307037,32.1033389026382,0.0 35.126798672442355,32.10347411060691,0.0 35.12700753315202,32.10361031600081,0.0 35.127216701648045,32.10374746998686,0.0 35.12742683320701,32.103885631479244,0.0 35.12763923005491,32.1040240555205,0.0 35.12785427078264,32.10416229296271,0.0 35.12807197505402,32.10429954322472,0.0 35.12829238423618,32.1044354651479,0.0 35.12851644254919,32.10456931445338,0.0 35.128743690962295,32.10470052992342,0.0 35.12897382147037,32.10482893158953,0.0 35.129206510220506,32.104954230511694,0.0 35.129442304303694,32.10507651748328,0.0 35.129680454847,32.10519657468323,0.0 35.12992014963653,32.1053145137144,0.0 35.1301613632111,32.10543094283408,0.0 35.130403950915095,32.10554640052975,0.0 35.13064754602152,32.105661572482354,0.0 35.13089225459304,32.10577744991569,0.0 35.131137937913884,32.105893788208505,0.0 35.13138467034472,32.106009665895925,0.0 35.13163217746718,32.106125036314424,0.0 35.13188026350132,32.10624002750065,0.0 35.132129118751024,32.10635484996903,0.0 35.132378823574555,32.10646909453679,0.0 35.13262882876941,32.10658321449921,0.0 35.132879665542504,32.10669726603221,0.0 35.13313002861295,32.10681117757034,0.0 35.13338003244666,32.10692494190807,0.0 35.133629440901,32.10703843221616,0.0 35.133878104141765,32.107151781059265,0.0 35.13412578674049,32.10726455388166,0.0 35.134372019699335,32.10737631195526,0.0 35.13461644271273,32.10748705025932,0.0 35.134858833337326,32.10759682816596,0.0 35.13509959204966,32.10770586010646,0.0 35.13533827270808,32.10781426656136,0.0 35.13557468477696,32.107921977871484,0.0 35.13580709527343,32.10802793461333,0.0 35.13603443300263,32.108131692263306,0.0 35.13625817646664,32.10823356575832,0.0 35.13647980097013,32.108333028515716,0.0 35.136700968593495,32.108429290978115,0.0 35.13691991167226,32.108521074485814,0.0 35.13713556071505,32.108608175238736,0.0 35.137348584998584,32.10869004826555,0.0 35.13755994126106,32.108766939694625,0.0 35.137769310183536,32.108839402877315,0.0 35.13797502238253,32.10890749047059,0.0 35.13817632773963,32.10897201535362,0.0 35.13837244915281,32.10903285488726,0.0 35.138563103123005,32.10908932071782,0.0 35.13874781708657,32.1091417614467,0.0 35.138926525307284,32.10919052605315,0.0 35.13909680243331,32.10923492819336,0.0 35.13925571666496,32.1092750252664,0.0 35.13940159201463,32.10930986859186,0.0 35.13953335836167,32.10933909897388,0.0 35.13964968987015,32.10936360692211,0.0 35.13975109123832,32.10938351106227,0.0 35.13983670160628,32.10939989755058,0.0 35.139906680636415,32.10941237492669,0.0 35.139961086323474,32.10942164355586,0.0 35.140001955647925,32.10942848925416,0.0 35.14003164879239,32.10943369716689,0.0 35.14005346423274,32.10943757017131,0.0 35.14006936358335,32.10944044638816,0.0 35.14008334500029,32.10944274369172,0.0 35.140099771848675,32.10944528036173,0.0 35.14012123886236,32.10944844199221,0.0 35.14015233685125,32.10945303681117,0.0 35.140192809804006,32.10945910087857,0.0 35.140243290346184,32.10946701171562,0.0 35.140304105117515,32.10947649103361,0.0 35.14037506476664,32.10948654776962,0.0 35.140456053609654,32.10949733661023,0.0 35.14054625779363,32.109508794850946,0.0 35.140645258934576,32.10952034091745,0.0 35.14075285523743,32.10953140176543,0.0 35.1408681114677,32.109542419159325,0.0 35.14099178138082,32.109552873531314,0.0 35.14112342002514,32.10956230463118,0.0 35.14126299532469,32.10957152020947,0.0 35.141410425335174,32.10957939880854,0.0 35.14156568627089,32.10958618005134,0.0 35.14172909396464,32.10959169212471,0.0 35.14190035212044,32.1095958096319,0.0 35.142078794228134,32.109597864719596,0.0 35.142263686196245,32.10959752304774,0.0 35.14245437518496,32.109595143949186,0.0 35.14265006053576,32.1095907465402,0.0 35.14285054511689,32.10958409712947,0.0 35.14305526180824,32.10957531332547,0.0 35.14326395879444,32.109565453526386,0.0 35.14347723124003,32.109554029468555,0.0 35.14369428431137,32.10954080636608,0.0 35.14391551046645,32.1095260901379,0.0 35.14414103854715,32.10951027965861,0.0 35.14437083201242,32.109493621018295,0.0 35.144604512989936,32.10947661350914,0.0 35.144841229358676,32.10945910373703,0.0 35.14508015208363,32.109441502050245,0.0 35.14532091023414,32.10942351359525,0.0 35.14556346272155,32.10940509877657,0.0 35.145807712018495,32.10938667445344,0.0 35.14605394715354,32.10936832424041,0.0 35.14630164965059,32.10935014068126,0.0 35.14655121555091,32.109331768073766,0.0 35.14680173621021,32.1093131134072,0.0 35.14705342196519,32.10929391968891,0.0 35.1473072052792,32.10927543118233,0.0 35.14756255550445,32.10925821831014,0.0 35.14782004890813,32.10924218409497,0.0 35.1480791380155,32.10922760445897,0.0 35.148339643883084,32.109214811357724,0.0 35.14860216983449,32.10920343021024,0.0 35.1488658774623,32.109193984591755,0.0 35.14913121747449,32.109185834539396,0.0 35.14939788845299,32.10917925590981,0.0 35.14966562088105,32.109174535584735,0.0 35.14993506454302,32.10917152273474,0.0 35.150205788656656,32.10917011178051,0.0 35.15047819923477,32.109170752470234,0.0 35.15075166506697,32.10917440791695,0.0 35.15102590106981,32.10917974586592,0.0 35.15130144210649,32.10918634779954,0.0 35.15157719268443,32.109193971301785,0.0 35.15185101599192,32.10920276813688,0.0 35.152123176044654,32.10921140373327,0.0 35.152393275691765,32.109219601965734,0.0 35.15266212821303,32.10922754852991,0.0 35.1529300209986,32.10923498722809,0.0 35.153197078248944,32.109242127305095,0.0 35.153463957939024,32.10924879728949,0.0 35.15373071254045,32.109255637476515,0.0 35.15399758296647,32.109262066075054,0.0 35.154264645988825,32.1092687255855,0.0 35.15453251145914,32.109276008388534,0.0 35.15480153892437,32.109283854160275,0.0 35.15507207184449,32.109291683063894,0.0 35.15534363597244,32.1092997382944,0.0 35.155616610101156,32.10930821085398,0.0 35.15589066283879,32.10931726265741,0.0 35.156165381222166,32.10932650308298,0.0 35.15644125180826,32.10933561101704,0.0 35.15671784175206,32.10934392434944,0.0 35.15699483964693,32.10935185586131,0.0 35.15727275213903,32.10936012556053,0.0 35.15755048115217,32.10936815580249,0.0 35.157828269866286,32.10937650206186,0.0 35.158105458280474,32.10938514200102,0.0 35.15838224008772,32.109393523507165,0.0 35.158658495502635,32.10940193702516,0.0 35.158935127673374,32.10941033338338,0.0 35.15921192675453,32.109418244444264,0.0 35.15948687101126,32.10942631461071,0.0 35.15975962405165,32.109434410847285,0.0 35.16003040413032,32.109442391032886,0.0 35.16029817284649,32.109450448613124,0.0 35.16056203725171,32.10945817995806,0.0 35.160821237570616,32.10946538053296,0.0 35.161074805046354,32.10947249090047,0.0 35.16132348247608,32.109479589461934,0.0 35.1615678254935,32.109486999091665,0.0 35.16180695187982,32.10949412245584,0.0 35.16204072204471,32.109501622229345,0.0 35.162269191700176,32.109509041017176,0.0 35.16249235197864,32.109516256614796,0.0 35.16270995326755,32.109523085277324,0.0 35.16292248877929,32.109529964730335,0.0 35.16313017890111,32.10953701633058,0.0 35.1633331709735,32.10954424760265,0.0 35.16353034332122,32.1095509931504,0.0 35.16371955353112,32.10955710053125,0.0 35.16389939106481,32.10956213880108,0.0 35.1640679529445,32.10956533867505,0.0 35.16422314338494,32.10956508058355,0.0 35.16436393257925,32.10955963767876,0.0 35.164487997520666,32.10954644837907,0.0 35.164593543719846,32.10952514699967,0.0 35.16468191801597,32.10949538560089,0.0 35.164751050626066,32.109456950764546,0.0 35.16480284390535,32.109410546726004,0.0 35.16484296374932,32.10935803374551,0.0 35.16487699521495,32.10930093611878,0.0 35.16491153147674,32.10924118581742,0.0 35.16495033541554,32.109181777795335,0.0 35.16499658109389,32.10912453769277,0.0 35.16504985650387,32.10907091951219,0.0 35.16510802838443,32.109022056489934,0.0 35.16516867528837,32.10897639383423,0.0 35.16522693664886,32.108929284759206,0.0 35.165278071821454,32.10888005290699,0.0 35.16532041741507,32.10882695291821,0.0 35.165352935015584,32.10877011126286,0.0 35.165376154487525,32.10871033615825,0.0 35.16539208348649,32.10864531780009,0.0 35.16540017012105,32.10857229426982,0.0 35.16540087159398,32.10849059607679,0.0 35.16539357604511,32.10840077920143,0.0 35.16537820612562,32.108302929737754,0.0 35.165354084023626,32.10819816863276,0.0 35.16532145797195,32.10808711588812,0.0 35.16528137364164,32.10796967018794,0.0 35.16523571986011,32.10784616282179,0.0 35.165185596014865,32.10771759651927,0.0 35.16513359202069,32.107585243428815,0.0 35.16508099025929,32.10744924856701,0.0 35.16502842949718,32.10731050572893,0.0 35.16497828503801,32.10716962221934,0.0 35.1649309937326,32.10702716734873,0.0 35.16488661776537,32.10688371421597,0.0 35.16484454063855,32.10673938842445,0.0 35.16480359649109,32.106594646355944,0.0 35.16476315055152,32.106449857118655,0.0 35.16472195608282,32.10630526759091,0.0 35.164679521903835,32.10616183240313,0.0 35.164634706076036,32.10601994661196,0.0 35.16458733704541,32.105879155617444,0.0 35.16453749222148,32.105739420301866,0.0 35.164486398778024,32.10560063106855,0.0 35.16443418241499,32.1054627979811,0.0 35.164381551730415,32.10532549163183,0.0 35.16432891582765,32.10518847516449,0.0 35.16427664082732,32.1050524807343,0.0 35.16422509750015,32.104916944064954,0.0 35.16417334074791,32.10478162892442,0.0 35.16412169838492,32.10464662855384,0.0 35.16406971176087,32.104511439174026,0.0 35.16401805471589,32.10437635949019,0.0 35.163968709409765,32.104242620596274,0.0 35.163923397168325,32.10411067974339,0.0 35.16388297806142,32.10398225745532,0.0 35.16384665248037,32.10385788452648,0.0 35.16381747944201,32.10373894342926,0.0 35.16379482339231,32.1036271320509,0.0 35.16377801785896,32.10352460361235,0.0 35.16376554532507,32.10343173193602,0.0 35.16375609562322,32.10334910053351,0.0 35.16374484930201,32.10327582501951,0.0 35.16373215665122,32.103209584962386,0.0 35.16372136661629,32.10314722346338,0.0 35.16371378874816,32.103086058260836,0.0 35.163710716509705,32.103026504594816,0.0 35.1637149174812,32.102968653903325,0.0 35.16372676811364,32.102913536478994,0.0 35.163742279191894,32.10285968899354,0.0 35.16375961083172,32.10280424240452,0.0 35.16377799203568,32.10274571061058,0.0 35.16379799475218,32.102683279146106,0.0 35.1638204236381,32.10261594834411,0.0 35.16384582994645,32.10254257886692,0.0 35.163875088779186,32.10246275791815,0.0 35.16391031117538,32.10237703521298,0.0 35.1639522814264,32.102285703895156,0.0 35.164001972674136,32.102189365137704,0.0 35.16406028877211,32.10208879990089,0.0 35.16412859630096,32.10198470873923,0.0 35.16420816730989,32.101878733101564,0.0 35.16429903417798,32.10177255727031,0.0 35.164400446089125,32.10166570402179,0.0 35.16451138229147,32.10155866704413,0.0 35.16463021528533,32.10145176612912,0.0 35.16475621651572,32.10134469436237,0.0 35.16488964670954,32.10123833088219,0.0 35.165030705161904,32.10113295711394,0.0 35.16517797492368,32.10102954839937,0.0 35.16533141241613,32.10092876705695,0.0 35.165490107825896,32.100831164014764,0.0 35.16565399147501,32.1007373304736,0.0 35.16582425522802,32.1006468334178,0.0 35.16600039116317,32.10056033387854,0.0 35.16618224019931,32.10047805315432,0.0 35.166369357541974,32.10040002668557,0.0 35.16656222452672,32.10032726640844,0.0 35.16676061161747,32.10025972742523,0.0 35.166964085635115,32.10019774167853,0.0 35.16717291576505,32.10014175855432,0.0 35.16738606925979,32.10009152519832,0.0 35.16760349027856,32.10004818983706,0.0 35.16782494895695,32.1000115413899,0.0 35.16805000737364,32.09998212370449,0.0 35.168277026651644,32.09995888836896,0.0 35.16850563014063,32.099942321930165,0.0 35.168735128705144,32.09993300462149,0.0 35.16896547864953,32.09993148149297,0.0 35.16919619331983,32.09993783066114,0.0 35.16942752538614,32.09995188400867,0.0 35.169659145961376,32.09997328920341,0.0 35.1698906619208,32.10000206825934,0.0 35.17012170079532,32.1000383182901,0.0 35.17035053189712,32.100082366821866,0.0 35.17057762109422,32.10013364242895,0.0 35.17080238086116,32.10019224135667,0.0 35.17102408522431,32.10025921091404,0.0 35.17124327145335,32.10033360448369,0.0 35.17145871073396,32.10041361453714,0.0 35.17167018161416,32.10049791285575,0.0 35.171877639536305,32.10058436837569,0.0 35.17208028203506,32.10067166889385,0.0 35.172277316316325,32.10075809576695,0.0 35.17246812774342,32.10084253873716,0.0 35.17265059275907,32.10092355262262,0.0 35.17282350369606,32.10100046538762,0.0 35.17298558741946,32.10107299817345,0.0 35.17313494667991,32.1011396777226,0.0 35.17327025081296,32.101198123032205,0.0 35.1733949141773,32.10124393080084,0.0 35.173509573648744,32.101275899970084,0.0 35.173614590487254,32.10130141172977,0.0 35.1737089631246,32.10132825308315,0.0 35.17379248287441,32.10136075654511,0.0 35.173865528735476,32.101401701453426,0.0 35.17393465844963,32.1014484020646,0.0 35.174006373635955,32.101496881039054,0.0 35.17408352836727,32.101545041506235,0.0 35.17416693143409,32.10159254176553,0.0 35.174257798989046,32.10164016352507,0.0 35.17435619465713,32.10168861238779,0.0 35.174461093255005,32.101738682495025,0.0 35.1745718951449,32.10179022402412,0.0 35.17468835629687,32.101843785008064,0.0 35.17480990688066,32.10189924762592,0.0 35.17493626608731,32.101957277821604,0.0 35.175067674727885,32.10201753765369,0.0 35.17520379526005,32.10207915461584,0.0 35.175344462377495,32.10214125327675,0.0 35.17548896108877,32.10220251031256,0.0 35.175635526843216,32.10226088378134,0.0 35.17578353367723,32.1023165943738,0.0 35.17593310106842,32.102368407352586,0.0 35.1760830734982,32.10241605641941,0.0 35.17623321096737,32.10246028826226,0.0 35.176382127113655,32.10250113004731,0.0 35.17652831032019,32.10253743542732,0.0 35.176671035561455,32.10256858837545,0.0 35.17681066069502,32.10259511635329,0.0 35.176947744072805,32.102616949562474,0.0 35.17708158556404,32.102635000618235,0.0 35.17721267376061,32.102649192657545,0.0 35.17734213970607,32.10266040162134,0.0 35.17747063778661,32.102669059689916,0.0 35.17759863659671,32.10267592354251,0.0 35.17772693740271,32.10268092407748,0.0 35.177854409511916,32.1026847402832,0.0 35.177977985398726,32.102687367926116,0.0 35.17809720927965,32.102687871877464,0.0 35.17821163593884,32.10268609194134,0.0 35.17831903133437,32.10267968691361,0.0 35.178416954496,32.10266652483625,0.0 35.17850577163863,32.10264567107224,0.0 35.178587316947976,32.1026185822192,0.0 35.17866539201721,32.10258887884469,0.0 35.17874240670461,32.10256311165732,0.0 35.178816666333354,32.102546881124894,0.0 35.17888451615601,32.102540249386514,0.0 35.17894622447536,32.102541888499935,0.0 35.17900689945098,32.10254921284009,0.0 35.17906951730661,32.10255739960708,0.0 35.179134827397945,32.102562888386935,0.0 35.17920418710622,32.10256431434699,0.0 35.17927856909729,32.1025625724661,0.0 35.17935720641132,32.102558333949425,0.0 35.17943563553017,32.10255268301555,0.0 35.179513183277294,32.10254678018818,0.0 35.17958983561495,32.10254119330688,0.0 35.17966700962308,32.10253553984503,0.0 35.179745181225854,32.10252969370647,0.0 35.17982514803391,32.10252371594922,0.0 35.179905794696914,32.102517678151706,0.0 35.179989035761054,32.10251190271122,0.0 35.18007860089463,32.10250688607844,0.0 35.180175690292884,32.102502355717675,0.0 35.18028129247594,32.102498117223085,0.0 35.180393589440676,32.102494496979524,0.0 35.18051213233651,32.10249209790784,0.0 35.180636053260194,32.102491697741335,0.0 35.18076563730906,32.10249472860371,0.0 35.180900304604,32.10250106504461,0.0 35.18103677277063,32.10251208785627,0.0 35.18117426262304,32.1025278142285,0.0 35.18131447929201,32.10254942738414,0.0 35.181458253017155,32.10257631403704,0.0 35.181605775504146,32.10260853988092,0.0 35.18175723619683,32.102645563020886,0.0 35.18191357932565,32.10268638911203,0.0 35.18207351288578,32.10273120646643,0.0 35.182236341558706,32.10277989587407,0.0 35.18240157588096,32.10283185703347,0.0 35.18256920982373,32.102886507735,0.0 35.18274030610397,32.102941802119304,0.0 35.18291525311515,32.10299610294535,0.0 35.183093037574004,32.10304858899901,0.0 35.183272420153045,32.10309924626072,0.0 35.183452401782134,32.103147515180765,0.0 35.18363291517885,32.1031947028672,0.0 35.18381403280783,32.10324058362259,0.0 35.18399656399435,32.103284934189226,0.0 35.18418014937007,32.103327708691545,0.0 35.18436527858704,32.10336815773359,0.0 35.18455209739239,32.103406153115515,0.0 35.184741117393095,32.10344145268552,0.0 35.18493215816207,32.10347322683313,0.0 35.185126150630175,32.103501491431565,0.0 35.18532249098951,32.10352630759444,0.0 35.185521121275926,32.103547981076154,0.0 35.185722021697664,32.103566460370836,0.0 35.1859230886018,32.10358129815033,0.0 35.186122201311846,32.10359252814324,0.0 35.18631485385473,32.103600863864514,0.0 35.186494475176026,32.10360628125358,0.0 35.18665711141932,32.103609028403596,0.0 35.18680352399595,32.103605202522395,0.0 35.186933314065286,32.1035904738248,0.0 35.187050522040586,32.103571804096745,0.0 35.18715865061259,32.103558326697616,0.0 35.1872596438443,32.10355628430829,0.0 35.187357099858126,32.10356435721303,0.0 35.187455607856506,32.10357574234872,0.0 35.187560408333816,32.10358393465158,0.0 35.18767303420711,32.103586743920054,0.0 35.187794181021665,32.10358455279467,0.0 35.18792308668267,32.10357862661343,0.0 35.18806057277665,32.103568763224516,0.0 35.18820800437602,32.10355432880751,0.0 35.188363860815045,32.103536459196775,0.0 35.188528090357096,32.10351599688176,0.0 35.188699858281694,32.103493079472194,0.0 35.18887969903459,32.10346737965435,0.0 35.18906681849295,32.10343961309227,0.0 35.18925974555567,32.10340973478088,0.0 35.18945679419467,32.10337860789161,0.0 35.18965582434691,32.10334661926415,0.0 35.18985687252491,32.10331355144209,0.0 35.19005954663502,32.10327969597655,0.0 35.190262578942516,32.10324386984721,0.0 35.190466327441115,32.103206006594874,0.0 35.190669436975625,32.10316623331624,0.0 35.190872444877044,32.10312457523299,0.0 35.19107561273758,32.1030819287607,0.0 35.19127907294481,32.103038268249584,0.0 35.19148306170171,32.102994101783906,0.0 35.19168769736831,32.10294835034749,0.0 35.19189213879261,32.102900037317724,0.0 35.1920959566718,32.10284932341774,0.0 35.19229915736673,32.10279552448691,0.0 35.19250176353026,32.1027387535489,0.0 35.1927029992372,32.102677233518094,0.0 35.19290115902468,32.1026110812171,0.0 35.19309622738199,32.10254069709041,0.0 35.193287472572166,32.10246605821772,0.0 35.193475247554424,32.10238752158686,0.0 35.19365926061622,32.102306297792545,0.0 35.19384048303771,32.10222282912464,0.0 35.19401894831114,32.10213825785952,0.0 35.19419460883896,32.10205390396167,0.0 35.19436525512489,32.10197060472607,0.0 35.194531746511146,32.101889227895676,0.0 35.194693066732995,32.10181196018549,0.0 35.19484819041193,32.10174090184749,0.0 35.194994406046675,32.101676851813146,0.0 35.19512891969362,32.10161969977669,0.0 35.19524883221312,32.10156583969358,0.0 35.19535181156111,32.10151237406099,0.0 35.195443103227,32.10146071819566,0.0 35.19552906155922,32.101415727768114,0.0 35.1956144503124,32.101381383411855,0.0 35.1957026832468,32.101357713203875,0.0 35.19579552695499,32.101338996816494,0.0 35.195893739466364,32.10132051448904,0.0 35.1959972886855,32.1013010818405,0.0 35.19610733086988,32.10128261256411,0.0 35.19622478645111,32.10126626471902,0.0 35.196349876940126,32.10125341931732,0.0 35.19648270997406,32.10124514731854,0.0 35.19662384138719,32.10124180260853,0.0 35.19677147958118,32.101244413413866,0.0 35.19692427644568,32.10125363112206,0.0 35.197081698331075,32.101269845594764,0.0 35.197242216597836,32.101293841159084,0.0 35.197405634108996,32.10132604166536,0.0 35.197570537251174,32.10136498243235,0.0 35.1977356016382,32.10140977007308,0.0 35.19790090527907,32.10145954993746,0.0 35.198066523118584,32.10151266266561,0.0 35.19823269446148,32.10156852304593,0.0 35.198399733543546,32.10162628072063,0.0 35.198567117773024,32.101685405113436,0.0 35.198734236106795,32.101746121340625,0.0 35.19890266875042,32.10180704930891,0.0 35.19907059728878,32.1018679877318,0.0 35.19923818492467,32.10192904184741,0.0 35.19940529862482,32.101990049825126,0.0 35.19957174223847,32.1020514203585,0.0 35.19973896652784,32.1021130960243,0.0 35.199906602997416,32.10217583187336,0.0 35.200076224267875,32.10223979175094,0.0 35.2002490456457,32.10230424874902,0.0 35.200424738411826,32.10236865883049,0.0 35.20060275197305,32.10243210713384,0.0 35.200782571917244,32.102493304593786,0.0 35.20096468280119,32.10255155353463,0.0 35.20114940225482,32.10260643481417,0.0 35.20133561581991,32.10265788116206,0.0 35.20152265419935,32.10270544725235,0.0 35.20170874566882,32.102749114243686,0.0 35.201892984370204,32.102789516759756,0.0 35.20207275503867,32.10282664070073,0.0 35.20224439292405,32.10285988143225,0.0 35.20240328270907,32.10288969368382,0.0 35.20254568221699,32.10291482892309,0.0 35.202673786091644,32.10293311068488,0.0 35.202789984035796,32.10294023091708,0.0 35.20289671356012,32.10293898434867,0.0 35.20299719449978,32.10293679130645,0.0 35.20309163359216,32.102940760448774,0.0 35.20318313092859,32.10295425643136,0.0 35.203277028872286,32.102971963433575,0.0 35.20337738860757,32.102987201117365,0.0 35.20348646725585,32.10299865093628,0.0 35.20360543488718,32.103006858929575,0.0 35.20373551018081,32.103011012420254,0.0 35.20387705127501,32.10301150435123,0.0 35.204029563117366,32.10300832433762,0.0 35.20419048712644,32.10300215369843,0.0 35.20435811352857,32.102992643200615,0.0 35.20453075320094,32.10297921377118,0.0 35.20470845208715,32.10296139775124,0.0 35.20488997848725,32.10294009203884,0.0 35.205073753559574,32.10291481207077,0.0 35.205258224264604,32.10288555989724,0.0 35.20544180236315,32.10285295837387,0.0 35.205623364709524,32.10281797538479,0.0 35.20580306414519,32.10278131283158,0.0 35.20598117881686,32.10274406382864,0.0 35.2061576280642,32.1027068956032,0.0 35.20633088967156,32.10267012853058,0.0 35.206498569417356,32.10263544627308,0.0 35.20665617780825,32.10260257827415,0.0 35.206800397691985,32.10257205649158,0.0 35.20692843434952,32.10254427817666,0.0 35.20704138188457,32.10251675065177,0.0 35.207141502168085,32.102488325539596,0.0 35.20723368338446,32.10246210898476,0.0 35.20732278539192,32.10244061563082,0.0 35.20741408863019,32.10242337994434,0.0 35.20750782690212,32.10240598279986,0.0 35.20760522895914,32.10238577976194,0.0 35.20770786248574,32.1023620970322,0.0 35.207816182748395,32.10233528032734,0.0 35.20792910370038,32.10230507767494,0.0 35.20804610285346,32.102271305174504,0.0 35.20816596138858,32.10223413478443,0.0 35.20828725394841,32.10219257986442,0.0 35.20840877364843,32.10214558712852,0.0 35.20852937850045,32.102093324384036,0.0 35.20864742456286,32.102035360283885,0.0 35.2087614733771,32.10197165917347,0.0 35.20887125404354,32.10190205094721,0.0 35.20897647429307,32.101826578050925,0.0 35.209077897879894,32.1017461179529,0.0 35.20917573102218,32.101662072007905,0.0 35.20926946234426,32.10157675073062,0.0 35.20935926343681,32.1014922906962,0.0 35.2094434494876,32.10141216937984,0.0 35.20951975975068,32.10133929400871,0.0 35.20958652172163,32.10127448965467,0.0 35.20964702183965,32.10121757053568,0.0 35.20970407743408,32.10117077843454,0.0 35.2097599248194,32.101135582906174,0.0 35.20981353961974,32.101111345506766,0.0 35.20986370592997,32.10109633954307,0.0 35.20991000460006,32.101088593387395,0.0 35.209953061754895,32.10108687968189,0.0 35.20999416734948,32.1010905142694,0.0 35.21003711299749,32.10109908337156,0.0 35.21008511174238,32.10111203284899,0.0 35.210138090705854,32.10113023250331,0.0 35.210195127695656,32.10115617222649,0.0 35.2102564501762,32.10119045354775,0.0 35.21031907684112,32.10123255193232,0.0 35.21038023295619,32.101282723921436,0.0 35.210437911409315,32.10134079203926,0.0 35.21049045371023,32.10140659073531,0.0 35.21053911234425,32.101479508399805,0.0 35.21058467535711,32.10155793698146,0.0 35.21062762784702,32.101641968085595,0.0 35.21066917935457,32.10173047988248,0.0 35.21070837559319,32.101822995809506,0.0 35.210745402593076,32.10191845663906,0.0 35.210780175499615,32.10201523380578,0.0 35.21081182191356,32.10211211619833,0.0 35.21084198793974,32.10220911591272,0.0 35.21087115456096,32.10230425612902,0.0 35.21090425646995,32.10239734580123,0.0 35.21094755175761,32.10248588613139,0.0 35.21100183016835,32.102568778306484,0.0 35.21106612369921,32.1026484442288,0.0 35.211138136440205,32.102726638000846,0.0 35.211217295873546,32.10280407701802,0.0 35.21130216656229,32.102881816174104,0.0 35.2113918179294,32.10295948621809,0.0 35.211484143473676,32.103037709169904,0.0 35.21157797949439,32.1031142194344,0.0 35.21167211646353,32.10318859269181,0.0 35.21176496470583,32.103261167629874,0.0 35.21185527845719,32.10333354221882,0.0 35.21194328766313,32.103406292886206,0.0 35.212030263285826,32.10347958368572,0.0 35.212115543510066,32.10355278241612,0.0 35.21219960887129,32.103626472273305,0.0 35.21228285961395,32.103700322461755,0.0 35.21236619120284,32.10377330809942,0.0 35.21244917656253,32.10384578882296,0.0 35.21253235948934,32.1039169374809,0.0 35.212615470484316,32.10398671770994,0.0 35.2126972592461,32.104053716168636,0.0 35.21277699785674,32.104117477671785,0.0 35.21285402897697,32.10417690456269,0.0 35.21292894447142,32.10422994399965,0.0 35.21300028521535,32.10427516526794,0.0 35.2130650411509,32.10431484258813,0.0 35.21311843541421,32.1043543819521,0.0 35.213155351698404,32.10439429790555,0.0 35.21317262322672,32.10443112526566,0.0 35.21317253590501,32.10446031332128,0.0 35.2131575415405,32.10447954034214,0.0 35.213129037842926,32.104491848566724,0.0 35.21308998554421,32.10450126840052,0.0 35.21304291022701,32.10451147083171,0.0 35.212988880724346,32.10452283427781,0.0 35.21292935250789,32.10453571597135,0.0 35.21286677464649,32.10455105202682,0.0 35.212801354163986,32.104566891638484,0.0 35.212733525819466,32.10458318431697,0.0 35.212664192257606,32.10459951499424,0.0 35.21259369708577,32.10461616607392,0.0 35.212522457679995,32.10463428020806,0.0 35.21245149007094,32.104655749466005,0.0 35.21238584929646,32.10468430962447,0.0 35.21233064306463,32.104721548058166,0.0 35.21229224223275,32.10476542645417,0.0 35.212266543470164,32.104814002399515,0.0 35.21224911565597,32.10486672723862,0.0 35.21223188896791,32.104921124838405,0.0 35.21220623161077,32.10497393817018,0.0 35.212169643919836,32.10502077744801,0.0 35.21212621795137,32.105062864873176,0.0 35.212080507173255,32.105101416649134,0.0 35.21203488935898,32.10513637036508,0.0 35.211991072896154,32.10516546518995,0.0 35.211950160557535,32.105184975369994,0.0 35.211912975205394,32.10519302817645,0.0 35.21188234168678,32.10518864853638,0.0 35.2118561387801,32.10517287180901,0.0 35.21183323706706,32.10514815562899,0.0 35.21181042136628,32.10511721221682,0.0 35.211785970959475,32.10508385362941,0.0 35.21176080925122,32.105050195687504,0.0 35.21173686190637,32.10501739988843,0.0 35.21171470588041,32.10498699833953,0.0 35.211694546135774,32.10495862338066,0.0 35.21167592891412,32.104931515893576,0.0 35.21165638430607,32.104904491476034,0.0 35.21163296149971,32.104878446217405,0.0 35.211606595649314,32.104853291193365,0.0 35.21158254391661,32.104825359420225,0.0 35.21157019491859,32.10479027258857,0.0 35.21156499128168,32.104748594890445,0.0 35.21156185982493,32.104699198207484,0.0 35.21155544096063,32.10464244337423,0.0 35.21154368260225,32.104580196670405,0.0 35.21152734735414,32.10451623358415,0.0 35.211507667188904,32.1044535122492,0.0 35.211481119697396,32.10439418713848,0.0 35.211443134915235,32.10434285192764,0.0 35.21139506018997,32.104298860970374,0.0 35.21132707712897,32.10426201320197,0.0 35.21124667581386,32.104230703033025,0.0 35.211150677835406,32.10419938210347,0.0 35.211048731371555,32.10416589207066,0.0 35.21094293872898,32.10412994992883,0.0 35.21083575279425,32.10409229467473,0.0 35.21072891876538,32.104050908181726,0.0 35.210624489314704,32.104005542240806,0.0 35.21052386801769,32.10395674962253,0.0 35.21042834491879,32.10390725260389,0.0 35.21034015829875,32.103859110063475,0.0 35.210257974537136,32.1038109610052,0.0 35.210180532132746,32.10376038028661,0.0 35.21010965697491,32.10370710630472,0.0 35.210044858123176,32.10365167755199,0.0 35.20998631758014,32.10359413133812,0.0 35.20993568105405,32.10353909205157,0.0 35.209895477922885,32.1034835185635,0.0 35.20986218263144,32.10342438085628,0.0 35.2098318893045,32.10336428527614,0.0 35.20980824452021,32.103302869239116,0.0 35.20979372060162,32.10323894057922,0.0 35.20978884772155,32.10317284490446,0.0 35.20979200015955,32.103105906074354,0.0 35.209799438417484,32.10303912632036,0.0 35.209806321524766,32.10297751458824,0.0 35.20981106145384,32.10292236726169,0.0 35.209815250283405,32.102874720550375,0.0 35.209819284539606,32.10283455177507,0.0 35.20982122483584,32.10280004334206,0.0 35.20982040315504,32.10277144010051,0.0 35.20981950178198,32.10274990231962,0.0 35.20981896549075,32.10273418310403,0.0 35.209818898269376,32.10272279157905,0.0 35.20981917789833,32.102714896287424,0.0 35.20981957109314,32.10270907992664,0.0 35.20981983555091,32.10270486190747,0.0 35.20982003306637,32.10270182393581,0.0 35.209820226750445,32.10269959318326,0.0 35.209820431146014,32.102697915553726,0.0 35.20982048576818,32.10269662360718,0.0 35.209820561654645,32.10269569419583,0.0 35.20982064405554,32.10269509691759,0.0 35.209820911315084,32.10269481858891,0.0 35.20982093077126,32.10269478204877,0.0 35.20982020204165,32.10269445820835,0.0 35.20981967018287,32.10269409127993,0.0 35.20981943960017,32.10269374693524,0.0 35.209819370368095,32.10269338755492,0.0 35.2098195809905,32.10269320631029,0.0 35.20981998235514,32.102693155076885,0.0 35.20982044638757,32.10269320323397,0.0</coordinates>
            </LineString>
        </Placemark>
    </Document>
</kml>
